2026-01-14 13:36:32,057 - INFO - Iniciando automação
2026-01-14 13:36:34,860 - INFO - 293 produtos encontrados
2026-01-14 13:36:35,612 - INFO - Produto cadastrado com sucesso: MOLO000251
2026-01-14 13:36:36,302 - INFO - Produto cadastrado com sucesso: MOLO000192
2026-01-14 13:36:37,145 - INFO - Produto cadastrado com sucesso: CAHA000251
2026-01-14 13:36:37,820 - INFO - Produto cadastrado com sucesso: CAHA000252
2026-01-14 13:36:38,508 - INFO - Produto cadastrado com sucesso: MOMU000111
2026-01-14 13:36:39,197 - INFO - Produto cadastrado com sucesso: BOHA000251
2026-01-14 13:36:39,884 - INFO - Produto cadastrado com sucesso: BOHA000252
2026-01-14 13:36:40,554 - INFO - Produto cadastrado com sucesso: CAHA000273
2026-01-14 13:36:41,249 - INFO - Produto cadastrado com sucesso: CAHA000274
2026-01-14 13:36:41,963 - INFO - Produto cadastrado com sucesso: CAHA000275
2026-01-14 13:36:42,686 - INFO - Produto cadastrado com sucesso: TELG000821
2026-01-14 13:36:44,385 - ERROR - Erro ao cadastrar produto TELG000252 - Message: element click intercepted: Element <button type="submit" id="pgtpy-botao">...</button> is not clickable at point (844, 455). Other element would receive the click: <td>...</td>
  (Session info: chrome=143.0.7499.192); For documentation on this error, please visit: https://www.selenium.dev/documentation/webdriver/troubleshooting/errors#elementclickinterceptedexception
Stacktrace:
#0 0x63a2cfef640a <unknown>
#1 0x63a2cf92a76b <unknown>
#2 0x63a2cf982c04 <unknown>
#3 0x63a2cf980ac8 <unknown>
#4 0x63a2cf97e1ea <unknown>
#5 0x63a2cf97d329 <unknown>
#6 0x63a2cf970abe <unknown>
#7 0x63a2cf96ffe7 <unknown>
#8 0x63a2cf9c7760 <unknown>
#9 0x63a2cf96e7b2 <unknown>
#10 0x63a2cf96f461 <unknown>
#11 0x63a2cfebedf9 <unknown>
#12 0x63a2cfec1d5d <unknown>
#13 0x63a2cfea7b41 <unknown>
#14 0x63a2cfec293b <unknown>
#15 0x63a2cfe8e870 <unknown>
#16 0x63a2cfee3828 <unknown>
#17 0x63a2cfee39fc <unknown>
#18 0x63a2cfef5763 <unknown>
#19 0x7900d6aa3d64 <unknown>
#20 0x7900d6b373bc <unknown>

2026-01-14 13:36:46,074 - ERROR - Erro ao cadastrar produto TELG000373 - Message: element click intercepted: Element <button type="submit" id="pgtpy-botao">...</button> is not clickable at point (844, 521). Other element would receive the click: <td>...</td>
  (Session info: chrome=143.0.7499.192); For documentation on this error, please visit: https://www.selenium.dev/documentation/webdriver/troubleshooting/errors#elementclickinterceptedexception
Stacktrace:
#0 0x63a2cfef640a <unknown>
#1 0x63a2cf92a76b <unknown>
#2 0x63a2cf982c04 <unknown>
#3 0x63a2cf980ac8 <unknown>
#4 0x63a2cf97e1ea <unknown>
#5 0x63a2cf97d329 <unknown>
#6 0x63a2cf970642 <unknown>
#7 0x63a2cf96ffe7 <unknown>
#8 0x63a2cf9c7760 <unknown>
#9 0x63a2cf96e7b2 <unknown>
#10 0x63a2cf96f461 <unknown>
#11 0x63a2cfebedf9 <unknown>
#12 0x63a2cfec1d5d <unknown>
#13 0x63a2cfea7b41 <unknown>
#14 0x63a2cfec293b <unknown>
#15 0x63a2cfe8e870 <unknown>
#16 0x63a2cfee3828 <unknown>
#17 0x63a2cfee39fc <unknown>
#18 0x63a2cfef5763 <unknown>
#19 0x7900d6aa3d64 <unknown>
#20 0x7900d6b373bc <unknown>

2026-01-14 13:36:46,775 - INFO - Produto cadastrado com sucesso: TELG000524
2026-01-14 13:36:47,466 - INFO - Produto cadastrado com sucesso: TESA000125
2026-01-14 13:36:48,165 - INFO - Produto cadastrado com sucesso: TESA000346
2026-01-14 13:36:48,855 - INFO - Produto cadastrado com sucesso: TESA000747
2026-01-14 13:36:49,544 - INFO - Produto cadastrado com sucesso: TESA000108
2026-01-14 13:36:50,217 - INFO - Produto cadastrado com sucesso: TESA000729
2026-01-14 13:36:50,895 - INFO - Produto cadastrado com sucesso: TESA0002010
2026-01-14 13:36:51,582 - INFO - Produto cadastrado com sucesso: TEAO0002511
2026-01-14 13:36:52,268 - INFO - Produto cadastrado com sucesso: TEAO0003612
2026-01-14 13:36:52,936 - INFO - Produto cadastrado com sucesso: TETO0006413
2026-01-14 13:36:53,604 - INFO - Produto cadastrado com sucesso: TETO0008014
2026-01-14 13:36:55,315 - ERROR - Erro ao cadastrar produto TETO0006015 - Message: element click intercepted: Element <button type="submit" id="pgtpy-botao">...</button> is not clickable at point (844, 412). Other element would receive the click: <td>...</td>
  (Session info: chrome=143.0.7499.192); For documentation on this error, please visit: https://www.selenium.dev/documentation/webdriver/troubleshooting/errors#elementclickinterceptedexception
Stacktrace:
#0 0x63a2cfef640a <unknown>
#1 0x63a2cf92a76b <unknown>
#2 0x63a2cf982c04 <unknown>
#3 0x63a2cf980ac8 <unknown>
#4 0x63a2cf97e1ea <unknown>
#5 0x63a2cf97d329 <unknown>
#6 0x63a2cf970abe <unknown>
#7 0x63a2cf96ffe7 <unknown>
#8 0x63a2cf9c7760 <unknown>
#9 0x63a2cf96e7b2 <unknown>
#10 0x63a2cf96f461 <unknown>
#11 0x63a2cfebedf9 <unknown>
#12 0x63a2cfec1d5d <unknown>
#13 0x63a2cfea7b41 <unknown>
#14 0x63a2cfec293b <unknown>
#15 0x63a2cfe8e870 <unknown>
#16 0x63a2cfee3828 <unknown>
#17 0x63a2cfee39fc <unknown>
#18 0x63a2cfef5763 <unknown>
#19 0x7900d6aa3d64 <unknown>
#20 0x7900d6b373bc <unknown>

2026-01-14 13:36:56,038 - INFO - Produto cadastrado com sucesso: TESE0005016
2026-01-14 13:36:56,723 - INFO - Produto cadastrado com sucesso: TESE0003817
2026-01-14 13:36:57,411 - INFO - Produto cadastrado com sucesso: TESE0005018
2026-01-14 13:36:59,265 - ERROR - Erro ao cadastrar produto TEPH0004019 - ('Connection aborted.', RemoteDisconnected('Remote end closed connection without response'))
2026-01-14 13:36:59,266 - WARNING - Retrying (Retry(total=2, connect=None, read=None, redirect=None, status=None)) after connection broken by 'NewConnectionError("HTTPConnection(host='localhost', port=58075): Failed to establish a new connection: [Errno 111] Connection refused")': /session/1c612b2bc9a1543242b07fe5d170ae84/element
2026-01-14 13:36:59,266 - WARNING - Retrying (Retry(total=1, connect=None, read=None, redirect=None, status=None)) after connection broken by 'NewConnectionError("HTTPConnection(host='localhost', port=58075): Failed to establish a new connection: [Errno 111] Connection refused")': /session/1c612b2bc9a1543242b07fe5d170ae84/element
2026-01-14 13:36:59,266 - WARNING - Retrying (Retry(total=0, connect=None, read=None, redirect=None, status=None)) after connection broken by 'NewConnectionError("HTTPConnection(host='localhost', port=58075): Failed to establish a new connection: [Errno 111] Connection refused")': /session/1c612b2bc9a1543242b07fe5d170ae84/element
2026-01-14 13:36:59,267 - ERROR - Erro ao cadastrar produto TEPH0002720 - HTTPConnectionPool(host='localhost', port=58075): Max retries exceeded with url: /session/1c612b2bc9a1543242b07fe5d170ae84/element (Caused by NewConnectionError("HTTPConnection(host='localhost', port=58075): Failed to establish a new connection: [Errno 111] Connection refused"))
2026-01-14 13:36:59,267 - WARNING - Retrying (Retry(total=2, connect=None, read=None, redirect=None, status=None)) after connection broken by 'NewConnectionError("HTTPConnection(host='localhost', port=58075): Failed to establish a new connection: [Errno 111] Connection refused")': /session/1c612b2bc9a1543242b07fe5d170ae84/element
2026-01-14 13:36:59,267 - WARNING - Retrying (Retry(total=1, connect=None, read=None, redirect=None, status=None)) after connection broken by 'NewConnectionError("HTTPConnection(host='localhost', port=58075): Failed to establish a new connection: [Errno 111] Connection refused")': /session/1c612b2bc9a1543242b07fe5d170ae84/element
2026-01-14 13:36:59,268 - WARNING - Retrying (Retry(total=0, connect=None, read=None, redirect=None, status=None)) after connection broken by 'NewConnectionError("HTTPConnection(host='localhost', port=58075): Failed to establish a new connection: [Errno 111] Connection refused")': /session/1c612b2bc9a1543242b07fe5d170ae84/element
2026-01-14 13:36:59,268 - ERROR - Erro ao cadastrar produto TETC0001521 - HTTPConnectionPool(host='localhost', port=58075): Max retries exceeded with url: /session/1c612b2bc9a1543242b07fe5d170ae84/element (Caused by NewConnectionError("HTTPConnection(host='localhost', port=58075): Failed to establish a new connection: [Errno 111] Connection refused"))
2026-01-14 13:36:59,268 - WARNING - Retrying (Retry(total=2, connect=None, read=None, redirect=None, status=None)) after connection broken by 'NewConnectionError("HTTPConnection(host='localhost', port=58075): Failed to establish a new connection: [Errno 111] Connection refused")': /session/1c612b2bc9a1543242b07fe5d170ae84/element
2026-01-14 13:36:59,269 - WARNING - Retrying (Retry(total=1, connect=None, read=None, redirect=None, status=None)) after connection broken by 'NewConnectionError("HTTPConnection(host='localhost', port=58075): Failed to establish a new connection: [Errno 111] Connection refused")': /session/1c612b2bc9a1543242b07fe5d170ae84/element
2026-01-14 13:36:59,269 - WARNING - Retrying (Retry(total=0, connect=None, read=None, redirect=None, status=None)) after connection broken by 'NewConnectionError("HTTPConnection(host='localhost', port=58075): Failed to establish a new connection: [Errno 111] Connection refused")': /session/1c612b2bc9a1543242b07fe5d170ae84/element
2026-01-14 13:36:59,269 - ERROR - Erro ao cadastrar produto TETC0002222 - HTTPConnectionPool(host='localhost', port=58075): Max retries exceeded with url: /session/1c612b2bc9a1543242b07fe5d170ae84/element (Caused by NewConnectionError("HTTPConnection(host='localhost', port=58075): Failed to establish a new connection: [Errno 111] Connection refused"))
2026-01-14 13:36:59,270 - WARNING - Retrying (Retry(total=2, connect=None, read=None, redirect=None, status=None)) after connection broken by 'NewConnectionError("HTTPConnection(host='localhost', port=58075): Failed to establish a new connection: [Errno 111] Connection refused")': /session/1c612b2bc9a1543242b07fe5d170ae84/element
2026-01-14 13:36:59,270 - WARNING - Retrying (Retry(total=1, connect=None, read=None, redirect=None, status=None)) after connection broken by 'NewConnectionError("HTTPConnection(host='localhost', port=58075): Failed to establish a new connection: [Errno 111] Connection refused")': /session/1c612b2bc9a1543242b07fe5d170ae84/element
2026-01-14 13:36:59,271 - WARNING - Retrying (Retry(total=0, connect=None, read=None, redirect=None, status=None)) after connection broken by 'NewConnectionError("HTTPConnection(host='localhost', port=58075): Failed to establish a new connection: [Errno 111] Connection refused")': /session/1c612b2bc9a1543242b07fe5d170ae84/element
2026-01-14 13:36:59,272 - ERROR - Erro ao cadastrar produto REGA000441 - HTTPConnectionPool(host='localhost', port=58075): Max retries exceeded with url: /session/1c612b2bc9a1543242b07fe5d170ae84/element (Caused by NewConnectionError("HTTPConnection(host='localhost', port=58075): Failed to establish a new connection: [Errno 111] Connection refused"))
2026-01-14 13:36:59,272 - WARNING - Retrying (Retry(total=2, connect=None, read=None, redirect=None, status=None)) after connection broken by 'NewConnectionError("HTTPConnection(host='localhost', port=58075): Failed to establish a new connection: [Errno 111] Connection refused")': /session/1c612b2bc9a1543242b07fe5d170ae84/element
2026-01-14 13:36:59,273 - WARNING - Retrying (Retry(total=1, connect=None, read=None, redirect=None, status=None)) after connection broken by 'NewConnectionError("HTTPConnection(host='localhost', port=58075): Failed to establish a new connection: [Errno 111] Connection refused")': /session/1c612b2bc9a1543242b07fe5d170ae84/element
2026-01-14 13:36:59,273 - WARNING - Retrying (Retry(total=0, connect=None, read=None, redirect=None, status=None)) after connection broken by 'NewConnectionError("HTTPConnection(host='localhost', port=58075): Failed to establish a new connection: [Errno 111] Connection refused")': /session/1c612b2bc9a1543242b07fe5d170ae84/element
2026-01-14 13:36:59,273 - ERROR - Erro ao cadastrar produto REGA000722 - HTTPConnectionPool(host='localhost', port=58075): Max retries exceeded with url: /session/1c612b2bc9a1543242b07fe5d170ae84/element (Caused by NewConnectionError("HTTPConnection(host='localhost', port=58075): Failed to establish a new connection: [Errno 111] Connection refused"))
2026-01-14 13:36:59,274 - WARNING - Retrying (Retry(total=2, connect=None, read=None, redirect=None, status=None)) after connection broken by 'NewConnectionError("HTTPConnection(host='localhost', port=58075): Failed to establish a new connection: [Errno 111] Connection refused")': /session/1c612b2bc9a1543242b07fe5d170ae84/element
2026-01-14 13:36:59,274 - WARNING - Retrying (Retry(total=1, connect=None, read=None, redirect=None, status=None)) after connection broken by 'NewConnectionError("HTTPConnection(host='localhost', port=58075): Failed to establish a new connection: [Errno 111] Connection refused")': /session/1c612b2bc9a1543242b07fe5d170ae84/element
2026-01-14 13:36:59,274 - WARNING - Retrying (Retry(total=0, connect=None, read=None, redirect=None, status=None)) after connection broken by 'NewConnectionError("HTTPConnection(host='localhost', port=58075): Failed to establish a new connection: [Errno 111] Connection refused")': /session/1c612b2bc9a1543242b07fe5d170ae84/element
2026-01-14 13:36:59,275 - ERROR - Erro ao cadastrar produto REXI000463 - HTTPConnectionPool(host='localhost', port=58075): Max retries exceeded with url: /session/1c612b2bc9a1543242b07fe5d170ae84/element (Caused by NewConnectionError("HTTPConnection(host='localhost', port=58075): Failed to establish a new connection: [Errno 111] Connection refused"))
2026-01-14 13:36:59,275 - WARNING - Retrying (Retry(total=2, connect=None, read=None, redirect=None, status=None)) after connection broken by 'NewConnectionError("HTTPConnection(host='localhost', port=58075): Failed to establish a new connection: [Errno 111] Connection refused")': /session/1c612b2bc9a1543242b07fe5d170ae84/element
2026-01-14 13:36:59,276 - WARNING - Retrying (Retry(total=1, connect=None, read=None, redirect=None, status=None)) after connection broken by 'NewConnectionError("HTTPConnection(host='localhost', port=58075): Failed to establish a new connection: [Errno 111] Connection refused")': /session/1c612b2bc9a1543242b07fe5d170ae84/element
2026-01-14 13:36:59,276 - WARNING - Retrying (Retry(total=0, connect=None, read=None, redirect=None, status=None)) after connection broken by 'NewConnectionError("HTTPConnection(host='localhost', port=58075): Failed to establish a new connection: [Errno 111] Connection refused")': /session/1c612b2bc9a1543242b07fe5d170ae84/element
2026-01-14 13:36:59,277 - ERROR - Erro ao cadastrar produto REXI000744 - HTTPConnectionPool(host='localhost', port=58075): Max retries exceeded with url: /session/1c612b2bc9a1543242b07fe5d170ae84/element (Caused by NewConnectionError("HTTPConnection(host='localhost', port=58075): Failed to establish a new connection: [Errno 111] Connection refused"))
2026-01-14 13:36:59,277 - WARNING - Retrying (Retry(total=2, connect=None, read=None, redirect=None, status=None)) after connection broken by 'NewConnectionError("HTTPConnection(host='localhost', port=58075): Failed to establish a new connection: [Errno 111] Connection refused")': /session/1c612b2bc9a1543242b07fe5d170ae84/element
2026-01-14 13:36:59,277 - WARNING - Retrying (Retry(total=1, connect=None, read=None, redirect=None, status=None)) after connection broken by 'NewConnectionError("HTTPConnection(host='localhost', port=58075): Failed to establish a new connection: [Errno 111] Connection refused")': /session/1c612b2bc9a1543242b07fe5d170ae84/element
2026-01-14 13:36:59,278 - WARNING - Retrying (Retry(total=0, connect=None, read=None, redirect=None, status=None)) after connection broken by 'NewConnectionError("HTTPConnection(host='localhost', port=58075): Failed to establish a new connection: [Errno 111] Connection refused")': /session/1c612b2bc9a1543242b07fe5d170ae84/element
2026-01-14 13:36:59,278 - ERROR - Erro ao cadastrar produto REXI000365 - HTTPConnectionPool(host='localhost', port=58075): Max retries exceeded with url: /session/1c612b2bc9a1543242b07fe5d170ae84/element (Caused by NewConnectionError("HTTPConnection(host='localhost', port=58075): Failed to establish a new connection: [Errno 111] Connection refused"))
2026-01-14 13:36:59,278 - WARNING - Retrying (Retry(total=2, connect=None, read=None, redirect=None, status=None)) after connection broken by 'NewConnectionError("HTTPConnection(host='localhost', port=58075): Failed to establish a new connection: [Errno 111] Connection refused")': /session/1c612b2bc9a1543242b07fe5d170ae84/element
2026-01-14 13:36:59,279 - WARNING - Retrying (Retry(total=1, connect=None, read=None, redirect=None, status=None)) after connection broken by 'NewConnectionError("HTTPConnection(host='localhost', port=58075): Failed to establish a new connection: [Errno 111] Connection refused")': /session/1c612b2bc9a1543242b07fe5d170ae84/element
2026-01-14 13:36:59,279 - WARNING - Retrying (Retry(total=0, connect=None, read=None, redirect=None, status=None)) after connection broken by 'NewConnectionError("HTTPConnection(host='localhost', port=58075): Failed to establish a new connection: [Errno 111] Connection refused")': /session/1c612b2bc9a1543242b07fe5d170ae84/element
2026-01-14 13:36:59,279 - ERROR - Erro ao cadastrar produto REXI000116 - HTTPConnectionPool(host='localhost', port=58075): Max retries exceeded with url: /session/1c612b2bc9a1543242b07fe5d170ae84/element (Caused by NewConnectionError("HTTPConnection(host='localhost', port=58075): Failed to establish a new connection: [Errno 111] Connection refused"))
2026-01-14 13:36:59,279 - WARNING - Retrying (Retry(total=2, connect=None, read=None, redirect=None, status=None)) after connection broken by 'NewConnectionError("HTTPConnection(host='localhost', port=58075): Failed to establish a new connection: [Errno 111] Connection refused")': /session/1c612b2bc9a1543242b07fe5d170ae84/element
2026-01-14 13:36:59,280 - WARNING - Retrying (Retry(total=1, connect=None, read=None, redirect=None, status=None)) after connection broken by 'NewConnectionError("HTTPConnection(host='localhost', port=58075): Failed to establish a new connection: [Errno 111] Connection refused")': /session/1c612b2bc9a1543242b07fe5d170ae84/element
2026-01-14 13:36:59,280 - WARNING - Retrying (Retry(total=0, connect=None, read=None, redirect=None, status=None)) after connection broken by 'NewConnectionError("HTTPConnection(host='localhost', port=58075): Failed to establish a new connection: [Errno 111] Connection refused")': /session/1c612b2bc9a1543242b07fe5d170ae84/element
2026-01-14 13:36:59,280 - ERROR - Erro ao cadastrar produto RESA000287 - HTTPConnectionPool(host='localhost', port=58075): Max retries exceeded with url: /session/1c612b2bc9a1543242b07fe5d170ae84/element (Caused by NewConnectionError("HTTPConnection(host='localhost', port=58075): Failed to establish a new connection: [Errno 111] Connection refused"))
2026-01-14 13:36:59,281 - WARNING - Retrying (Retry(total=2, connect=None, read=None, redirect=None, status=None)) after connection broken by 'NewConnectionError("HTTPConnection(host='localhost', port=58075): Failed to establish a new connection: [Errno 111] Connection refused")': /session/1c612b2bc9a1543242b07fe5d170ae84/element
2026-01-14 13:36:59,281 - WARNING - Retrying (Retry(total=1, connect=None, read=None, redirect=None, status=None)) after connection broken by 'NewConnectionError("HTTPConnection(host='localhost', port=58075): Failed to establish a new connection: [Errno 111] Connection refused")': /session/1c612b2bc9a1543242b07fe5d170ae84/element
2026-01-14 13:36:59,281 - WARNING - Retrying (Retry(total=0, connect=None, read=None, redirect=None, status=None)) after connection broken by 'NewConnectionError("HTTPConnection(host='localhost', port=58075): Failed to establish a new connection: [Errno 111] Connection refused")': /session/1c612b2bc9a1543242b07fe5d170ae84/element
2026-01-14 13:36:59,282 - ERROR - Erro ao cadastrar produto RESA000298 - HTTPConnectionPool(host='localhost', port=58075): Max retries exceeded with url: /session/1c612b2bc9a1543242b07fe5d170ae84/element (Caused by NewConnectionError("HTTPConnection(host='localhost', port=58075): Failed to establish a new connection: [Errno 111] Connection refused"))
2026-01-14 13:36:59,282 - WARNING - Retrying (Retry(total=2, connect=None, read=None, redirect=None, status=None)) after connection broken by 'NewConnectionError("HTTPConnection(host='localhost', port=58075): Failed to establish a new connection: [Errno 111] Connection refused")': /session/1c612b2bc9a1543242b07fe5d170ae84/element
2026-01-14 13:36:59,282 - WARNING - Retrying (Retry(total=1, connect=None, read=None, redirect=None, status=None)) after connection broken by 'NewConnectionError("HTTPConnection(host='localhost', port=58075): Failed to establish a new connection: [Errno 111] Connection refused")': /session/1c612b2bc9a1543242b07fe5d170ae84/element
2026-01-14 13:36:59,283 - WARNING - Retrying (Retry(total=0, connect=None, read=None, redirect=None, status=None)) after connection broken by 'NewConnectionError("HTTPConnection(host='localhost', port=58075): Failed to establish a new connection: [Errno 111] Connection refused")': /session/1c612b2bc9a1543242b07fe5d170ae84/element
2026-01-14 13:36:59,283 - ERROR - Erro ao cadastrar produto RESA000389 - HTTPConnectionPool(host='localhost', port=58075): Max retries exceeded with url: /session/1c612b2bc9a1543242b07fe5d170ae84/element (Caused by NewConnectionError("HTTPConnection(host='localhost', port=58075): Failed to establish a new connection: [Errno 111] Connection refused"))
2026-01-14 13:36:59,283 - WARNING - Retrying (Retry(total=2, connect=None, read=None, redirect=None, status=None)) after connection broken by 'NewConnectionError("HTTPConnection(host='localhost', port=58075): Failed to establish a new connection: [Errno 111] Connection refused")': /session/1c612b2bc9a1543242b07fe5d170ae84/element
2026-01-14 13:36:59,284 - WARNING - Retrying (Retry(total=1, connect=None, read=None, redirect=None, status=None)) after connection broken by 'NewConnectionError("HTTPConnection(host='localhost', port=58075): Failed to establish a new connection: [Errno 111] Connection refused")': /session/1c612b2bc9a1543242b07fe5d170ae84/element
2026-01-14 13:36:59,284 - WARNING - Retrying (Retry(total=0, connect=None, read=None, redirect=None, status=None)) after connection broken by 'NewConnectionError("HTTPConnection(host='localhost', port=58075): Failed to establish a new connection: [Errno 111] Connection refused")': /session/1c612b2bc9a1543242b07fe5d170ae84/element
2026-01-14 13:36:59,284 - ERROR - Erro ao cadastrar produto RESA0003210 - HTTPConnectionPool(host='localhost', port=58075): Max retries exceeded with url: /session/1c612b2bc9a1543242b07fe5d170ae84/element (Caused by NewConnectionError("HTTPConnection(host='localhost', port=58075): Failed to establish a new connection: [Errno 111] Connection refused"))
2026-01-14 13:36:59,285 - WARNING - Retrying (Retry(total=2, connect=None, read=None, redirect=None, status=None)) after connection broken by 'NewConnectionError("HTTPConnection(host='localhost', port=58075): Failed to establish a new connection: [Errno 111] Connection refused")': /session/1c612b2bc9a1543242b07fe5d170ae84/element
2026-01-14 13:36:59,285 - WARNING - Retrying (Retry(total=1, connect=None, read=None, redirect=None, status=None)) after connection broken by 'NewConnectionError("HTTPConnection(host='localhost', port=58075): Failed to establish a new connection: [Errno 111] Connection refused")': /session/1c612b2bc9a1543242b07fe5d170ae84/element
2026-01-14 13:36:59,285 - WARNING - Retrying (Retry(total=0, connect=None, read=None, redirect=None, status=None)) after connection broken by 'NewConnectionError("HTTPConnection(host='localhost', port=58075): Failed to establish a new connection: [Errno 111] Connection refused")': /session/1c612b2bc9a1543242b07fe5d170ae84/element
2026-01-14 13:36:59,286 - ERROR - Erro ao cadastrar produto CEAP000101 - HTTPConnectionPool(host='localhost', port=58075): Max retries exceeded with url: /session/1c612b2bc9a1543242b07fe5d170ae84/element (Caused by NewConnectionError("HTTPConnection(host='localhost', port=58075): Failed to establish a new connection: [Errno 111] Connection refused"))
2026-01-14 13:36:59,286 - WARNING - Retrying (Retry(total=2, connect=None, read=None, redirect=None, status=None)) after connection broken by 'NewConnectionError("HTTPConnection(host='localhost', port=58075): Failed to establish a new connection: [Errno 111] Connection refused")': /session/1c612b2bc9a1543242b07fe5d170ae84/element
2026-01-14 13:36:59,287 - WARNING - Retrying (Retry(total=1, connect=None, read=None, redirect=None, status=None)) after connection broken by 'NewConnectionError("HTTPConnection(host='localhost', port=58075): Failed to establish a new connection: [Errno 111] Connection refused")': /session/1c612b2bc9a1543242b07fe5d170ae84/element
2026-01-14 13:36:59,287 - WARNING - Retrying (Retry(total=0, connect=None, read=None, redirect=None, status=None)) after connection broken by 'NewConnectionError("HTTPConnection(host='localhost', port=58075): Failed to establish a new connection: [Errno 111] Connection refused")': /session/1c612b2bc9a1543242b07fe5d170ae84/element
2026-01-14 13:36:59,288 - ERROR - Erro ao cadastrar produto CEAP000112 - HTTPConnectionPool(host='localhost', port=58075): Max retries exceeded with url: /session/1c612b2bc9a1543242b07fe5d170ae84/element (Caused by NewConnectionError("HTTPConnection(host='localhost', port=58075): Failed to establish a new connection: [Errno 111] Connection refused"))
2026-01-14 13:36:59,289 - WARNING - Retrying (Retry(total=2, connect=None, read=None, redirect=None, status=None)) after connection broken by 'NewConnectionError("HTTPConnection(host='localhost', port=58075): Failed to establish a new connection: [Errno 111] Connection refused")': /session/1c612b2bc9a1543242b07fe5d170ae84/element
2026-01-14 13:36:59,289 - WARNING - Retrying (Retry(total=1, connect=None, read=None, redirect=None, status=None)) after connection broken by 'NewConnectionError("HTTPConnection(host='localhost', port=58075): Failed to establish a new connection: [Errno 111] Connection refused")': /session/1c612b2bc9a1543242b07fe5d170ae84/element
2026-01-14 13:36:59,290 - WARNING - Retrying (Retry(total=0, connect=None, read=None, redirect=None, status=None)) after connection broken by 'NewConnectionError("HTTPConnection(host='localhost', port=58075): Failed to establish a new connection: [Errno 111] Connection refused")': /session/1c612b2bc9a1543242b07fe5d170ae84/element
2026-01-14 13:36:59,290 - ERROR - Erro ao cadastrar produto CEAP000133 - HTTPConnectionPool(host='localhost', port=58075): Max retries exceeded with url: /session/1c612b2bc9a1543242b07fe5d170ae84/element (Caused by NewConnectionError("HTTPConnection(host='localhost', port=58075): Failed to establish a new connection: [Errno 111] Connection refused"))
2026-01-14 13:36:59,291 - WARNING - Retrying (Retry(total=2, connect=None, read=None, redirect=None, status=None)) after connection broken by 'NewConnectionError("HTTPConnection(host='localhost', port=58075): Failed to establish a new connection: [Errno 111] Connection refused")': /session/1c612b2bc9a1543242b07fe5d170ae84/element
2026-01-14 13:36:59,291 - WARNING - Retrying (Retry(total=1, connect=None, read=None, redirect=None, status=None)) after connection broken by 'NewConnectionError("HTTPConnection(host='localhost', port=58075): Failed to establish a new connection: [Errno 111] Connection refused")': /session/1c612b2bc9a1543242b07fe5d170ae84/element
2026-01-14 13:36:59,291 - WARNING - Retrying (Retry(total=0, connect=None, read=None, redirect=None, status=None)) after connection broken by 'NewConnectionError("HTTPConnection(host='localhost', port=58075): Failed to establish a new connection: [Errno 111] Connection refused")': /session/1c612b2bc9a1543242b07fe5d170ae84/element
2026-01-14 13:36:59,292 - ERROR - Erro ao cadastrar produto CEAP000154 - HTTPConnectionPool(host='localhost', port=58075): Max retries exceeded with url: /session/1c612b2bc9a1543242b07fe5d170ae84/element (Caused by NewConnectionError("HTTPConnection(host='localhost', port=58075): Failed to establish a new connection: [Errno 111] Connection refused"))
2026-01-14 13:36:59,292 - WARNING - Retrying (Retry(total=2, connect=None, read=None, redirect=None, status=None)) after connection broken by 'NewConnectionError("HTTPConnection(host='localhost', port=58075): Failed to establish a new connection: [Errno 111] Connection refused")': /session/1c612b2bc9a1543242b07fe5d170ae84/element
2026-01-14 13:36:59,292 - WARNING - Retrying (Retry(total=1, connect=None, read=None, redirect=None, status=None)) after connection broken by 'NewConnectionError("HTTPConnection(host='localhost', port=58075): Failed to establish a new connection: [Errno 111] Connection refused")': /session/1c612b2bc9a1543242b07fe5d170ae84/element
2026-01-14 13:36:59,293 - WARNING - Retrying (Retry(total=0, connect=None, read=None, redirect=None, status=None)) after connection broken by 'NewConnectionError("HTTPConnection(host='localhost', port=58075): Failed to establish a new connection: [Errno 111] Connection refused")': /session/1c612b2bc9a1543242b07fe5d170ae84/element
2026-01-14 13:36:59,293 - ERROR - Erro ao cadastrar produto CEAP000995 - HTTPConnectionPool(host='localhost', port=58075): Max retries exceeded with url: /session/1c612b2bc9a1543242b07fe5d170ae84/element (Caused by NewConnectionError("HTTPConnection(host='localhost', port=58075): Failed to establish a new connection: [Errno 111] Connection refused"))
2026-01-14 13:36:59,293 - WARNING - Retrying (Retry(total=2, connect=None, read=None, redirect=None, status=None)) after connection broken by 'NewConnectionError("HTTPConnection(host='localhost', port=58075): Failed to establish a new connection: [Errno 111] Connection refused")': /session/1c612b2bc9a1543242b07fe5d170ae84/element
2026-01-14 13:36:59,293 - WARNING - Retrying (Retry(total=1, connect=None, read=None, redirect=None, status=None)) after connection broken by 'NewConnectionError("HTTPConnection(host='localhost', port=58075): Failed to establish a new connection: [Errno 111] Connection refused")': /session/1c612b2bc9a1543242b07fe5d170ae84/element
2026-01-14 13:36:59,294 - WARNING - Retrying (Retry(total=0, connect=None, read=None, redirect=None, status=None)) after connection broken by 'NewConnectionError("HTTPConnection(host='localhost', port=58075): Failed to establish a new connection: [Errno 111] Connection refused")': /session/1c612b2bc9a1543242b07fe5d170ae84/element
2026-01-14 13:36:59,294 - ERROR - Erro ao cadastrar produto CEAP000106 - HTTPConnectionPool(host='localhost', port=58075): Max retries exceeded with url: /session/1c612b2bc9a1543242b07fe5d170ae84/element (Caused by NewConnectionError("HTTPConnection(host='localhost', port=58075): Failed to establish a new connection: [Errno 111] Connection refused"))
2026-01-14 13:36:59,294 - WARNING - Retrying (Retry(total=2, connect=None, read=None, redirect=None, status=None)) after connection broken by 'NewConnectionError("HTTPConnection(host='localhost', port=58075): Failed to establish a new connection: [Errno 111] Connection refused")': /session/1c612b2bc9a1543242b07fe5d170ae84/element
2026-01-14 13:36:59,295 - WARNING - Retrying (Retry(total=1, connect=None, read=None, redirect=None, status=None)) after connection broken by 'NewConnectionError("HTTPConnection(host='localhost', port=58075): Failed to establish a new connection: [Errno 111] Connection refused")': /session/1c612b2bc9a1543242b07fe5d170ae84/element
2026-01-14 13:36:59,295 - WARNING - Retrying (Retry(total=0, connect=None, read=None, redirect=None, status=None)) after connection broken by 'NewConnectionError("HTTPConnection(host='localhost', port=58075): Failed to establish a new connection: [Errno 111] Connection refused")': /session/1c612b2bc9a1543242b07fe5d170ae84/element
2026-01-14 13:36:59,295 - ERROR - Erro ao cadastrar produto CEAP000127 - HTTPConnectionPool(host='localhost', port=58075): Max retries exceeded with url: /session/1c612b2bc9a1543242b07fe5d170ae84/element (Caused by NewConnectionError("HTTPConnection(host='localhost', port=58075): Failed to establish a new connection: [Errno 111] Connection refused"))
2026-01-14 13:36:59,296 - WARNING - Retrying (Retry(total=2, connect=None, read=None, redirect=None, status=None)) after connection broken by 'NewConnectionError("HTTPConnection(host='localhost', port=58075): Failed to establish a new connection: [Errno 111] Connection refused")': /session/1c612b2bc9a1543242b07fe5d170ae84/element
2026-01-14 13:36:59,296 - WARNING - Retrying (Retry(total=1, connect=None, read=None, redirect=None, status=None)) after connection broken by 'NewConnectionError("HTTPConnection(host='localhost', port=58075): Failed to establish a new connection: [Errno 111] Connection refused")': /session/1c612b2bc9a1543242b07fe5d170ae84/element
2026-01-14 13:36:59,296 - WARNING - Retrying (Retry(total=0, connect=None, read=None, redirect=None, status=None)) after connection broken by 'NewConnectionError("HTTPConnection(host='localhost', port=58075): Failed to establish a new connection: [Errno 111] Connection refused")': /session/1c612b2bc9a1543242b07fe5d170ae84/element
2026-01-14 13:36:59,296 - ERROR - Erro ao cadastrar produto CEAP000148 - HTTPConnectionPool(host='localhost', port=58075): Max retries exceeded with url: /session/1c612b2bc9a1543242b07fe5d170ae84/element (Caused by NewConnectionError("HTTPConnection(host='localhost', port=58075): Failed to establish a new connection: [Errno 111] Connection refused"))
2026-01-14 13:36:59,297 - WARNING - Retrying (Retry(total=2, connect=None, read=None, redirect=None, status=None)) after connection broken by 'NewConnectionError("HTTPConnection(host='localhost', port=58075): Failed to establish a new connection: [Errno 111] Connection refused")': /session/1c612b2bc9a1543242b07fe5d170ae84/element
2026-01-14 13:36:59,297 - WARNING - Retrying (Retry(total=1, connect=None, read=None, redirect=None, status=None)) after connection broken by 'NewConnectionError("HTTPConnection(host='localhost', port=58075): Failed to establish a new connection: [Errno 111] Connection refused")': /session/1c612b2bc9a1543242b07fe5d170ae84/element
2026-01-14 13:36:59,297 - WARNING - Retrying (Retry(total=0, connect=None, read=None, redirect=None, status=None)) after connection broken by 'NewConnectionError("HTTPConnection(host='localhost', port=58075): Failed to establish a new connection: [Errno 111] Connection refused")': /session/1c612b2bc9a1543242b07fe5d170ae84/element
2026-01-14 13:36:59,298 - ERROR - Erro ao cadastrar produto CEAP000799 - HTTPConnectionPool(host='localhost', port=58075): Max retries exceeded with url: /session/1c612b2bc9a1543242b07fe5d170ae84/element (Caused by NewConnectionError("HTTPConnection(host='localhost', port=58075): Failed to establish a new connection: [Errno 111] Connection refused"))
2026-01-14 13:36:59,298 - WARNING - Retrying (Retry(total=2, connect=None, read=None, redirect=None, status=None)) after connection broken by 'NewConnectionError("HTTPConnection(host='localhost', port=58075): Failed to establish a new connection: [Errno 111] Connection refused")': /session/1c612b2bc9a1543242b07fe5d170ae84/element
2026-01-14 13:36:59,298 - WARNING - Retrying (Retry(total=1, connect=None, read=None, redirect=None, status=None)) after connection broken by 'NewConnectionError("HTTPConnection(host='localhost', port=58075): Failed to establish a new connection: [Errno 111] Connection refused")': /session/1c612b2bc9a1543242b07fe5d170ae84/element
2026-01-14 13:36:59,299 - WARNING - Retrying (Retry(total=0, connect=None, read=None, redirect=None, status=None)) after connection broken by 'NewConnectionError("HTTPConnection(host='localhost', port=58075): Failed to establish a new connection: [Errno 111] Connection refused")': /session/1c612b2bc9a1543242b07fe5d170ae84/element
2026-01-14 13:36:59,299 - ERROR - Erro ao cadastrar produto CEAP0008910 - HTTPConnectionPool(host='localhost', port=58075): Max retries exceeded with url: /session/1c612b2bc9a1543242b07fe5d170ae84/element (Caused by NewConnectionError("HTTPConnection(host='localhost', port=58075): Failed to establish a new connection: [Errno 111] Connection refused"))
2026-01-14 13:36:59,299 - WARNING - Retrying (Retry(total=2, connect=None, read=None, redirect=None, status=None)) after connection broken by 'NewConnectionError("HTTPConnection(host='localhost', port=58075): Failed to establish a new connection: [Errno 111] Connection refused")': /session/1c612b2bc9a1543242b07fe5d170ae84/element
2026-01-14 13:36:59,300 - WARNING - Retrying (Retry(total=1, connect=None, read=None, redirect=None, status=None)) after connection broken by 'NewConnectionError("HTTPConnection(host='localhost', port=58075): Failed to establish a new connection: [Errno 111] Connection refused")': /session/1c612b2bc9a1543242b07fe5d170ae84/element
2026-01-14 13:36:59,300 - WARNING - Retrying (Retry(total=0, connect=None, read=None, redirect=None, status=None)) after connection broken by 'NewConnectionError("HTTPConnection(host='localhost', port=58075): Failed to establish a new connection: [Errno 111] Connection refused")': /session/1c612b2bc9a1543242b07fe5d170ae84/element
2026-01-14 13:36:59,301 - ERROR - Erro ao cadastrar produto CEAP0001011 - HTTPConnectionPool(host='localhost', port=58075): Max retries exceeded with url: /session/1c612b2bc9a1543242b07fe5d170ae84/element (Caused by NewConnectionError("HTTPConnection(host='localhost', port=58075): Failed to establish a new connection: [Errno 111] Connection refused"))
2026-01-14 13:36:59,301 - WARNING - Retrying (Retry(total=2, connect=None, read=None, redirect=None, status=None)) after connection broken by 'NewConnectionError("HTTPConnection(host='localhost', port=58075): Failed to establish a new connection: [Errno 111] Connection refused")': /session/1c612b2bc9a1543242b07fe5d170ae84/element
2026-01-14 13:36:59,301 - WARNING - Retrying (Retry(total=1, connect=None, read=None, redirect=None, status=None)) after connection broken by 'NewConnectionError("HTTPConnection(host='localhost', port=58075): Failed to establish a new connection: [Errno 111] Connection refused")': /session/1c612b2bc9a1543242b07fe5d170ae84/element
2026-01-14 13:36:59,302 - WARNING - Retrying (Retry(total=0, connect=None, read=None, redirect=None, status=None)) after connection broken by 'NewConnectionError("HTTPConnection(host='localhost', port=58075): Failed to establish a new connection: [Errno 111] Connection refused")': /session/1c612b2bc9a1543242b07fe5d170ae84/element
2026-01-14 13:36:59,302 - ERROR - Erro ao cadastrar produto CEAP0006912 - HTTPConnectionPool(host='localhost', port=58075): Max retries exceeded with url: /session/1c612b2bc9a1543242b07fe5d170ae84/element (Caused by NewConnectionError("HTTPConnection(host='localhost', port=58075): Failed to establish a new connection: [Errno 111] Connection refused"))
2026-01-14 13:36:59,302 - WARNING - Retrying (Retry(total=2, connect=None, read=None, redirect=None, status=None)) after connection broken by 'NewConnectionError("HTTPConnection(host='localhost', port=58075): Failed to establish a new connection: [Errno 111] Connection refused")': /session/1c612b2bc9a1543242b07fe5d170ae84/element
2026-01-14 13:36:59,303 - WARNING - Retrying (Retry(total=1, connect=None, read=None, redirect=None, status=None)) after connection broken by 'NewConnectionError("HTTPConnection(host='localhost', port=58075): Failed to establish a new connection: [Errno 111] Connection refused")': /session/1c612b2bc9a1543242b07fe5d170ae84/element
2026-01-14 13:36:59,303 - WARNING - Retrying (Retry(total=0, connect=None, read=None, redirect=None, status=None)) after connection broken by 'NewConnectionError("HTTPConnection(host='localhost', port=58075): Failed to establish a new connection: [Errno 111] Connection refused")': /session/1c612b2bc9a1543242b07fe5d170ae84/element
2026-01-14 13:36:59,304 - ERROR - Erro ao cadastrar produto CEAP0007913 - HTTPConnectionPool(host='localhost', port=58075): Max retries exceeded with url: /session/1c612b2bc9a1543242b07fe5d170ae84/element (Caused by NewConnectionError("HTTPConnection(host='localhost', port=58075): Failed to establish a new connection: [Errno 111] Connection refused"))
2026-01-14 13:36:59,304 - WARNING - Retrying (Retry(total=2, connect=None, read=None, redirect=None, status=None)) after connection broken by 'NewConnectionError("HTTPConnection(host='localhost', port=58075): Failed to establish a new connection: [Errno 111] Connection refused")': /session/1c612b2bc9a1543242b07fe5d170ae84/element
2026-01-14 13:36:59,305 - WARNING - Retrying (Retry(total=1, connect=None, read=None, redirect=None, status=None)) after connection broken by 'NewConnectionError("HTTPConnection(host='localhost', port=58075): Failed to establish a new connection: [Errno 111] Connection refused")': /session/1c612b2bc9a1543242b07fe5d170ae84/element
2026-01-14 13:36:59,305 - WARNING - Retrying (Retry(total=0, connect=None, read=None, redirect=None, status=None)) after connection broken by 'NewConnectionError("HTTPConnection(host='localhost', port=58075): Failed to establish a new connection: [Errno 111] Connection refused")': /session/1c612b2bc9a1543242b07fe5d170ae84/element
2026-01-14 13:36:59,306 - ERROR - Erro ao cadastrar produto CEAP0009914 - HTTPConnectionPool(host='localhost', port=58075): Max retries exceeded with url: /session/1c612b2bc9a1543242b07fe5d170ae84/element (Caused by NewConnectionError("HTTPConnection(host='localhost', port=58075): Failed to establish a new connection: [Errno 111] Connection refused"))
2026-01-14 13:36:59,306 - WARNING - Retrying (Retry(total=2, connect=None, read=None, redirect=None, status=None)) after connection broken by 'NewConnectionError("HTTPConnection(host='localhost', port=58075): Failed to establish a new connection: [Errno 111] Connection refused")': /session/1c612b2bc9a1543242b07fe5d170ae84/element
2026-01-14 13:36:59,306 - WARNING - Retrying (Retry(total=1, connect=None, read=None, redirect=None, status=None)) after connection broken by 'NewConnectionError("HTTPConnection(host='localhost', port=58075): Failed to establish a new connection: [Errno 111] Connection refused")': /session/1c612b2bc9a1543242b07fe5d170ae84/element
2026-01-14 13:36:59,307 - WARNING - Retrying (Retry(total=0, connect=None, read=None, redirect=None, status=None)) after connection broken by 'NewConnectionError("HTTPConnection(host='localhost', port=58075): Failed to establish a new connection: [Errno 111] Connection refused")': /session/1c612b2bc9a1543242b07fe5d170ae84/element
2026-01-14 13:36:59,307 - ERROR - Erro ao cadastrar produto CEAP0004215 - HTTPConnectionPool(host='localhost', port=58075): Max retries exceeded with url: /session/1c612b2bc9a1543242b07fe5d170ae84/element (Caused by NewConnectionError("HTTPConnection(host='localhost', port=58075): Failed to establish a new connection: [Errno 111] Connection refused"))
2026-01-14 13:36:59,308 - WARNING - Retrying (Retry(total=2, connect=None, read=None, redirect=None, status=None)) after connection broken by 'NewConnectionError("HTTPConnection(host='localhost', port=58075): Failed to establish a new connection: [Errno 111] Connection refused")': /session/1c612b2bc9a1543242b07fe5d170ae84/element
2026-01-14 13:36:59,308 - WARNING - Retrying (Retry(total=1, connect=None, read=None, redirect=None, status=None)) after connection broken by 'NewConnectionError("HTTPConnection(host='localhost', port=58075): Failed to establish a new connection: [Errno 111] Connection refused")': /session/1c612b2bc9a1543242b07fe5d170ae84/element
2026-01-14 13:36:59,309 - WARNING - Retrying (Retry(total=0, connect=None, read=None, redirect=None, status=None)) after connection broken by 'NewConnectionError("HTTPConnection(host='localhost', port=58075): Failed to establish a new connection: [Errno 111] Connection refused")': /session/1c612b2bc9a1543242b07fe5d170ae84/element
2026-01-14 13:36:59,309 - ERROR - Erro ao cadastrar produto CEAP0004716 - HTTPConnectionPool(host='localhost', port=58075): Max retries exceeded with url: /session/1c612b2bc9a1543242b07fe5d170ae84/element (Caused by NewConnectionError("HTTPConnection(host='localhost', port=58075): Failed to establish a new connection: [Errno 111] Connection refused"))
2026-01-14 13:36:59,309 - WARNING - Retrying (Retry(total=2, connect=None, read=None, redirect=None, status=None)) after connection broken by 'NewConnectionError("HTTPConnection(host='localhost', port=58075): Failed to establish a new connection: [Errno 111] Connection refused")': /session/1c612b2bc9a1543242b07fe5d170ae84/element
2026-01-14 13:36:59,309 - WARNING - Retrying (Retry(total=1, connect=None, read=None, redirect=None, status=None)) after connection broken by 'NewConnectionError("HTTPConnection(host='localhost', port=58075): Failed to establish a new connection: [Errno 111] Connection refused")': /session/1c612b2bc9a1543242b07fe5d170ae84/element
2026-01-14 13:36:59,310 - WARNING - Retrying (Retry(total=0, connect=None, read=None, redirect=None, status=None)) after connection broken by 'NewConnectionError("HTTPConnection(host='localhost', port=58075): Failed to establish a new connection: [Errno 111] Connection refused")': /session/1c612b2bc9a1543242b07fe5d170ae84/element
2026-01-14 13:36:59,310 - ERROR - Erro ao cadastrar produto CEAP0005717 - HTTPConnectionPool(host='localhost', port=58075): Max retries exceeded with url: /session/1c612b2bc9a1543242b07fe5d170ae84/element (Caused by NewConnectionError("HTTPConnection(host='localhost', port=58075): Failed to establish a new connection: [Errno 111] Connection refused"))
2026-01-14 13:36:59,310 - WARNING - Retrying (Retry(total=2, connect=None, read=None, redirect=None, status=None)) after connection broken by 'NewConnectionError("HTTPConnection(host='localhost', port=58075): Failed to establish a new connection: [Errno 111] Connection refused")': /session/1c612b2bc9a1543242b07fe5d170ae84/element
2026-01-14 13:36:59,311 - WARNING - Retrying (Retry(total=1, connect=None, read=None, redirect=None, status=None)) after connection broken by 'NewConnectionError("HTTPConnection(host='localhost', port=58075): Failed to establish a new connection: [Errno 111] Connection refused")': /session/1c612b2bc9a1543242b07fe5d170ae84/element
2026-01-14 13:36:59,311 - WARNING - Retrying (Retry(total=0, connect=None, read=None, redirect=None, status=None)) after connection broken by 'NewConnectionError("HTTPConnection(host='localhost', port=58075): Failed to establish a new connection: [Errno 111] Connection refused")': /session/1c612b2bc9a1543242b07fe5d170ae84/element
2026-01-14 13:36:59,311 - ERROR - Erro ao cadastrar produto CEAP0009418 - HTTPConnectionPool(host='localhost', port=58075): Max retries exceeded with url: /session/1c612b2bc9a1543242b07fe5d170ae84/element (Caused by NewConnectionError("HTTPConnection(host='localhost', port=58075): Failed to establish a new connection: [Errno 111] Connection refused"))
2026-01-14 13:36:59,312 - WARNING - Retrying (Retry(total=2, connect=None, read=None, redirect=None, status=None)) after connection broken by 'NewConnectionError("HTTPConnection(host='localhost', port=58075): Failed to establish a new connection: [Errno 111] Connection refused")': /session/1c612b2bc9a1543242b07fe5d170ae84/element
2026-01-14 13:36:59,312 - WARNING - Retrying (Retry(total=1, connect=None, read=None, redirect=None, status=None)) after connection broken by 'NewConnectionError("HTTPConnection(host='localhost', port=58075): Failed to establish a new connection: [Errno 111] Connection refused")': /session/1c612b2bc9a1543242b07fe5d170ae84/element
2026-01-14 13:36:59,312 - WARNING - Retrying (Retry(total=0, connect=None, read=None, redirect=None, status=None)) after connection broken by 'NewConnectionError("HTTPConnection(host='localhost', port=58075): Failed to establish a new connection: [Errno 111] Connection refused")': /session/1c612b2bc9a1543242b07fe5d170ae84/element
2026-01-14 13:36:59,312 - ERROR - Erro ao cadastrar produto CEAP0001019 - HTTPConnectionPool(host='localhost', port=58075): Max retries exceeded with url: /session/1c612b2bc9a1543242b07fe5d170ae84/element (Caused by NewConnectionError("HTTPConnection(host='localhost', port=58075): Failed to establish a new connection: [Errno 111] Connection refused"))
2026-01-14 13:36:59,313 - WARNING - Retrying (Retry(total=2, connect=None, read=None, redirect=None, status=None)) after connection broken by 'NewConnectionError("HTTPConnection(host='localhost', port=58075): Failed to establish a new connection: [Errno 111] Connection refused")': /session/1c612b2bc9a1543242b07fe5d170ae84/element
2026-01-14 13:36:59,313 - WARNING - Retrying (Retry(total=1, connect=None, read=None, redirect=None, status=None)) after connection broken by 'NewConnectionError("HTTPConnection(host='localhost', port=58075): Failed to establish a new connection: [Errno 111] Connection refused")': /session/1c612b2bc9a1543242b07fe5d170ae84/element
2026-01-14 13:36:59,313 - WARNING - Retrying (Retry(total=0, connect=None, read=None, redirect=None, status=None)) after connection broken by 'NewConnectionError("HTTPConnection(host='localhost', port=58075): Failed to establish a new connection: [Errno 111] Connection refused")': /session/1c612b2bc9a1543242b07fe5d170ae84/element
2026-01-14 13:36:59,314 - ERROR - Erro ao cadastrar produto CEAP0001220 - HTTPConnectionPool(host='localhost', port=58075): Max retries exceeded with url: /session/1c612b2bc9a1543242b07fe5d170ae84/element (Caused by NewConnectionError("HTTPConnection(host='localhost', port=58075): Failed to establish a new connection: [Errno 111] Connection refused"))
2026-01-14 13:36:59,314 - WARNING - Retrying (Retry(total=2, connect=None, read=None, redirect=None, status=None)) after connection broken by 'NewConnectionError("HTTPConnection(host='localhost', port=58075): Failed to establish a new connection: [Errno 111] Connection refused")': /session/1c612b2bc9a1543242b07fe5d170ae84/element
2026-01-14 13:36:59,314 - WARNING - Retrying (Retry(total=1, connect=None, read=None, redirect=None, status=None)) after connection broken by 'NewConnectionError("HTTPConnection(host='localhost', port=58075): Failed to establish a new connection: [Errno 111] Connection refused")': /session/1c612b2bc9a1543242b07fe5d170ae84/element
2026-01-14 13:36:59,315 - WARNING - Retrying (Retry(total=0, connect=None, read=None, redirect=None, status=None)) after connection broken by 'NewConnectionError("HTTPConnection(host='localhost', port=58075): Failed to establish a new connection: [Errno 111] Connection refused")': /session/1c612b2bc9a1543242b07fe5d170ae84/element
2026-01-14 13:36:59,315 - ERROR - Erro ao cadastrar produto CEAP0001421 - HTTPConnectionPool(host='localhost', port=58075): Max retries exceeded with url: /session/1c612b2bc9a1543242b07fe5d170ae84/element (Caused by NewConnectionError("HTTPConnection(host='localhost', port=58075): Failed to establish a new connection: [Errno 111] Connection refused"))
2026-01-14 13:36:59,316 - WARNING - Retrying (Retry(total=2, connect=None, read=None, redirect=None, status=None)) after connection broken by 'NewConnectionError("HTTPConnection(host='localhost', port=58075): Failed to establish a new connection: [Errno 111] Connection refused")': /session/1c612b2bc9a1543242b07fe5d170ae84/element
2026-01-14 13:36:59,316 - WARNING - Retrying (Retry(total=1, connect=None, read=None, redirect=None, status=None)) after connection broken by 'NewConnectionError("HTTPConnection(host='localhost', port=58075): Failed to establish a new connection: [Errno 111] Connection refused")': /session/1c612b2bc9a1543242b07fe5d170ae84/element
2026-01-14 13:36:59,316 - WARNING - Retrying (Retry(total=0, connect=None, read=None, redirect=None, status=None)) after connection broken by 'NewConnectionError("HTTPConnection(host='localhost', port=58075): Failed to establish a new connection: [Errno 111] Connection refused")': /session/1c612b2bc9a1543242b07fe5d170ae84/element
2026-01-14 13:36:59,317 - ERROR - Erro ao cadastrar produto CEAP0008422 - HTTPConnectionPool(host='localhost', port=58075): Max retries exceeded with url: /session/1c612b2bc9a1543242b07fe5d170ae84/element (Caused by NewConnectionError("HTTPConnection(host='localhost', port=58075): Failed to establish a new connection: [Errno 111] Connection refused"))
2026-01-14 13:36:59,317 - WARNING - Retrying (Retry(total=2, connect=None, read=None, redirect=None, status=None)) after connection broken by 'NewConnectionError("HTTPConnection(host='localhost', port=58075): Failed to establish a new connection: [Errno 111] Connection refused")': /session/1c612b2bc9a1543242b07fe5d170ae84/element
2026-01-14 13:36:59,317 - WARNING - Retrying (Retry(total=1, connect=None, read=None, redirect=None, status=None)) after connection broken by 'NewConnectionError("HTTPConnection(host='localhost', port=58075): Failed to establish a new connection: [Errno 111] Connection refused")': /session/1c612b2bc9a1543242b07fe5d170ae84/element
2026-01-14 13:36:59,318 - WARNING - Retrying (Retry(total=0, connect=None, read=None, redirect=None, status=None)) after connection broken by 'NewConnectionError("HTTPConnection(host='localhost', port=58075): Failed to establish a new connection: [Errno 111] Connection refused")': /session/1c612b2bc9a1543242b07fe5d170ae84/element
2026-01-14 13:36:59,318 - ERROR - Erro ao cadastrar produto CEAP0009423 - HTTPConnectionPool(host='localhost', port=58075): Max retries exceeded with url: /session/1c612b2bc9a1543242b07fe5d170ae84/element (Caused by NewConnectionError("HTTPConnection(host='localhost', port=58075): Failed to establish a new connection: [Errno 111] Connection refused"))
2026-01-14 13:36:59,318 - WARNING - Retrying (Retry(total=2, connect=None, read=None, redirect=None, status=None)) after connection broken by 'NewConnectionError("HTTPConnection(host='localhost', port=58075): Failed to establish a new connection: [Errno 111] Connection refused")': /session/1c612b2bc9a1543242b07fe5d170ae84/element
2026-01-14 13:36:59,319 - WARNING - Retrying (Retry(total=1, connect=None, read=None, redirect=None, status=None)) after connection broken by 'NewConnectionError("HTTPConnection(host='localhost', port=58075): Failed to establish a new connection: [Errno 111] Connection refused")': /session/1c612b2bc9a1543242b07fe5d170ae84/element
2026-01-14 13:36:59,319 - WARNING - Retrying (Retry(total=0, connect=None, read=None, redirect=None, status=None)) after connection broken by 'NewConnectionError("HTTPConnection(host='localhost', port=58075): Failed to establish a new connection: [Errno 111] Connection refused")': /session/1c612b2bc9a1543242b07fe5d170ae84/element
2026-01-14 13:36:59,319 - ERROR - Erro ao cadastrar produto CEAP0001124 - HTTPConnectionPool(host='localhost', port=58075): Max retries exceeded with url: /session/1c612b2bc9a1543242b07fe5d170ae84/element (Caused by NewConnectionError("HTTPConnection(host='localhost', port=58075): Failed to establish a new connection: [Errno 111] Connection refused"))
2026-01-14 13:36:59,320 - WARNING - Retrying (Retry(total=2, connect=None, read=None, redirect=None, status=None)) after connection broken by 'NewConnectionError("HTTPConnection(host='localhost', port=58075): Failed to establish a new connection: [Errno 111] Connection refused")': /session/1c612b2bc9a1543242b07fe5d170ae84/element
2026-01-14 13:36:59,320 - WARNING - Retrying (Retry(total=1, connect=None, read=None, redirect=None, status=None)) after connection broken by 'NewConnectionError("HTTPConnection(host='localhost', port=58075): Failed to establish a new connection: [Errno 111] Connection refused")': /session/1c612b2bc9a1543242b07fe5d170ae84/element
2026-01-14 13:36:59,320 - WARNING - Retrying (Retry(total=0, connect=None, read=None, redirect=None, status=None)) after connection broken by 'NewConnectionError("HTTPConnection(host='localhost', port=58075): Failed to establish a new connection: [Errno 111] Connection refused")': /session/1c612b2bc9a1543242b07fe5d170ae84/element
2026-01-14 13:36:59,321 - ERROR - Erro ao cadastrar produto CEAP0001325 - HTTPConnectionPool(host='localhost', port=58075): Max retries exceeded with url: /session/1c612b2bc9a1543242b07fe5d170ae84/element (Caused by NewConnectionError("HTTPConnection(host='localhost', port=58075): Failed to establish a new connection: [Errno 111] Connection refused"))
2026-01-14 13:36:59,322 - WARNING - Retrying (Retry(total=2, connect=None, read=None, redirect=None, status=None)) after connection broken by 'NewConnectionError("HTTPConnection(host='localhost', port=58075): Failed to establish a new connection: [Errno 111] Connection refused")': /session/1c612b2bc9a1543242b07fe5d170ae84/element
2026-01-14 13:36:59,323 - WARNING - Retrying (Retry(total=1, connect=None, read=None, redirect=None, status=None)) after connection broken by 'NewConnectionError("HTTPConnection(host='localhost', port=58075): Failed to establish a new connection: [Errno 111] Connection refused")': /session/1c612b2bc9a1543242b07fe5d170ae84/element
2026-01-14 13:36:59,323 - WARNING - Retrying (Retry(total=0, connect=None, read=None, redirect=None, status=None)) after connection broken by 'NewConnectionError("HTTPConnection(host='localhost', port=58075): Failed to establish a new connection: [Errno 111] Connection refused")': /session/1c612b2bc9a1543242b07fe5d170ae84/element
2026-01-14 13:36:59,323 - ERROR - Erro ao cadastrar produto CEAP0006426 - HTTPConnectionPool(host='localhost', port=58075): Max retries exceeded with url: /session/1c612b2bc9a1543242b07fe5d170ae84/element (Caused by NewConnectionError("HTTPConnection(host='localhost', port=58075): Failed to establish a new connection: [Errno 111] Connection refused"))
2026-01-14 13:36:59,324 - WARNING - Retrying (Retry(total=2, connect=None, read=None, redirect=None, status=None)) after connection broken by 'NewConnectionError("HTTPConnection(host='localhost', port=58075): Failed to establish a new connection: [Errno 111] Connection refused")': /session/1c612b2bc9a1543242b07fe5d170ae84/element
2026-01-14 13:36:59,324 - WARNING - Retrying (Retry(total=1, connect=None, read=None, redirect=None, status=None)) after connection broken by 'NewConnectionError("HTTPConnection(host='localhost', port=58075): Failed to establish a new connection: [Errno 111] Connection refused")': /session/1c612b2bc9a1543242b07fe5d170ae84/element
2026-01-14 13:36:59,325 - WARNING - Retrying (Retry(total=0, connect=None, read=None, redirect=None, status=None)) after connection broken by 'NewConnectionError("HTTPConnection(host='localhost', port=58075): Failed to establish a new connection: [Errno 111] Connection refused")': /session/1c612b2bc9a1543242b07fe5d170ae84/element
2026-01-14 13:36:59,325 - ERROR - Erro ao cadastrar produto CEAP0007427 - HTTPConnectionPool(host='localhost', port=58075): Max retries exceeded with url: /session/1c612b2bc9a1543242b07fe5d170ae84/element (Caused by NewConnectionError("HTTPConnection(host='localhost', port=58075): Failed to establish a new connection: [Errno 111] Connection refused"))
2026-01-14 13:36:59,326 - WARNING - Retrying (Retry(total=2, connect=None, read=None, redirect=None, status=None)) after connection broken by 'NewConnectionError("HTTPConnection(host='localhost', port=58075): Failed to establish a new connection: [Errno 111] Connection refused")': /session/1c612b2bc9a1543242b07fe5d170ae84/element
2026-01-14 13:36:59,326 - WARNING - Retrying (Retry(total=1, connect=None, read=None, redirect=None, status=None)) after connection broken by 'NewConnectionError("HTTPConnection(host='localhost', port=58075): Failed to establish a new connection: [Errno 111] Connection refused")': /session/1c612b2bc9a1543242b07fe5d170ae84/element
2026-01-14 13:36:59,326 - WARNING - Retrying (Retry(total=0, connect=None, read=None, redirect=None, status=None)) after connection broken by 'NewConnectionError("HTTPConnection(host='localhost', port=58075): Failed to establish a new connection: [Errno 111] Connection refused")': /session/1c612b2bc9a1543242b07fe5d170ae84/element
2026-01-14 13:36:59,326 - ERROR - Erro ao cadastrar produto CEAP0009428 - HTTPConnectionPool(host='localhost', port=58075): Max retries exceeded with url: /session/1c612b2bc9a1543242b07fe5d170ae84/element (Caused by NewConnectionError("HTTPConnection(host='localhost', port=58075): Failed to establish a new connection: [Errno 111] Connection refused"))
2026-01-14 13:36:59,327 - WARNING - Retrying (Retry(total=2, connect=None, read=None, redirect=None, status=None)) after connection broken by 'NewConnectionError("HTTPConnection(host='localhost', port=58075): Failed to establish a new connection: [Errno 111] Connection refused")': /session/1c612b2bc9a1543242b07fe5d170ae84/element
2026-01-14 13:36:59,327 - WARNING - Retrying (Retry(total=1, connect=None, read=None, redirect=None, status=None)) after connection broken by 'NewConnectionError("HTTPConnection(host='localhost', port=58075): Failed to establish a new connection: [Errno 111] Connection refused")': /session/1c612b2bc9a1543242b07fe5d170ae84/element
2026-01-14 13:36:59,327 - WARNING - Retrying (Retry(total=0, connect=None, read=None, redirect=None, status=None)) after connection broken by 'NewConnectionError("HTTPConnection(host='localhost', port=58075): Failed to establish a new connection: [Errno 111] Connection refused")': /session/1c612b2bc9a1543242b07fe5d170ae84/element
2026-01-14 13:36:59,328 - ERROR - Erro ao cadastrar produto CEAP0005429 - HTTPConnectionPool(host='localhost', port=58075): Max retries exceeded with url: /session/1c612b2bc9a1543242b07fe5d170ae84/element (Caused by NewConnectionError("HTTPConnection(host='localhost', port=58075): Failed to establish a new connection: [Errno 111] Connection refused"))
2026-01-14 13:36:59,328 - WARNING - Retrying (Retry(total=2, connect=None, read=None, redirect=None, status=None)) after connection broken by 'NewConnectionError("HTTPConnection(host='localhost', port=58075): Failed to establish a new connection: [Errno 111] Connection refused")': /session/1c612b2bc9a1543242b07fe5d170ae84/element
2026-01-14 13:36:59,328 - WARNING - Retrying (Retry(total=1, connect=None, read=None, redirect=None, status=None)) after connection broken by 'NewConnectionError("HTTPConnection(host='localhost', port=58075): Failed to establish a new connection: [Errno 111] Connection refused")': /session/1c612b2bc9a1543242b07fe5d170ae84/element
2026-01-14 13:36:59,328 - WARNING - Retrying (Retry(total=0, connect=None, read=None, redirect=None, status=None)) after connection broken by 'NewConnectionError("HTTPConnection(host='localhost', port=58075): Failed to establish a new connection: [Errno 111] Connection refused")': /session/1c612b2bc9a1543242b07fe5d170ae84/element
2026-01-14 13:36:59,329 - ERROR - Erro ao cadastrar produto CEAP0006430 - HTTPConnectionPool(host='localhost', port=58075): Max retries exceeded with url: /session/1c612b2bc9a1543242b07fe5d170ae84/element (Caused by NewConnectionError("HTTPConnection(host='localhost', port=58075): Failed to establish a new connection: [Errno 111] Connection refused"))
2026-01-14 13:36:59,329 - WARNING - Retrying (Retry(total=2, connect=None, read=None, redirect=None, status=None)) after connection broken by 'NewConnectionError("HTTPConnection(host='localhost', port=58075): Failed to establish a new connection: [Errno 111] Connection refused")': /session/1c612b2bc9a1543242b07fe5d170ae84/element
2026-01-14 13:36:59,329 - WARNING - Retrying (Retry(total=1, connect=None, read=None, redirect=None, status=None)) after connection broken by 'NewConnectionError("HTTPConnection(host='localhost', port=58075): Failed to establish a new connection: [Errno 111] Connection refused")': /session/1c612b2bc9a1543242b07fe5d170ae84/element
2026-01-14 13:36:59,330 - WARNING - Retrying (Retry(total=0, connect=None, read=None, redirect=None, status=None)) after connection broken by 'NewConnectionError("HTTPConnection(host='localhost', port=58075): Failed to establish a new connection: [Errno 111] Connection refused")': /session/1c612b2bc9a1543242b07fe5d170ae84/element
2026-01-14 13:36:59,330 - ERROR - Erro ao cadastrar produto CEAP0008431 - HTTPConnectionPool(host='localhost', port=58075): Max retries exceeded with url: /session/1c612b2bc9a1543242b07fe5d170ae84/element (Caused by NewConnectionError("HTTPConnection(host='localhost', port=58075): Failed to establish a new connection: [Errno 111] Connection refused"))
2026-01-14 13:36:59,330 - WARNING - Retrying (Retry(total=2, connect=None, read=None, redirect=None, status=None)) after connection broken by 'NewConnectionError("HTTPConnection(host='localhost', port=58075): Failed to establish a new connection: [Errno 111] Connection refused")': /session/1c612b2bc9a1543242b07fe5d170ae84/element
2026-01-14 13:36:59,331 - WARNING - Retrying (Retry(total=1, connect=None, read=None, redirect=None, status=None)) after connection broken by 'NewConnectionError("HTTPConnection(host='localhost', port=58075): Failed to establish a new connection: [Errno 111] Connection refused")': /session/1c612b2bc9a1543242b07fe5d170ae84/element
2026-01-14 13:36:59,331 - WARNING - Retrying (Retry(total=0, connect=None, read=None, redirect=None, status=None)) after connection broken by 'NewConnectionError("HTTPConnection(host='localhost', port=58075): Failed to establish a new connection: [Errno 111] Connection refused")': /session/1c612b2bc9a1543242b07fe5d170ae84/element
2026-01-14 13:36:59,332 - ERROR - Erro ao cadastrar produto CEAP0005932 - HTTPConnectionPool(host='localhost', port=58075): Max retries exceeded with url: /session/1c612b2bc9a1543242b07fe5d170ae84/element (Caused by NewConnectionError("HTTPConnection(host='localhost', port=58075): Failed to establish a new connection: [Errno 111] Connection refused"))
2026-01-14 13:36:59,332 - WARNING - Retrying (Retry(total=2, connect=None, read=None, redirect=None, status=None)) after connection broken by 'NewConnectionError("HTTPConnection(host='localhost', port=58075): Failed to establish a new connection: [Errno 111] Connection refused")': /session/1c612b2bc9a1543242b07fe5d170ae84/element
2026-01-14 13:36:59,332 - WARNING - Retrying (Retry(total=1, connect=None, read=None, redirect=None, status=None)) after connection broken by 'NewConnectionError("HTTPConnection(host='localhost', port=58075): Failed to establish a new connection: [Errno 111] Connection refused")': /session/1c612b2bc9a1543242b07fe5d170ae84/element
2026-01-14 13:36:59,333 - WARNING - Retrying (Retry(total=0, connect=None, read=None, redirect=None, status=None)) after connection broken by 'NewConnectionError("HTTPConnection(host='localhost', port=58075): Failed to establish a new connection: [Errno 111] Connection refused")': /session/1c612b2bc9a1543242b07fe5d170ae84/element
2026-01-14 13:36:59,333 - ERROR - Erro ao cadastrar produto CEAP0006933 - HTTPConnectionPool(host='localhost', port=58075): Max retries exceeded with url: /session/1c612b2bc9a1543242b07fe5d170ae84/element (Caused by NewConnectionError("HTTPConnection(host='localhost', port=58075): Failed to establish a new connection: [Errno 111] Connection refused"))
2026-01-14 13:36:59,333 - WARNING - Retrying (Retry(total=2, connect=None, read=None, redirect=None, status=None)) after connection broken by 'NewConnectionError("HTTPConnection(host='localhost', port=58075): Failed to establish a new connection: [Errno 111] Connection refused")': /session/1c612b2bc9a1543242b07fe5d170ae84/element
2026-01-14 13:36:59,334 - WARNING - Retrying (Retry(total=1, connect=None, read=None, redirect=None, status=None)) after connection broken by 'NewConnectionError("HTTPConnection(host='localhost', port=58075): Failed to establish a new connection: [Errno 111] Connection refused")': /session/1c612b2bc9a1543242b07fe5d170ae84/element
2026-01-14 13:36:59,334 - WARNING - Retrying (Retry(total=0, connect=None, read=None, redirect=None, status=None)) after connection broken by 'NewConnectionError("HTTPConnection(host='localhost', port=58075): Failed to establish a new connection: [Errno 111] Connection refused")': /session/1c612b2bc9a1543242b07fe5d170ae84/element
2026-01-14 13:36:59,334 - ERROR - Erro ao cadastrar produto CEAP0005434 - HTTPConnectionPool(host='localhost', port=58075): Max retries exceeded with url: /session/1c612b2bc9a1543242b07fe5d170ae84/element (Caused by NewConnectionError("HTTPConnection(host='localhost', port=58075): Failed to establish a new connection: [Errno 111] Connection refused"))
2026-01-14 13:36:59,335 - WARNING - Retrying (Retry(total=2, connect=None, read=None, redirect=None, status=None)) after connection broken by 'NewConnectionError("HTTPConnection(host='localhost', port=58075): Failed to establish a new connection: [Errno 111] Connection refused")': /session/1c612b2bc9a1543242b07fe5d170ae84/element
2026-01-14 13:36:59,335 - WARNING - Retrying (Retry(total=1, connect=None, read=None, redirect=None, status=None)) after connection broken by 'NewConnectionError("HTTPConnection(host='localhost', port=58075): Failed to establish a new connection: [Errno 111] Connection refused")': /session/1c612b2bc9a1543242b07fe5d170ae84/element
2026-01-14 13:36:59,335 - WARNING - Retrying (Retry(total=0, connect=None, read=None, redirect=None, status=None)) after connection broken by 'NewConnectionError("HTTPConnection(host='localhost', port=58075): Failed to establish a new connection: [Errno 111] Connection refused")': /session/1c612b2bc9a1543242b07fe5d170ae84/element
2026-01-14 13:36:59,336 - ERROR - Erro ao cadastrar produto CEAP0006435 - HTTPConnectionPool(host='localhost', port=58075): Max retries exceeded with url: /session/1c612b2bc9a1543242b07fe5d170ae84/element (Caused by NewConnectionError("HTTPConnection(host='localhost', port=58075): Failed to establish a new connection: [Errno 111] Connection refused"))
2026-01-14 13:36:59,336 - WARNING - Retrying (Retry(total=2, connect=None, read=None, redirect=None, status=None)) after connection broken by 'NewConnectionError("HTTPConnection(host='localhost', port=58075): Failed to establish a new connection: [Errno 111] Connection refused")': /session/1c612b2bc9a1543242b07fe5d170ae84/element
2026-01-14 13:36:59,337 - WARNING - Retrying (Retry(total=1, connect=None, read=None, redirect=None, status=None)) after connection broken by 'NewConnectionError("HTTPConnection(host='localhost', port=58075): Failed to establish a new connection: [Errno 111] Connection refused")': /session/1c612b2bc9a1543242b07fe5d170ae84/element
2026-01-14 13:36:59,338 - WARNING - Retrying (Retry(total=0, connect=None, read=None, redirect=None, status=None)) after connection broken by 'NewConnectionError("HTTPConnection(host='localhost', port=58075): Failed to establish a new connection: [Errno 111] Connection refused")': /session/1c612b2bc9a1543242b07fe5d170ae84/element
2026-01-14 13:36:59,338 - ERROR - Erro ao cadastrar produto CEAP0004436 - HTTPConnectionPool(host='localhost', port=58075): Max retries exceeded with url: /session/1c612b2bc9a1543242b07fe5d170ae84/element (Caused by NewConnectionError("HTTPConnection(host='localhost', port=58075): Failed to establish a new connection: [Errno 111] Connection refused"))
2026-01-14 13:36:59,339 - WARNING - Retrying (Retry(total=2, connect=None, read=None, redirect=None, status=None)) after connection broken by 'NewConnectionError("HTTPConnection(host='localhost', port=58075): Failed to establish a new connection: [Errno 111] Connection refused")': /session/1c612b2bc9a1543242b07fe5d170ae84/element
2026-01-14 13:36:59,339 - WARNING - Retrying (Retry(total=1, connect=None, read=None, redirect=None, status=None)) after connection broken by 'NewConnectionError("HTTPConnection(host='localhost', port=58075): Failed to establish a new connection: [Errno 111] Connection refused")': /session/1c612b2bc9a1543242b07fe5d170ae84/element
2026-01-14 13:36:59,340 - WARNING - Retrying (Retry(total=0, connect=None, read=None, redirect=None, status=None)) after connection broken by 'NewConnectionError("HTTPConnection(host='localhost', port=58075): Failed to establish a new connection: [Errno 111] Connection refused")': /session/1c612b2bc9a1543242b07fe5d170ae84/element
2026-01-14 13:36:59,340 - ERROR - Erro ao cadastrar produto CEAP0004937 - HTTPConnectionPool(host='localhost', port=58075): Max retries exceeded with url: /session/1c612b2bc9a1543242b07fe5d170ae84/element (Caused by NewConnectionError("HTTPConnection(host='localhost', port=58075): Failed to establish a new connection: [Errno 111] Connection refused"))
2026-01-14 13:36:59,340 - WARNING - Retrying (Retry(total=2, connect=None, read=None, redirect=None, status=None)) after connection broken by 'NewConnectionError("HTTPConnection(host='localhost', port=58075): Failed to establish a new connection: [Errno 111] Connection refused")': /session/1c612b2bc9a1543242b07fe5d170ae84/element
2026-01-14 13:36:59,341 - WARNING - Retrying (Retry(total=1, connect=None, read=None, redirect=None, status=None)) after connection broken by 'NewConnectionError("HTTPConnection(host='localhost', port=58075): Failed to establish a new connection: [Errno 111] Connection refused")': /session/1c612b2bc9a1543242b07fe5d170ae84/element
2026-01-14 13:36:59,341 - WARNING - Retrying (Retry(total=0, connect=None, read=None, redirect=None, status=None)) after connection broken by 'NewConnectionError("HTTPConnection(host='localhost', port=58075): Failed to establish a new connection: [Errno 111] Connection refused")': /session/1c612b2bc9a1543242b07fe5d170ae84/element
2026-01-14 13:36:59,341 - ERROR - Erro ao cadastrar produto CEAP0004938 - HTTPConnectionPool(host='localhost', port=58075): Max retries exceeded with url: /session/1c612b2bc9a1543242b07fe5d170ae84/element (Caused by NewConnectionError("HTTPConnection(host='localhost', port=58075): Failed to establish a new connection: [Errno 111] Connection refused"))
2026-01-14 13:36:59,342 - WARNING - Retrying (Retry(total=2, connect=None, read=None, redirect=None, status=None)) after connection broken by 'NewConnectionError("HTTPConnection(host='localhost', port=58075): Failed to establish a new connection: [Errno 111] Connection refused")': /session/1c612b2bc9a1543242b07fe5d170ae84/element
2026-01-14 13:36:59,342 - WARNING - Retrying (Retry(total=1, connect=None, read=None, redirect=None, status=None)) after connection broken by 'NewConnectionError("HTTPConnection(host='localhost', port=58075): Failed to establish a new connection: [Errno 111] Connection refused")': /session/1c612b2bc9a1543242b07fe5d170ae84/element
2026-01-14 13:36:59,342 - WARNING - Retrying (Retry(total=0, connect=None, read=None, redirect=None, status=None)) after connection broken by 'NewConnectionError("HTTPConnection(host='localhost', port=58075): Failed to establish a new connection: [Errno 111] Connection refused")': /session/1c612b2bc9a1543242b07fe5d170ae84/element
2026-01-14 13:36:59,343 - ERROR - Erro ao cadastrar produto CEAP0005439 - HTTPConnectionPool(host='localhost', port=58075): Max retries exceeded with url: /session/1c612b2bc9a1543242b07fe5d170ae84/element (Caused by NewConnectionError("HTTPConnection(host='localhost', port=58075): Failed to establish a new connection: [Errno 111] Connection refused"))
2026-01-14 13:36:59,343 - WARNING - Retrying (Retry(total=2, connect=None, read=None, redirect=None, status=None)) after connection broken by 'NewConnectionError("HTTPConnection(host='localhost', port=58075): Failed to establish a new connection: [Errno 111] Connection refused")': /session/1c612b2bc9a1543242b07fe5d170ae84/element
2026-01-14 13:36:59,343 - WARNING - Retrying (Retry(total=1, connect=None, read=None, redirect=None, status=None)) after connection broken by 'NewConnectionError("HTTPConnection(host='localhost', port=58075): Failed to establish a new connection: [Errno 111] Connection refused")': /session/1c612b2bc9a1543242b07fe5d170ae84/element
2026-01-14 13:36:59,344 - WARNING - Retrying (Retry(total=0, connect=None, read=None, redirect=None, status=None)) after connection broken by 'NewConnectionError("HTTPConnection(host='localhost', port=58075): Failed to establish a new connection: [Errno 111] Connection refused")': /session/1c612b2bc9a1543242b07fe5d170ae84/element
2026-01-14 13:36:59,344 - ERROR - Erro ao cadastrar produto CESA0002040 - HTTPConnectionPool(host='localhost', port=58075): Max retries exceeded with url: /session/1c612b2bc9a1543242b07fe5d170ae84/element (Caused by NewConnectionError("HTTPConnection(host='localhost', port=58075): Failed to establish a new connection: [Errno 111] Connection refused"))
2026-01-14 13:36:59,344 - WARNING - Retrying (Retry(total=2, connect=None, read=None, redirect=None, status=None)) after connection broken by 'NewConnectionError("HTTPConnection(host='localhost', port=58075): Failed to establish a new connection: [Errno 111] Connection refused")': /session/1c612b2bc9a1543242b07fe5d170ae84/element
2026-01-14 13:36:59,345 - WARNING - Retrying (Retry(total=1, connect=None, read=None, redirect=None, status=None)) after connection broken by 'NewConnectionError("HTTPConnection(host='localhost', port=58075): Failed to establish a new connection: [Errno 111] Connection refused")': /session/1c612b2bc9a1543242b07fe5d170ae84/element
2026-01-14 13:36:59,345 - WARNING - Retrying (Retry(total=0, connect=None, read=None, redirect=None, status=None)) after connection broken by 'NewConnectionError("HTTPConnection(host='localhost', port=58075): Failed to establish a new connection: [Errno 111] Connection refused")': /session/1c612b2bc9a1543242b07fe5d170ae84/element
2026-01-14 13:36:59,345 - ERROR - Erro ao cadastrar produto NODE000441 - HTTPConnectionPool(host='localhost', port=58075): Max retries exceeded with url: /session/1c612b2bc9a1543242b07fe5d170ae84/element (Caused by NewConnectionError("HTTPConnection(host='localhost', port=58075): Failed to establish a new connection: [Errno 111] Connection refused"))
2026-01-14 13:36:59,346 - WARNING - Retrying (Retry(total=2, connect=None, read=None, redirect=None, status=None)) after connection broken by 'NewConnectionError("HTTPConnection(host='localhost', port=58075): Failed to establish a new connection: [Errno 111] Connection refused")': /session/1c612b2bc9a1543242b07fe5d170ae84/element
2026-01-14 13:36:59,346 - WARNING - Retrying (Retry(total=1, connect=None, read=None, redirect=None, status=None)) after connection broken by 'NewConnectionError("HTTPConnection(host='localhost', port=58075): Failed to establish a new connection: [Errno 111] Connection refused")': /session/1c612b2bc9a1543242b07fe5d170ae84/element
2026-01-14 13:36:59,346 - WARNING - Retrying (Retry(total=0, connect=None, read=None, redirect=None, status=None)) after connection broken by 'NewConnectionError("HTTPConnection(host='localhost', port=58075): Failed to establish a new connection: [Errno 111] Connection refused")': /session/1c612b2bc9a1543242b07fe5d170ae84/element
2026-01-14 13:36:59,346 - ERROR - Erro ao cadastrar produto NODE000512 - HTTPConnectionPool(host='localhost', port=58075): Max retries exceeded with url: /session/1c612b2bc9a1543242b07fe5d170ae84/element (Caused by NewConnectionError("HTTPConnection(host='localhost', port=58075): Failed to establish a new connection: [Errno 111] Connection refused"))
2026-01-14 13:36:59,347 - WARNING - Retrying (Retry(total=2, connect=None, read=None, redirect=None, status=None)) after connection broken by 'NewConnectionError("HTTPConnection(host='localhost', port=58075): Failed to establish a new connection: [Errno 111] Connection refused")': /session/1c612b2bc9a1543242b07fe5d170ae84/element
2026-01-14 13:36:59,348 - WARNING - Retrying (Retry(total=1, connect=None, read=None, redirect=None, status=None)) after connection broken by 'NewConnectionError("HTTPConnection(host='localhost', port=58075): Failed to establish a new connection: [Errno 111] Connection refused")': /session/1c612b2bc9a1543242b07fe5d170ae84/element
2026-01-14 13:36:59,348 - WARNING - Retrying (Retry(total=0, connect=None, read=None, redirect=None, status=None)) after connection broken by 'NewConnectionError("HTTPConnection(host='localhost', port=58075): Failed to establish a new connection: [Errno 111] Connection refused")': /session/1c612b2bc9a1543242b07fe5d170ae84/element
2026-01-14 13:36:59,348 - ERROR - Erro ao cadastrar produto NOLE000183 - HTTPConnectionPool(host='localhost', port=58075): Max retries exceeded with url: /session/1c612b2bc9a1543242b07fe5d170ae84/element (Caused by NewConnectionError("HTTPConnection(host='localhost', port=58075): Failed to establish a new connection: [Errno 111] Connection refused"))
2026-01-14 13:36:59,349 - WARNING - Retrying (Retry(total=2, connect=None, read=None, redirect=None, status=None)) after connection broken by 'NewConnectionError("HTTPConnection(host='localhost', port=58075): Failed to establish a new connection: [Errno 111] Connection refused")': /session/1c612b2bc9a1543242b07fe5d170ae84/element
2026-01-14 13:36:59,349 - WARNING - Retrying (Retry(total=1, connect=None, read=None, redirect=None, status=None)) after connection broken by 'NewConnectionError("HTTPConnection(host='localhost', port=58075): Failed to establish a new connection: [Errno 111] Connection refused")': /session/1c612b2bc9a1543242b07fe5d170ae84/element
2026-01-14 13:36:59,349 - WARNING - Retrying (Retry(total=0, connect=None, read=None, redirect=None, status=None)) after connection broken by 'NewConnectionError("HTTPConnection(host='localhost', port=58075): Failed to establish a new connection: [Errno 111] Connection refused")': /session/1c612b2bc9a1543242b07fe5d170ae84/element
2026-01-14 13:36:59,350 - ERROR - Erro ao cadastrar produto NOAC000224 - HTTPConnectionPool(host='localhost', port=58075): Max retries exceeded with url: /session/1c612b2bc9a1543242b07fe5d170ae84/element (Caused by NewConnectionError("HTTPConnection(host='localhost', port=58075): Failed to establish a new connection: [Errno 111] Connection refused"))
2026-01-14 13:36:59,350 - WARNING - Retrying (Retry(total=2, connect=None, read=None, redirect=None, status=None)) after connection broken by 'NewConnectionError("HTTPConnection(host='localhost', port=58075): Failed to establish a new connection: [Errno 111] Connection refused")': /session/1c612b2bc9a1543242b07fe5d170ae84/element
2026-01-14 13:36:59,350 - WARNING - Retrying (Retry(total=1, connect=None, read=None, redirect=None, status=None)) after connection broken by 'NewConnectionError("HTTPConnection(host='localhost', port=58075): Failed to establish a new connection: [Errno 111] Connection refused")': /session/1c612b2bc9a1543242b07fe5d170ae84/element
2026-01-14 13:36:59,351 - WARNING - Retrying (Retry(total=0, connect=None, read=None, redirect=None, status=None)) after connection broken by 'NewConnectionError("HTTPConnection(host='localhost', port=58075): Failed to establish a new connection: [Errno 111] Connection refused")': /session/1c612b2bc9a1543242b07fe5d170ae84/element
2026-01-14 13:36:59,351 - ERROR - Erro ao cadastrar produto NOHP000215 - HTTPConnectionPool(host='localhost', port=58075): Max retries exceeded with url: /session/1c612b2bc9a1543242b07fe5d170ae84/element (Caused by NewConnectionError("HTTPConnection(host='localhost', port=58075): Failed to establish a new connection: [Errno 111] Connection refused"))
2026-01-14 13:36:59,352 - WARNING - Retrying (Retry(total=2, connect=None, read=None, redirect=None, status=None)) after connection broken by 'NewConnectionError("HTTPConnection(host='localhost', port=58075): Failed to establish a new connection: [Errno 111] Connection refused")': /session/1c612b2bc9a1543242b07fe5d170ae84/element
2026-01-14 13:36:59,352 - WARNING - Retrying (Retry(total=1, connect=None, read=None, redirect=None, status=None)) after connection broken by 'NewConnectionError("HTTPConnection(host='localhost', port=58075): Failed to establish a new connection: [Errno 111] Connection refused")': /session/1c612b2bc9a1543242b07fe5d170ae84/element
2026-01-14 13:36:59,352 - WARNING - Retrying (Retry(total=0, connect=None, read=None, redirect=None, status=None)) after connection broken by 'NewConnectionError("HTTPConnection(host='localhost', port=58075): Failed to establish a new connection: [Errno 111] Connection refused")': /session/1c612b2bc9a1543242b07fe5d170ae84/element
2026-01-14 13:36:59,352 - ERROR - Erro ao cadastrar produto NOMI000426 - HTTPConnectionPool(host='localhost', port=58075): Max retries exceeded with url: /session/1c612b2bc9a1543242b07fe5d170ae84/element (Caused by NewConnectionError("HTTPConnection(host='localhost', port=58075): Failed to establish a new connection: [Errno 111] Connection refused"))
2026-01-14 13:36:59,353 - WARNING - Retrying (Retry(total=2, connect=None, read=None, redirect=None, status=None)) after connection broken by 'NewConnectionError("HTTPConnection(host='localhost', port=58075): Failed to establish a new connection: [Errno 111] Connection refused")': /session/1c612b2bc9a1543242b07fe5d170ae84/element
2026-01-14 13:36:59,353 - WARNING - Retrying (Retry(total=1, connect=None, read=None, redirect=None, status=None)) after connection broken by 'NewConnectionError("HTTPConnection(host='localhost', port=58075): Failed to establish a new connection: [Errno 111] Connection refused")': /session/1c612b2bc9a1543242b07fe5d170ae84/element
2026-01-14 13:36:59,354 - WARNING - Retrying (Retry(total=0, connect=None, read=None, redirect=None, status=None)) after connection broken by 'NewConnectionError("HTTPConnection(host='localhost', port=58075): Failed to establish a new connection: [Errno 111] Connection refused")': /session/1c612b2bc9a1543242b07fe5d170ae84/element
2026-01-14 13:36:59,354 - ERROR - Erro ao cadastrar produto NOHP000797 - HTTPConnectionPool(host='localhost', port=58075): Max retries exceeded with url: /session/1c612b2bc9a1543242b07fe5d170ae84/element (Caused by NewConnectionError("HTTPConnection(host='localhost', port=58075): Failed to establish a new connection: [Errno 111] Connection refused"))
2026-01-14 13:36:59,355 - WARNING - Retrying (Retry(total=2, connect=None, read=None, redirect=None, status=None)) after connection broken by 'NewConnectionError("HTTPConnection(host='localhost', port=58075): Failed to establish a new connection: [Errno 111] Connection refused")': /session/1c612b2bc9a1543242b07fe5d170ae84/element
2026-01-14 13:36:59,356 - WARNING - Retrying (Retry(total=1, connect=None, read=None, redirect=None, status=None)) after connection broken by 'NewConnectionError("HTTPConnection(host='localhost', port=58075): Failed to establish a new connection: [Errno 111] Connection refused")': /session/1c612b2bc9a1543242b07fe5d170ae84/element
2026-01-14 13:36:59,356 - WARNING - Retrying (Retry(total=0, connect=None, read=None, redirect=None, status=None)) after connection broken by 'NewConnectionError("HTTPConnection(host='localhost', port=58075): Failed to establish a new connection: [Errno 111] Connection refused")': /session/1c612b2bc9a1543242b07fe5d170ae84/element
2026-01-14 13:36:59,356 - ERROR - Erro ao cadastrar produto NOHP000238 - HTTPConnectionPool(host='localhost', port=58075): Max retries exceeded with url: /session/1c612b2bc9a1543242b07fe5d170ae84/element (Caused by NewConnectionError("HTTPConnection(host='localhost', port=58075): Failed to establish a new connection: [Errno 111] Connection refused"))
2026-01-14 13:36:59,357 - WARNING - Retrying (Retry(total=2, connect=None, read=None, redirect=None, status=None)) after connection broken by 'NewConnectionError("HTTPConnection(host='localhost', port=58075): Failed to establish a new connection: [Errno 111] Connection refused")': /session/1c612b2bc9a1543242b07fe5d170ae84/element
2026-01-14 13:36:59,357 - WARNING - Retrying (Retry(total=1, connect=None, read=None, redirect=None, status=None)) after connection broken by 'NewConnectionError("HTTPConnection(host='localhost', port=58075): Failed to establish a new connection: [Errno 111] Connection refused")': /session/1c612b2bc9a1543242b07fe5d170ae84/element
2026-01-14 13:36:59,357 - WARNING - Retrying (Retry(total=0, connect=None, read=None, redirect=None, status=None)) after connection broken by 'NewConnectionError("HTTPConnection(host='localhost', port=58075): Failed to establish a new connection: [Errno 111] Connection refused")': /session/1c612b2bc9a1543242b07fe5d170ae84/element
2026-01-14 13:36:59,358 - ERROR - Erro ao cadastrar produto NOLE000989 - HTTPConnectionPool(host='localhost', port=58075): Max retries exceeded with url: /session/1c612b2bc9a1543242b07fe5d170ae84/element (Caused by NewConnectionError("HTTPConnection(host='localhost', port=58075): Failed to establish a new connection: [Errno 111] Connection refused"))
2026-01-14 13:36:59,358 - WARNING - Retrying (Retry(total=2, connect=None, read=None, redirect=None, status=None)) after connection broken by 'NewConnectionError("HTTPConnection(host='localhost', port=58075): Failed to establish a new connection: [Errno 111] Connection refused")': /session/1c612b2bc9a1543242b07fe5d170ae84/element
2026-01-14 13:36:59,358 - WARNING - Retrying (Retry(total=1, connect=None, read=None, redirect=None, status=None)) after connection broken by 'NewConnectionError("HTTPConnection(host='localhost', port=58075): Failed to establish a new connection: [Errno 111] Connection refused")': /session/1c612b2bc9a1543242b07fe5d170ae84/element
2026-01-14 13:36:59,359 - WARNING - Retrying (Retry(total=0, connect=None, read=None, redirect=None, status=None)) after connection broken by 'NewConnectionError("HTTPConnection(host='localhost', port=58075): Failed to establish a new connection: [Errno 111] Connection refused")': /session/1c612b2bc9a1543242b07fe5d170ae84/element
2026-01-14 13:36:59,359 - ERROR - Erro ao cadastrar produto NOHP0005210 - HTTPConnectionPool(host='localhost', port=58075): Max retries exceeded with url: /session/1c612b2bc9a1543242b07fe5d170ae84/element (Caused by NewConnectionError("HTTPConnection(host='localhost', port=58075): Failed to establish a new connection: [Errno 111] Connection refused"))
2026-01-14 13:36:59,359 - WARNING - Retrying (Retry(total=2, connect=None, read=None, redirect=None, status=None)) after connection broken by 'NewConnectionError("HTTPConnection(host='localhost', port=58075): Failed to establish a new connection: [Errno 111] Connection refused")': /session/1c612b2bc9a1543242b07fe5d170ae84/element
2026-01-14 13:36:59,360 - WARNING - Retrying (Retry(total=1, connect=None, read=None, redirect=None, status=None)) after connection broken by 'NewConnectionError("HTTPConnection(host='localhost', port=58075): Failed to establish a new connection: [Errno 111] Connection refused")': /session/1c612b2bc9a1543242b07fe5d170ae84/element
2026-01-14 13:36:59,360 - WARNING - Retrying (Retry(total=0, connect=None, read=None, redirect=None, status=None)) after connection broken by 'NewConnectionError("HTTPConnection(host='localhost', port=58075): Failed to establish a new connection: [Errno 111] Connection refused")': /session/1c612b2bc9a1543242b07fe5d170ae84/element
2026-01-14 13:36:59,360 - ERROR - Erro ao cadastrar produto NOSA0001311 - HTTPConnectionPool(host='localhost', port=58075): Max retries exceeded with url: /session/1c612b2bc9a1543242b07fe5d170ae84/element (Caused by NewConnectionError("HTTPConnection(host='localhost', port=58075): Failed to establish a new connection: [Errno 111] Connection refused"))
2026-01-14 13:36:59,360 - WARNING - Retrying (Retry(total=2, connect=None, read=None, redirect=None, status=None)) after connection broken by 'NewConnectionError("HTTPConnection(host='localhost', port=58075): Failed to establish a new connection: [Errno 111] Connection refused")': /session/1c612b2bc9a1543242b07fe5d170ae84/element
2026-01-14 13:36:59,361 - WARNING - Retrying (Retry(total=1, connect=None, read=None, redirect=None, status=None)) after connection broken by 'NewConnectionError("HTTPConnection(host='localhost', port=58075): Failed to establish a new connection: [Errno 111] Connection refused")': /session/1c612b2bc9a1543242b07fe5d170ae84/element
2026-01-14 13:36:59,361 - WARNING - Retrying (Retry(total=0, connect=None, read=None, redirect=None, status=None)) after connection broken by 'NewConnectionError("HTTPConnection(host='localhost', port=58075): Failed to establish a new connection: [Errno 111] Connection refused")': /session/1c612b2bc9a1543242b07fe5d170ae84/element
2026-01-14 13:36:59,361 - ERROR - Erro ao cadastrar produto NOHP0003512 - HTTPConnectionPool(host='localhost', port=58075): Max retries exceeded with url: /session/1c612b2bc9a1543242b07fe5d170ae84/element (Caused by NewConnectionError("HTTPConnection(host='localhost', port=58075): Failed to establish a new connection: [Errno 111] Connection refused"))
2026-01-14 13:36:59,362 - WARNING - Retrying (Retry(total=2, connect=None, read=None, redirect=None, status=None)) after connection broken by 'NewConnectionError("HTTPConnection(host='localhost', port=58075): Failed to establish a new connection: [Errno 111] Connection refused")': /session/1c612b2bc9a1543242b07fe5d170ae84/element
2026-01-14 13:36:59,362 - WARNING - Retrying (Retry(total=1, connect=None, read=None, redirect=None, status=None)) after connection broken by 'NewConnectionError("HTTPConnection(host='localhost', port=58075): Failed to establish a new connection: [Errno 111] Connection refused")': /session/1c612b2bc9a1543242b07fe5d170ae84/element
2026-01-14 13:36:59,362 - WARNING - Retrying (Retry(total=0, connect=None, read=None, redirect=None, status=None)) after connection broken by 'NewConnectionError("HTTPConnection(host='localhost', port=58075): Failed to establish a new connection: [Errno 111] Connection refused")': /session/1c612b2bc9a1543242b07fe5d170ae84/element
2026-01-14 13:36:59,363 - ERROR - Erro ao cadastrar produto NOAS0006213 - HTTPConnectionPool(host='localhost', port=58075): Max retries exceeded with url: /session/1c612b2bc9a1543242b07fe5d170ae84/element (Caused by NewConnectionError("HTTPConnection(host='localhost', port=58075): Failed to establish a new connection: [Errno 111] Connection refused"))
2026-01-14 13:36:59,363 - WARNING - Retrying (Retry(total=2, connect=None, read=None, redirect=None, status=None)) after connection broken by 'NewConnectionError("HTTPConnection(host='localhost', port=58075): Failed to establish a new connection: [Errno 111] Connection refused")': /session/1c612b2bc9a1543242b07fe5d170ae84/element
2026-01-14 13:36:59,364 - WARNING - Retrying (Retry(total=1, connect=None, read=None, redirect=None, status=None)) after connection broken by 'NewConnectionError("HTTPConnection(host='localhost', port=58075): Failed to establish a new connection: [Errno 111] Connection refused")': /session/1c612b2bc9a1543242b07fe5d170ae84/element
2026-01-14 13:36:59,364 - WARNING - Retrying (Retry(total=0, connect=None, read=None, redirect=None, status=None)) after connection broken by 'NewConnectionError("HTTPConnection(host='localhost', port=58075): Failed to establish a new connection: [Errno 111] Connection refused")': /session/1c612b2bc9a1543242b07fe5d170ae84/element
2026-01-14 13:36:59,364 - ERROR - Erro ao cadastrar produto RESA000501 - HTTPConnectionPool(host='localhost', port=58075): Max retries exceeded with url: /session/1c612b2bc9a1543242b07fe5d170ae84/element (Caused by NewConnectionError("HTTPConnection(host='localhost', port=58075): Failed to establish a new connection: [Errno 111] Connection refused"))
2026-01-14 13:36:59,365 - WARNING - Retrying (Retry(total=2, connect=None, read=None, redirect=None, status=None)) after connection broken by 'NewConnectionError("HTTPConnection(host='localhost', port=58075): Failed to establish a new connection: [Errno 111] Connection refused")': /session/1c612b2bc9a1543242b07fe5d170ae84/element
2026-01-14 13:36:59,365 - WARNING - Retrying (Retry(total=1, connect=None, read=None, redirect=None, status=None)) after connection broken by 'NewConnectionError("HTTPConnection(host='localhost', port=58075): Failed to establish a new connection: [Errno 111] Connection refused")': /session/1c612b2bc9a1543242b07fe5d170ae84/element
2026-01-14 13:36:59,365 - WARNING - Retrying (Retry(total=0, connect=None, read=None, redirect=None, status=None)) after connection broken by 'NewConnectionError("HTTPConnection(host='localhost', port=58075): Failed to establish a new connection: [Errno 111] Connection refused")': /session/1c612b2bc9a1543242b07fe5d170ae84/element
2026-01-14 13:36:59,365 - ERROR - Erro ao cadastrar produto RESA000602 - HTTPConnectionPool(host='localhost', port=58075): Max retries exceeded with url: /session/1c612b2bc9a1543242b07fe5d170ae84/element (Caused by NewConnectionError("HTTPConnection(host='localhost', port=58075): Failed to establish a new connection: [Errno 111] Connection refused"))
2026-01-14 13:36:59,366 - WARNING - Retrying (Retry(total=2, connect=None, read=None, redirect=None, status=None)) after connection broken by 'NewConnectionError("HTTPConnection(host='localhost', port=58075): Failed to establish a new connection: [Errno 111] Connection refused")': /session/1c612b2bc9a1543242b07fe5d170ae84/element
2026-01-14 13:36:59,366 - WARNING - Retrying (Retry(total=1, connect=None, read=None, redirect=None, status=None)) after connection broken by 'NewConnectionError("HTTPConnection(host='localhost', port=58075): Failed to establish a new connection: [Errno 111] Connection refused")': /session/1c612b2bc9a1543242b07fe5d170ae84/element
2026-01-14 13:36:59,366 - WARNING - Retrying (Retry(total=0, connect=None, read=None, redirect=None, status=None)) after connection broken by 'NewConnectionError("HTTPConnection(host='localhost', port=58075): Failed to establish a new connection: [Errno 111] Connection refused")': /session/1c612b2bc9a1543242b07fe5d170ae84/element
2026-01-14 13:36:59,367 - ERROR - Erro ao cadastrar produto REAP000783 - HTTPConnectionPool(host='localhost', port=58075): Max retries exceeded with url: /session/1c612b2bc9a1543242b07fe5d170ae84/element (Caused by NewConnectionError("HTTPConnection(host='localhost', port=58075): Failed to establish a new connection: [Errno 111] Connection refused"))
2026-01-14 13:36:59,367 - WARNING - Retrying (Retry(total=2, connect=None, read=None, redirect=None, status=None)) after connection broken by 'NewConnectionError("HTTPConnection(host='localhost', port=58075): Failed to establish a new connection: [Errno 111] Connection refused")': /session/1c612b2bc9a1543242b07fe5d170ae84/element
2026-01-14 13:36:59,367 - WARNING - Retrying (Retry(total=1, connect=None, read=None, redirect=None, status=None)) after connection broken by 'NewConnectionError("HTTPConnection(host='localhost', port=58075): Failed to establish a new connection: [Errno 111] Connection refused")': /session/1c612b2bc9a1543242b07fe5d170ae84/element
2026-01-14 13:36:59,368 - WARNING - Retrying (Retry(total=0, connect=None, read=None, redirect=None, status=None)) after connection broken by 'NewConnectionError("HTTPConnection(host='localhost', port=58075): Failed to establish a new connection: [Errno 111] Connection refused")': /session/1c612b2bc9a1543242b07fe5d170ae84/element
2026-01-14 13:36:59,368 - ERROR - Erro ao cadastrar produto CESA000301 - HTTPConnectionPool(host='localhost', port=58075): Max retries exceeded with url: /session/1c612b2bc9a1543242b07fe5d170ae84/element (Caused by NewConnectionError("HTTPConnection(host='localhost', port=58075): Failed to establish a new connection: [Errno 111] Connection refused"))
2026-01-14 13:36:59,368 - WARNING - Retrying (Retry(total=2, connect=None, read=None, redirect=None, status=None)) after connection broken by 'NewConnectionError("HTTPConnection(host='localhost', port=58075): Failed to establish a new connection: [Errno 111] Connection refused")': /session/1c612b2bc9a1543242b07fe5d170ae84/element
2026-01-14 13:36:59,368 - WARNING - Retrying (Retry(total=1, connect=None, read=None, redirect=None, status=None)) after connection broken by 'NewConnectionError("HTTPConnection(host='localhost', port=58075): Failed to establish a new connection: [Errno 111] Connection refused")': /session/1c612b2bc9a1543242b07fe5d170ae84/element
2026-01-14 13:36:59,369 - WARNING - Retrying (Retry(total=0, connect=None, read=None, redirect=None, status=None)) after connection broken by 'NewConnectionError("HTTPConnection(host='localhost', port=58075): Failed to establish a new connection: [Errno 111] Connection refused")': /session/1c612b2bc9a1543242b07fe5d170ae84/element
2026-01-14 13:36:59,369 - ERROR - Erro ao cadastrar produto CESA000402 - HTTPConnectionPool(host='localhost', port=58075): Max retries exceeded with url: /session/1c612b2bc9a1543242b07fe5d170ae84/element (Caused by NewConnectionError("HTTPConnection(host='localhost', port=58075): Failed to establish a new connection: [Errno 111] Connection refused"))
2026-01-14 13:36:59,369 - WARNING - Retrying (Retry(total=2, connect=None, read=None, redirect=None, status=None)) after connection broken by 'NewConnectionError("HTTPConnection(host='localhost', port=58075): Failed to establish a new connection: [Errno 111] Connection refused")': /session/1c612b2bc9a1543242b07fe5d170ae84/element
2026-01-14 13:36:59,370 - WARNING - Retrying (Retry(total=1, connect=None, read=None, redirect=None, status=None)) after connection broken by 'NewConnectionError("HTTPConnection(host='localhost', port=58075): Failed to establish a new connection: [Errno 111] Connection refused")': /session/1c612b2bc9a1543242b07fe5d170ae84/element
2026-01-14 13:36:59,370 - WARNING - Retrying (Retry(total=0, connect=None, read=None, redirect=None, status=None)) after connection broken by 'NewConnectionError("HTTPConnection(host='localhost', port=58075): Failed to establish a new connection: [Errno 111] Connection refused")': /session/1c612b2bc9a1543242b07fe5d170ae84/element
2026-01-14 13:36:59,371 - ERROR - Erro ao cadastrar produto CESA000103 - HTTPConnectionPool(host='localhost', port=58075): Max retries exceeded with url: /session/1c612b2bc9a1543242b07fe5d170ae84/element (Caused by NewConnectionError("HTTPConnection(host='localhost', port=58075): Failed to establish a new connection: [Errno 111] Connection refused"))
2026-01-14 13:36:59,372 - WARNING - Retrying (Retry(total=2, connect=None, read=None, redirect=None, status=None)) after connection broken by 'NewConnectionError("HTTPConnection(host='localhost', port=58075): Failed to establish a new connection: [Errno 111] Connection refused")': /session/1c612b2bc9a1543242b07fe5d170ae84/element
2026-01-14 13:36:59,372 - WARNING - Retrying (Retry(total=1, connect=None, read=None, redirect=None, status=None)) after connection broken by 'NewConnectionError("HTTPConnection(host='localhost', port=58075): Failed to establish a new connection: [Errno 111] Connection refused")': /session/1c612b2bc9a1543242b07fe5d170ae84/element
2026-01-14 13:36:59,373 - WARNING - Retrying (Retry(total=0, connect=None, read=None, redirect=None, status=None)) after connection broken by 'NewConnectionError("HTTPConnection(host='localhost', port=58075): Failed to establish a new connection: [Errno 111] Connection refused")': /session/1c612b2bc9a1543242b07fe5d170ae84/element
2026-01-14 13:36:59,373 - ERROR - Erro ao cadastrar produto CESA000154 - HTTPConnectionPool(host='localhost', port=58075): Max retries exceeded with url: /session/1c612b2bc9a1543242b07fe5d170ae84/element (Caused by NewConnectionError("HTTPConnection(host='localhost', port=58075): Failed to establish a new connection: [Errno 111] Connection refused"))
2026-01-14 13:36:59,373 - WARNING - Retrying (Retry(total=2, connect=None, read=None, redirect=None, status=None)) after connection broken by 'NewConnectionError("HTTPConnection(host='localhost', port=58075): Failed to establish a new connection: [Errno 111] Connection refused")': /session/1c612b2bc9a1543242b07fe5d170ae84/element
2026-01-14 13:36:59,374 - WARNING - Retrying (Retry(total=1, connect=None, read=None, redirect=None, status=None)) after connection broken by 'NewConnectionError("HTTPConnection(host='localhost', port=58075): Failed to establish a new connection: [Errno 111] Connection refused")': /session/1c612b2bc9a1543242b07fe5d170ae84/element
2026-01-14 13:36:59,374 - WARNING - Retrying (Retry(total=0, connect=None, read=None, redirect=None, status=None)) after connection broken by 'NewConnectionError("HTTPConnection(host='localhost', port=58075): Failed to establish a new connection: [Errno 111] Connection refused")': /session/1c612b2bc9a1543242b07fe5d170ae84/element
2026-01-14 13:36:59,375 - ERROR - Erro ao cadastrar produto CESA000205 - HTTPConnectionPool(host='localhost', port=58075): Max retries exceeded with url: /session/1c612b2bc9a1543242b07fe5d170ae84/element (Caused by NewConnectionError("HTTPConnection(host='localhost', port=58075): Failed to establish a new connection: [Errno 111] Connection refused"))
2026-01-14 13:36:59,375 - WARNING - Retrying (Retry(total=2, connect=None, read=None, redirect=None, status=None)) after connection broken by 'NewConnectionError("HTTPConnection(host='localhost', port=58075): Failed to establish a new connection: [Errno 111] Connection refused")': /session/1c612b2bc9a1543242b07fe5d170ae84/element
2026-01-14 13:36:59,375 - WARNING - Retrying (Retry(total=1, connect=None, read=None, redirect=None, status=None)) after connection broken by 'NewConnectionError("HTTPConnection(host='localhost', port=58075): Failed to establish a new connection: [Errno 111] Connection refused")': /session/1c612b2bc9a1543242b07fe5d170ae84/element
2026-01-14 13:36:59,375 - WARNING - Retrying (Retry(total=0, connect=None, read=None, redirect=None, status=None)) after connection broken by 'NewConnectionError("HTTPConnection(host='localhost', port=58075): Failed to establish a new connection: [Errno 111] Connection refused")': /session/1c612b2bc9a1543242b07fe5d170ae84/element
2026-01-14 13:36:59,376 - ERROR - Erro ao cadastrar produto CESA000276 - HTTPConnectionPool(host='localhost', port=58075): Max retries exceeded with url: /session/1c612b2bc9a1543242b07fe5d170ae84/element (Caused by NewConnectionError("HTTPConnection(host='localhost', port=58075): Failed to establish a new connection: [Errno 111] Connection refused"))
2026-01-14 13:36:59,376 - WARNING - Retrying (Retry(total=2, connect=None, read=None, redirect=None, status=None)) after connection broken by 'NewConnectionError("HTTPConnection(host='localhost', port=58075): Failed to establish a new connection: [Errno 111] Connection refused")': /session/1c612b2bc9a1543242b07fe5d170ae84/element
2026-01-14 13:36:59,376 - WARNING - Retrying (Retry(total=1, connect=None, read=None, redirect=None, status=None)) after connection broken by 'NewConnectionError("HTTPConnection(host='localhost', port=58075): Failed to establish a new connection: [Errno 111] Connection refused")': /session/1c612b2bc9a1543242b07fe5d170ae84/element
2026-01-14 13:36:59,377 - WARNING - Retrying (Retry(total=0, connect=None, read=None, redirect=None, status=None)) after connection broken by 'NewConnectionError("HTTPConnection(host='localhost', port=58075): Failed to establish a new connection: [Errno 111] Connection refused")': /session/1c612b2bc9a1543242b07fe5d170ae84/element
2026-01-14 13:36:59,377 - ERROR - Erro ao cadastrar produto CESA000107 - HTTPConnectionPool(host='localhost', port=58075): Max retries exceeded with url: /session/1c612b2bc9a1543242b07fe5d170ae84/element (Caused by NewConnectionError("HTTPConnection(host='localhost', port=58075): Failed to establish a new connection: [Errno 111] Connection refused"))
2026-01-14 13:36:59,378 - WARNING - Retrying (Retry(total=2, connect=None, read=None, redirect=None, status=None)) after connection broken by 'NewConnectionError("HTTPConnection(host='localhost', port=58075): Failed to establish a new connection: [Errno 111] Connection refused")': /session/1c612b2bc9a1543242b07fe5d170ae84/element
2026-01-14 13:36:59,378 - WARNING - Retrying (Retry(total=1, connect=None, read=None, redirect=None, status=None)) after connection broken by 'NewConnectionError("HTTPConnection(host='localhost', port=58075): Failed to establish a new connection: [Errno 111] Connection refused")': /session/1c612b2bc9a1543242b07fe5d170ae84/element
2026-01-14 13:36:59,379 - WARNING - Retrying (Retry(total=0, connect=None, read=None, redirect=None, status=None)) after connection broken by 'NewConnectionError("HTTPConnection(host='localhost', port=58075): Failed to establish a new connection: [Errno 111] Connection refused")': /session/1c612b2bc9a1543242b07fe5d170ae84/element
2026-01-14 13:36:59,379 - ERROR - Erro ao cadastrar produto CESA000808 - HTTPConnectionPool(host='localhost', port=58075): Max retries exceeded with url: /session/1c612b2bc9a1543242b07fe5d170ae84/element (Caused by NewConnectionError("HTTPConnection(host='localhost', port=58075): Failed to establish a new connection: [Errno 111] Connection refused"))
2026-01-14 13:36:59,379 - WARNING - Retrying (Retry(total=2, connect=None, read=None, redirect=None, status=None)) after connection broken by 'NewConnectionError("HTTPConnection(host='localhost', port=58075): Failed to establish a new connection: [Errno 111] Connection refused")': /session/1c612b2bc9a1543242b07fe5d170ae84/element
2026-01-14 13:36:59,380 - WARNING - Retrying (Retry(total=1, connect=None, read=None, redirect=None, status=None)) after connection broken by 'NewConnectionError("HTTPConnection(host='localhost', port=58075): Failed to establish a new connection: [Errno 111] Connection refused")': /session/1c612b2bc9a1543242b07fe5d170ae84/element
2026-01-14 13:36:59,380 - WARNING - Retrying (Retry(total=0, connect=None, read=None, redirect=None, status=None)) after connection broken by 'NewConnectionError("HTTPConnection(host='localhost', port=58075): Failed to establish a new connection: [Errno 111] Connection refused")': /session/1c612b2bc9a1543242b07fe5d170ae84/element
2026-01-14 13:36:59,380 - ERROR - Erro ao cadastrar produto CESA000909 - HTTPConnectionPool(host='localhost', port=58075): Max retries exceeded with url: /session/1c612b2bc9a1543242b07fe5d170ae84/element (Caused by NewConnectionError("HTTPConnection(host='localhost', port=58075): Failed to establish a new connection: [Errno 111] Connection refused"))
2026-01-14 13:36:59,380 - WARNING - Retrying (Retry(total=2, connect=None, read=None, redirect=None, status=None)) after connection broken by 'NewConnectionError("HTTPConnection(host='localhost', port=58075): Failed to establish a new connection: [Errno 111] Connection refused")': /session/1c612b2bc9a1543242b07fe5d170ae84/element
2026-01-14 13:36:59,381 - WARNING - Retrying (Retry(total=1, connect=None, read=None, redirect=None, status=None)) after connection broken by 'NewConnectionError("HTTPConnection(host='localhost', port=58075): Failed to establish a new connection: [Errno 111] Connection refused")': /session/1c612b2bc9a1543242b07fe5d170ae84/element
2026-01-14 13:36:59,381 - WARNING - Retrying (Retry(total=0, connect=None, read=None, redirect=None, status=None)) after connection broken by 'NewConnectionError("HTTPConnection(host='localhost', port=58075): Failed to establish a new connection: [Errno 111] Connection refused")': /session/1c612b2bc9a1543242b07fe5d170ae84/element
2026-01-14 13:36:59,381 - ERROR - Erro ao cadastrar produto CESA0001210 - HTTPConnectionPool(host='localhost', port=58075): Max retries exceeded with url: /session/1c612b2bc9a1543242b07fe5d170ae84/element (Caused by NewConnectionError("HTTPConnection(host='localhost', port=58075): Failed to establish a new connection: [Errno 111] Connection refused"))
2026-01-14 13:36:59,382 - WARNING - Retrying (Retry(total=2, connect=None, read=None, redirect=None, status=None)) after connection broken by 'NewConnectionError("HTTPConnection(host='localhost', port=58075): Failed to establish a new connection: [Errno 111] Connection refused")': /session/1c612b2bc9a1543242b07fe5d170ae84/element
2026-01-14 13:36:59,382 - WARNING - Retrying (Retry(total=1, connect=None, read=None, redirect=None, status=None)) after connection broken by 'NewConnectionError("HTTPConnection(host='localhost', port=58075): Failed to establish a new connection: [Errno 111] Connection refused")': /session/1c612b2bc9a1543242b07fe5d170ae84/element
2026-01-14 13:36:59,382 - WARNING - Retrying (Retry(total=0, connect=None, read=None, redirect=None, status=None)) after connection broken by 'NewConnectionError("HTTPConnection(host='localhost', port=58075): Failed to establish a new connection: [Errno 111] Connection refused")': /session/1c612b2bc9a1543242b07fe5d170ae84/element
2026-01-14 13:36:59,383 - ERROR - Erro ao cadastrar produto CESA0001511 - HTTPConnectionPool(host='localhost', port=58075): Max retries exceeded with url: /session/1c612b2bc9a1543242b07fe5d170ae84/element (Caused by NewConnectionError("HTTPConnection(host='localhost', port=58075): Failed to establish a new connection: [Errno 111] Connection refused"))
2026-01-14 13:36:59,383 - WARNING - Retrying (Retry(total=2, connect=None, read=None, redirect=None, status=None)) after connection broken by 'NewConnectionError("HTTPConnection(host='localhost', port=58075): Failed to establish a new connection: [Errno 111] Connection refused")': /session/1c612b2bc9a1543242b07fe5d170ae84/element
2026-01-14 13:36:59,383 - WARNING - Retrying (Retry(total=1, connect=None, read=None, redirect=None, status=None)) after connection broken by 'NewConnectionError("HTTPConnection(host='localhost', port=58075): Failed to establish a new connection: [Errno 111] Connection refused")': /session/1c612b2bc9a1543242b07fe5d170ae84/element
2026-01-14 13:36:59,384 - WARNING - Retrying (Retry(total=0, connect=None, read=None, redirect=None, status=None)) after connection broken by 'NewConnectionError("HTTPConnection(host='localhost', port=58075): Failed to establish a new connection: [Errno 111] Connection refused")': /session/1c612b2bc9a1543242b07fe5d170ae84/element
2026-01-14 13:36:59,384 - ERROR - Erro ao cadastrar produto CESA0002012 - HTTPConnectionPool(host='localhost', port=58075): Max retries exceeded with url: /session/1c612b2bc9a1543242b07fe5d170ae84/element (Caused by NewConnectionError("HTTPConnection(host='localhost', port=58075): Failed to establish a new connection: [Errno 111] Connection refused"))
2026-01-14 13:36:59,384 - WARNING - Retrying (Retry(total=2, connect=None, read=None, redirect=None, status=None)) after connection broken by 'NewConnectionError("HTTPConnection(host='localhost', port=58075): Failed to establish a new connection: [Errno 111] Connection refused")': /session/1c612b2bc9a1543242b07fe5d170ae84/element
2026-01-14 13:36:59,384 - WARNING - Retrying (Retry(total=1, connect=None, read=None, redirect=None, status=None)) after connection broken by 'NewConnectionError("HTTPConnection(host='localhost', port=58075): Failed to establish a new connection: [Errno 111] Connection refused")': /session/1c612b2bc9a1543242b07fe5d170ae84/element
2026-01-14 13:36:59,385 - WARNING - Retrying (Retry(total=0, connect=None, read=None, redirect=None, status=None)) after connection broken by 'NewConnectionError("HTTPConnection(host='localhost', port=58075): Failed to establish a new connection: [Errno 111] Connection refused")': /session/1c612b2bc9a1543242b07fe5d170ae84/element
2026-01-14 13:36:59,385 - ERROR - Erro ao cadastrar produto CEXI0002513 - HTTPConnectionPool(host='localhost', port=58075): Max retries exceeded with url: /session/1c612b2bc9a1543242b07fe5d170ae84/element (Caused by NewConnectionError("HTTPConnection(host='localhost', port=58075): Failed to establish a new connection: [Errno 111] Connection refused"))
2026-01-14 13:36:59,385 - WARNING - Retrying (Retry(total=2, connect=None, read=None, redirect=None, status=None)) after connection broken by 'NewConnectionError("HTTPConnection(host='localhost', port=58075): Failed to establish a new connection: [Errno 111] Connection refused")': /session/1c612b2bc9a1543242b07fe5d170ae84/element
2026-01-14 13:36:59,386 - WARNING - Retrying (Retry(total=1, connect=None, read=None, redirect=None, status=None)) after connection broken by 'NewConnectionError("HTTPConnection(host='localhost', port=58075): Failed to establish a new connection: [Errno 111] Connection refused")': /session/1c612b2bc9a1543242b07fe5d170ae84/element
2026-01-14 13:36:59,386 - WARNING - Retrying (Retry(total=0, connect=None, read=None, redirect=None, status=None)) after connection broken by 'NewConnectionError("HTTPConnection(host='localhost', port=58075): Failed to establish a new connection: [Errno 111] Connection refused")': /session/1c612b2bc9a1543242b07fe5d170ae84/element
2026-01-14 13:36:59,386 - ERROR - Erro ao cadastrar produto CEXI0003114 - HTTPConnectionPool(host='localhost', port=58075): Max retries exceeded with url: /session/1c612b2bc9a1543242b07fe5d170ae84/element (Caused by NewConnectionError("HTTPConnection(host='localhost', port=58075): Failed to establish a new connection: [Errno 111] Connection refused"))
2026-01-14 13:36:59,387 - WARNING - Retrying (Retry(total=2, connect=None, read=None, redirect=None, status=None)) after connection broken by 'NewConnectionError("HTTPConnection(host='localhost', port=58075): Failed to establish a new connection: [Errno 111] Connection refused")': /session/1c612b2bc9a1543242b07fe5d170ae84/element
2026-01-14 13:36:59,387 - WARNING - Retrying (Retry(total=1, connect=None, read=None, redirect=None, status=None)) after connection broken by 'NewConnectionError("HTTPConnection(host='localhost', port=58075): Failed to establish a new connection: [Errno 111] Connection refused")': /session/1c612b2bc9a1543242b07fe5d170ae84/element
2026-01-14 13:36:59,388 - WARNING - Retrying (Retry(total=0, connect=None, read=None, redirect=None, status=None)) after connection broken by 'NewConnectionError("HTTPConnection(host='localhost', port=58075): Failed to establish a new connection: [Errno 111] Connection refused")': /session/1c612b2bc9a1543242b07fe5d170ae84/element
2026-01-14 13:36:59,388 - ERROR - Erro ao cadastrar produto CEXI0001515 - HTTPConnectionPool(host='localhost', port=58075): Max retries exceeded with url: /session/1c612b2bc9a1543242b07fe5d170ae84/element (Caused by NewConnectionError("HTTPConnection(host='localhost', port=58075): Failed to establish a new connection: [Errno 111] Connection refused"))
2026-01-14 13:36:59,389 - WARNING - Retrying (Retry(total=2, connect=None, read=None, redirect=None, status=None)) after connection broken by 'NewConnectionError("HTTPConnection(host='localhost', port=58075): Failed to establish a new connection: [Errno 111] Connection refused")': /session/1c612b2bc9a1543242b07fe5d170ae84/element
2026-01-14 13:36:59,390 - WARNING - Retrying (Retry(total=1, connect=None, read=None, redirect=None, status=None)) after connection broken by 'NewConnectionError("HTTPConnection(host='localhost', port=58075): Failed to establish a new connection: [Errno 111] Connection refused")': /session/1c612b2bc9a1543242b07fe5d170ae84/element
2026-01-14 13:36:59,390 - WARNING - Retrying (Retry(total=0, connect=None, read=None, redirect=None, status=None)) after connection broken by 'NewConnectionError("HTTPConnection(host='localhost', port=58075): Failed to establish a new connection: [Errno 111] Connection refused")': /session/1c612b2bc9a1543242b07fe5d170ae84/element
2026-01-14 13:36:59,390 - ERROR - Erro ao cadastrar produto CEXI0002116 - HTTPConnectionPool(host='localhost', port=58075): Max retries exceeded with url: /session/1c612b2bc9a1543242b07fe5d170ae84/element (Caused by NewConnectionError("HTTPConnection(host='localhost', port=58075): Failed to establish a new connection: [Errno 111] Connection refused"))
2026-01-14 13:36:59,391 - WARNING - Retrying (Retry(total=2, connect=None, read=None, redirect=None, status=None)) after connection broken by 'NewConnectionError("HTTPConnection(host='localhost', port=58075): Failed to establish a new connection: [Errno 111] Connection refused")': /session/1c612b2bc9a1543242b07fe5d170ae84/element
2026-01-14 13:36:59,391 - WARNING - Retrying (Retry(total=1, connect=None, read=None, redirect=None, status=None)) after connection broken by 'NewConnectionError("HTTPConnection(host='localhost', port=58075): Failed to establish a new connection: [Errno 111] Connection refused")': /session/1c612b2bc9a1543242b07fe5d170ae84/element
2026-01-14 13:36:59,392 - WARNING - Retrying (Retry(total=0, connect=None, read=None, redirect=None, status=None)) after connection broken by 'NewConnectionError("HTTPConnection(host='localhost', port=58075): Failed to establish a new connection: [Errno 111] Connection refused")': /session/1c612b2bc9a1543242b07fe5d170ae84/element
2026-01-14 13:36:59,392 - ERROR - Erro ao cadastrar produto CEXI0002417 - HTTPConnectionPool(host='localhost', port=58075): Max retries exceeded with url: /session/1c612b2bc9a1543242b07fe5d170ae84/element (Caused by NewConnectionError("HTTPConnection(host='localhost', port=58075): Failed to establish a new connection: [Errno 111] Connection refused"))
2026-01-14 13:36:59,393 - WARNING - Retrying (Retry(total=2, connect=None, read=None, redirect=None, status=None)) after connection broken by 'NewConnectionError("HTTPConnection(host='localhost', port=58075): Failed to establish a new connection: [Errno 111] Connection refused")': /session/1c612b2bc9a1543242b07fe5d170ae84/element
2026-01-14 13:36:59,393 - WARNING - Retrying (Retry(total=1, connect=None, read=None, redirect=None, status=None)) after connection broken by 'NewConnectionError("HTTPConnection(host='localhost', port=58075): Failed to establish a new connection: [Errno 111] Connection refused")': /session/1c612b2bc9a1543242b07fe5d170ae84/element
2026-01-14 13:36:59,394 - WARNING - Retrying (Retry(total=0, connect=None, read=None, redirect=None, status=None)) after connection broken by 'NewConnectionError("HTTPConnection(host='localhost', port=58075): Failed to establish a new connection: [Errno 111] Connection refused")': /session/1c612b2bc9a1543242b07fe5d170ae84/element
2026-01-14 13:36:59,394 - ERROR - Erro ao cadastrar produto CEXI0003218 - HTTPConnectionPool(host='localhost', port=58075): Max retries exceeded with url: /session/1c612b2bc9a1543242b07fe5d170ae84/element (Caused by NewConnectionError("HTTPConnection(host='localhost', port=58075): Failed to establish a new connection: [Errno 111] Connection refused"))
2026-01-14 13:36:59,395 - WARNING - Retrying (Retry(total=2, connect=None, read=None, redirect=None, status=None)) after connection broken by 'NewConnectionError("HTTPConnection(host='localhost', port=58075): Failed to establish a new connection: [Errno 111] Connection refused")': /session/1c612b2bc9a1543242b07fe5d170ae84/element
2026-01-14 13:36:59,395 - WARNING - Retrying (Retry(total=1, connect=None, read=None, redirect=None, status=None)) after connection broken by 'NewConnectionError("HTTPConnection(host='localhost', port=58075): Failed to establish a new connection: [Errno 111] Connection refused")': /session/1c612b2bc9a1543242b07fe5d170ae84/element
2026-01-14 13:36:59,395 - WARNING - Retrying (Retry(total=0, connect=None, read=None, redirect=None, status=None)) after connection broken by 'NewConnectionError("HTTPConnection(host='localhost', port=58075): Failed to establish a new connection: [Errno 111] Connection refused")': /session/1c612b2bc9a1543242b07fe5d170ae84/element
2026-01-14 13:36:59,396 - ERROR - Erro ao cadastrar produto CEXI0002919 - HTTPConnectionPool(host='localhost', port=58075): Max retries exceeded with url: /session/1c612b2bc9a1543242b07fe5d170ae84/element (Caused by NewConnectionError("HTTPConnection(host='localhost', port=58075): Failed to establish a new connection: [Errno 111] Connection refused"))
2026-01-14 13:36:59,396 - WARNING - Retrying (Retry(total=2, connect=None, read=None, redirect=None, status=None)) after connection broken by 'NewConnectionError("HTTPConnection(host='localhost', port=58075): Failed to establish a new connection: [Errno 111] Connection refused")': /session/1c612b2bc9a1543242b07fe5d170ae84/element
2026-01-14 13:36:59,396 - WARNING - Retrying (Retry(total=1, connect=None, read=None, redirect=None, status=None)) after connection broken by 'NewConnectionError("HTTPConnection(host='localhost', port=58075): Failed to establish a new connection: [Errno 111] Connection refused")': /session/1c612b2bc9a1543242b07fe5d170ae84/element
2026-01-14 13:36:59,397 - WARNING - Retrying (Retry(total=0, connect=None, read=None, redirect=None, status=None)) after connection broken by 'NewConnectionError("HTTPConnection(host='localhost', port=58075): Failed to establish a new connection: [Errno 111] Connection refused")': /session/1c612b2bc9a1543242b07fe5d170ae84/element
2026-01-14 13:36:59,397 - ERROR - Erro ao cadastrar produto CEXI0002420 - HTTPConnectionPool(host='localhost', port=58075): Max retries exceeded with url: /session/1c612b2bc9a1543242b07fe5d170ae84/element (Caused by NewConnectionError("HTTPConnection(host='localhost', port=58075): Failed to establish a new connection: [Errno 111] Connection refused"))
2026-01-14 13:36:59,397 - WARNING - Retrying (Retry(total=2, connect=None, read=None, redirect=None, status=None)) after connection broken by 'NewConnectionError("HTTPConnection(host='localhost', port=58075): Failed to establish a new connection: [Errno 111] Connection refused")': /session/1c612b2bc9a1543242b07fe5d170ae84/element
2026-01-14 13:36:59,397 - WARNING - Retrying (Retry(total=1, connect=None, read=None, redirect=None, status=None)) after connection broken by 'NewConnectionError("HTTPConnection(host='localhost', port=58075): Failed to establish a new connection: [Errno 111] Connection refused")': /session/1c612b2bc9a1543242b07fe5d170ae84/element
2026-01-14 13:36:59,398 - WARNING - Retrying (Retry(total=0, connect=None, read=None, redirect=None, status=None)) after connection broken by 'NewConnectionError("HTTPConnection(host='localhost', port=58075): Failed to establish a new connection: [Errno 111] Connection refused")': /session/1c612b2bc9a1543242b07fe5d170ae84/element
2026-01-14 13:36:59,398 - ERROR - Erro ao cadastrar produto CEXI0002521 - HTTPConnectionPool(host='localhost', port=58075): Max retries exceeded with url: /session/1c612b2bc9a1543242b07fe5d170ae84/element (Caused by NewConnectionError("HTTPConnection(host='localhost', port=58075): Failed to establish a new connection: [Errno 111] Connection refused"))
2026-01-14 13:36:59,398 - WARNING - Retrying (Retry(total=2, connect=None, read=None, redirect=None, status=None)) after connection broken by 'NewConnectionError("HTTPConnection(host='localhost', port=58075): Failed to establish a new connection: [Errno 111] Connection refused")': /session/1c612b2bc9a1543242b07fe5d170ae84/element
2026-01-14 13:36:59,399 - WARNING - Retrying (Retry(total=1, connect=None, read=None, redirect=None, status=None)) after connection broken by 'NewConnectionError("HTTPConnection(host='localhost', port=58075): Failed to establish a new connection: [Errno 111] Connection refused")': /session/1c612b2bc9a1543242b07fe5d170ae84/element
2026-01-14 13:36:59,399 - WARNING - Retrying (Retry(total=0, connect=None, read=None, redirect=None, status=None)) after connection broken by 'NewConnectionError("HTTPConnection(host='localhost', port=58075): Failed to establish a new connection: [Errno 111] Connection refused")': /session/1c612b2bc9a1543242b07fe5d170ae84/element
2026-01-14 13:36:59,399 - ERROR - Erro ao cadastrar produto CEXI0002722 - HTTPConnectionPool(host='localhost', port=58075): Max retries exceeded with url: /session/1c612b2bc9a1543242b07fe5d170ae84/element (Caused by NewConnectionError("HTTPConnection(host='localhost', port=58075): Failed to establish a new connection: [Errno 111] Connection refused"))
2026-01-14 13:36:59,400 - WARNING - Retrying (Retry(total=2, connect=None, read=None, redirect=None, status=None)) after connection broken by 'NewConnectionError("HTTPConnection(host='localhost', port=58075): Failed to establish a new connection: [Errno 111] Connection refused")': /session/1c612b2bc9a1543242b07fe5d170ae84/element
2026-01-14 13:36:59,400 - WARNING - Retrying (Retry(total=1, connect=None, read=None, redirect=None, status=None)) after connection broken by 'NewConnectionError("HTTPConnection(host='localhost', port=58075): Failed to establish a new connection: [Errno 111] Connection refused")': /session/1c612b2bc9a1543242b07fe5d170ae84/element
2026-01-14 13:36:59,400 - WARNING - Retrying (Retry(total=0, connect=None, read=None, redirect=None, status=None)) after connection broken by 'NewConnectionError("HTTPConnection(host='localhost', port=58075): Failed to establish a new connection: [Errno 111] Connection refused")': /session/1c612b2bc9a1543242b07fe5d170ae84/element
2026-01-14 13:36:59,400 - ERROR - Erro ao cadastrar produto CEXI0003523 - HTTPConnectionPool(host='localhost', port=58075): Max retries exceeded with url: /session/1c612b2bc9a1543242b07fe5d170ae84/element (Caused by NewConnectionError("HTTPConnection(host='localhost', port=58075): Failed to establish a new connection: [Errno 111] Connection refused"))
2026-01-14 13:36:59,401 - WARNING - Retrying (Retry(total=2, connect=None, read=None, redirect=None, status=None)) after connection broken by 'NewConnectionError("HTTPConnection(host='localhost', port=58075): Failed to establish a new connection: [Errno 111] Connection refused")': /session/1c612b2bc9a1543242b07fe5d170ae84/element
2026-01-14 13:36:59,401 - WARNING - Retrying (Retry(total=1, connect=None, read=None, redirect=None, status=None)) after connection broken by 'NewConnectionError("HTTPConnection(host='localhost', port=58075): Failed to establish a new connection: [Errno 111] Connection refused")': /session/1c612b2bc9a1543242b07fe5d170ae84/element
2026-01-14 13:36:59,401 - WARNING - Retrying (Retry(total=0, connect=None, read=None, redirect=None, status=None)) after connection broken by 'NewConnectionError("HTTPConnection(host='localhost', port=58075): Failed to establish a new connection: [Errno 111] Connection refused")': /session/1c612b2bc9a1543242b07fe5d170ae84/element
2026-01-14 13:36:59,402 - ERROR - Erro ao cadastrar produto CEMO0006924 - HTTPConnectionPool(host='localhost', port=58075): Max retries exceeded with url: /session/1c612b2bc9a1543242b07fe5d170ae84/element (Caused by NewConnectionError("HTTPConnection(host='localhost', port=58075): Failed to establish a new connection: [Errno 111] Connection refused"))
2026-01-14 13:36:59,402 - WARNING - Retrying (Retry(total=2, connect=None, read=None, redirect=None, status=None)) after connection broken by 'NewConnectionError("HTTPConnection(host='localhost', port=58075): Failed to establish a new connection: [Errno 111] Connection refused")': /session/1c612b2bc9a1543242b07fe5d170ae84/element
2026-01-14 13:36:59,402 - WARNING - Retrying (Retry(total=1, connect=None, read=None, redirect=None, status=None)) after connection broken by 'NewConnectionError("HTTPConnection(host='localhost', port=58075): Failed to establish a new connection: [Errno 111] Connection refused")': /session/1c612b2bc9a1543242b07fe5d170ae84/element
2026-01-14 13:36:59,403 - WARNING - Retrying (Retry(total=0, connect=None, read=None, redirect=None, status=None)) after connection broken by 'NewConnectionError("HTTPConnection(host='localhost', port=58075): Failed to establish a new connection: [Errno 111] Connection refused")': /session/1c612b2bc9a1543242b07fe5d170ae84/element
2026-01-14 13:36:59,403 - ERROR - Erro ao cadastrar produto CEMO0009925 - HTTPConnectionPool(host='localhost', port=58075): Max retries exceeded with url: /session/1c612b2bc9a1543242b07fe5d170ae84/element (Caused by NewConnectionError("HTTPConnection(host='localhost', port=58075): Failed to establish a new connection: [Errno 111] Connection refused"))
2026-01-14 13:36:59,404 - WARNING - Retrying (Retry(total=2, connect=None, read=None, redirect=None, status=None)) after connection broken by 'NewConnectionError("HTTPConnection(host='localhost', port=58075): Failed to establish a new connection: [Errno 111] Connection refused")': /session/1c612b2bc9a1543242b07fe5d170ae84/element
2026-01-14 13:36:59,404 - WARNING - Retrying (Retry(total=1, connect=None, read=None, redirect=None, status=None)) after connection broken by 'NewConnectionError("HTTPConnection(host='localhost', port=58075): Failed to establish a new connection: [Errno 111] Connection refused")': /session/1c612b2bc9a1543242b07fe5d170ae84/element
2026-01-14 13:36:59,405 - WARNING - Retrying (Retry(total=0, connect=None, read=None, redirect=None, status=None)) after connection broken by 'NewConnectionError("HTTPConnection(host='localhost', port=58075): Failed to establish a new connection: [Errno 111] Connection refused")': /session/1c612b2bc9a1543242b07fe5d170ae84/element
2026-01-14 13:36:59,405 - ERROR - Erro ao cadastrar produto NOLE000741 - HTTPConnectionPool(host='localhost', port=58075): Max retries exceeded with url: /session/1c612b2bc9a1543242b07fe5d170ae84/element (Caused by NewConnectionError("HTTPConnection(host='localhost', port=58075): Failed to establish a new connection: [Errno 111] Connection refused"))
2026-01-14 13:36:59,406 - WARNING - Retrying (Retry(total=2, connect=None, read=None, redirect=None, status=None)) after connection broken by 'NewConnectionError("HTTPConnection(host='localhost', port=58075): Failed to establish a new connection: [Errno 111] Connection refused")': /session/1c612b2bc9a1543242b07fe5d170ae84/element
2026-01-14 13:36:59,406 - WARNING - Retrying (Retry(total=1, connect=None, read=None, redirect=None, status=None)) after connection broken by 'NewConnectionError("HTTPConnection(host='localhost', port=58075): Failed to establish a new connection: [Errno 111] Connection refused")': /session/1c612b2bc9a1543242b07fe5d170ae84/element
2026-01-14 13:36:59,407 - WARNING - Retrying (Retry(total=0, connect=None, read=None, redirect=None, status=None)) after connection broken by 'NewConnectionError("HTTPConnection(host='localhost', port=58075): Failed to establish a new connection: [Errno 111] Connection refused")': /session/1c612b2bc9a1543242b07fe5d170ae84/element
2026-01-14 13:36:59,407 - ERROR - Erro ao cadastrar produto NODE000492 - HTTPConnectionPool(host='localhost', port=58075): Max retries exceeded with url: /session/1c612b2bc9a1543242b07fe5d170ae84/element (Caused by NewConnectionError("HTTPConnection(host='localhost', port=58075): Failed to establish a new connection: [Errno 111] Connection refused"))
2026-01-14 13:36:59,407 - WARNING - Retrying (Retry(total=2, connect=None, read=None, redirect=None, status=None)) after connection broken by 'NewConnectionError("HTTPConnection(host='localhost', port=58075): Failed to establish a new connection: [Errno 111] Connection refused")': /session/1c612b2bc9a1543242b07fe5d170ae84/element
2026-01-14 13:36:59,408 - WARNING - Retrying (Retry(total=1, connect=None, read=None, redirect=None, status=None)) after connection broken by 'NewConnectionError("HTTPConnection(host='localhost', port=58075): Failed to establish a new connection: [Errno 111] Connection refused")': /session/1c612b2bc9a1543242b07fe5d170ae84/element
2026-01-14 13:36:59,408 - WARNING - Retrying (Retry(total=0, connect=None, read=None, redirect=None, status=None)) after connection broken by 'NewConnectionError("HTTPConnection(host='localhost', port=58075): Failed to establish a new connection: [Errno 111] Connection refused")': /session/1c612b2bc9a1543242b07fe5d170ae84/element
2026-01-14 13:36:59,408 - ERROR - Erro ao cadastrar produto NOAS000153 - HTTPConnectionPool(host='localhost', port=58075): Max retries exceeded with url: /session/1c612b2bc9a1543242b07fe5d170ae84/element (Caused by NewConnectionError("HTTPConnection(host='localhost', port=58075): Failed to establish a new connection: [Errno 111] Connection refused"))
2026-01-14 13:36:59,409 - WARNING - Retrying (Retry(total=2, connect=None, read=None, redirect=None, status=None)) after connection broken by 'NewConnectionError("HTTPConnection(host='localhost', port=58075): Failed to establish a new connection: [Errno 111] Connection refused")': /session/1c612b2bc9a1543242b07fe5d170ae84/element
2026-01-14 13:36:59,409 - WARNING - Retrying (Retry(total=1, connect=None, read=None, redirect=None, status=None)) after connection broken by 'NewConnectionError("HTTPConnection(host='localhost', port=58075): Failed to establish a new connection: [Errno 111] Connection refused")': /session/1c612b2bc9a1543242b07fe5d170ae84/element
2026-01-14 13:36:59,410 - WARNING - Retrying (Retry(total=0, connect=None, read=None, redirect=None, status=None)) after connection broken by 'NewConnectionError("HTTPConnection(host='localhost', port=58075): Failed to establish a new connection: [Errno 111] Connection refused")': /session/1c612b2bc9a1543242b07fe5d170ae84/element
2026-01-14 13:36:59,410 - ERROR - Erro ao cadastrar produto NOHP000594 - HTTPConnectionPool(host='localhost', port=58075): Max retries exceeded with url: /session/1c612b2bc9a1543242b07fe5d170ae84/element (Caused by NewConnectionError("HTTPConnection(host='localhost', port=58075): Failed to establish a new connection: [Errno 111] Connection refused"))
2026-01-14 13:36:59,410 - WARNING - Retrying (Retry(total=2, connect=None, read=None, redirect=None, status=None)) after connection broken by 'NewConnectionError("HTTPConnection(host='localhost', port=58075): Failed to establish a new connection: [Errno 111] Connection refused")': /session/1c612b2bc9a1543242b07fe5d170ae84/element
2026-01-14 13:36:59,411 - WARNING - Retrying (Retry(total=1, connect=None, read=None, redirect=None, status=None)) after connection broken by 'NewConnectionError("HTTPConnection(host='localhost', port=58075): Failed to establish a new connection: [Errno 111] Connection refused")': /session/1c612b2bc9a1543242b07fe5d170ae84/element
2026-01-14 13:36:59,411 - WARNING - Retrying (Retry(total=0, connect=None, read=None, redirect=None, status=None)) after connection broken by 'NewConnectionError("HTTPConnection(host='localhost', port=58075): Failed to establish a new connection: [Errno 111] Connection refused")': /session/1c612b2bc9a1543242b07fe5d170ae84/element
2026-01-14 13:36:59,411 - ERROR - Erro ao cadastrar produto NOAC000525 - HTTPConnectionPool(host='localhost', port=58075): Max retries exceeded with url: /session/1c612b2bc9a1543242b07fe5d170ae84/element (Caused by NewConnectionError("HTTPConnection(host='localhost', port=58075): Failed to establish a new connection: [Errno 111] Connection refused"))
2026-01-14 13:36:59,412 - WARNING - Retrying (Retry(total=2, connect=None, read=None, redirect=None, status=None)) after connection broken by 'NewConnectionError("HTTPConnection(host='localhost', port=58075): Failed to establish a new connection: [Errno 111] Connection refused")': /session/1c612b2bc9a1543242b07fe5d170ae84/element
2026-01-14 13:36:59,412 - WARNING - Retrying (Retry(total=1, connect=None, read=None, redirect=None, status=None)) after connection broken by 'NewConnectionError("HTTPConnection(host='localhost', port=58075): Failed to establish a new connection: [Errno 111] Connection refused")': /session/1c612b2bc9a1543242b07fe5d170ae84/element
2026-01-14 13:36:59,412 - WARNING - Retrying (Retry(total=0, connect=None, read=None, redirect=None, status=None)) after connection broken by 'NewConnectionError("HTTPConnection(host='localhost', port=58075): Failed to establish a new connection: [Errno 111] Connection refused")': /session/1c612b2bc9a1543242b07fe5d170ae84/element
2026-01-14 13:36:59,412 - ERROR - Erro ao cadastrar produto NOAC000216 - HTTPConnectionPool(host='localhost', port=58075): Max retries exceeded with url: /session/1c612b2bc9a1543242b07fe5d170ae84/element (Caused by NewConnectionError("HTTPConnection(host='localhost', port=58075): Failed to establish a new connection: [Errno 111] Connection refused"))
2026-01-14 13:36:59,413 - WARNING - Retrying (Retry(total=2, connect=None, read=None, redirect=None, status=None)) after connection broken by 'NewConnectionError("HTTPConnection(host='localhost', port=58075): Failed to establish a new connection: [Errno 111] Connection refused")': /session/1c612b2bc9a1543242b07fe5d170ae84/element
2026-01-14 13:36:59,413 - WARNING - Retrying (Retry(total=1, connect=None, read=None, redirect=None, status=None)) after connection broken by 'NewConnectionError("HTTPConnection(host='localhost', port=58075): Failed to establish a new connection: [Errno 111] Connection refused")': /session/1c612b2bc9a1543242b07fe5d170ae84/element
2026-01-14 13:36:59,413 - WARNING - Retrying (Retry(total=0, connect=None, read=None, redirect=None, status=None)) after connection broken by 'NewConnectionError("HTTPConnection(host='localhost', port=58075): Failed to establish a new connection: [Errno 111] Connection refused")': /session/1c612b2bc9a1543242b07fe5d170ae84/element
2026-01-14 13:36:59,414 - ERROR - Erro ao cadastrar produto NOAC000127 - HTTPConnectionPool(host='localhost', port=58075): Max retries exceeded with url: /session/1c612b2bc9a1543242b07fe5d170ae84/element (Caused by NewConnectionError("HTTPConnection(host='localhost', port=58075): Failed to establish a new connection: [Errno 111] Connection refused"))
2026-01-14 13:36:59,414 - WARNING - Retrying (Retry(total=2, connect=None, read=None, redirect=None, status=None)) after connection broken by 'NewConnectionError("HTTPConnection(host='localhost', port=58075): Failed to establish a new connection: [Errno 111] Connection refused")': /session/1c612b2bc9a1543242b07fe5d170ae84/element
2026-01-14 13:36:59,414 - WARNING - Retrying (Retry(total=1, connect=None, read=None, redirect=None, status=None)) after connection broken by 'NewConnectionError("HTTPConnection(host='localhost', port=58075): Failed to establish a new connection: [Errno 111] Connection refused")': /session/1c612b2bc9a1543242b07fe5d170ae84/element
2026-01-14 13:36:59,415 - WARNING - Retrying (Retry(total=0, connect=None, read=None, redirect=None, status=None)) after connection broken by 'NewConnectionError("HTTPConnection(host='localhost', port=58075): Failed to establish a new connection: [Errno 111] Connection refused")': /session/1c612b2bc9a1543242b07fe5d170ae84/element
2026-01-14 13:36:59,415 - ERROR - Erro ao cadastrar produto NODE000608 - HTTPConnectionPool(host='localhost', port=58075): Max retries exceeded with url: /session/1c612b2bc9a1543242b07fe5d170ae84/element (Caused by NewConnectionError("HTTPConnection(host='localhost', port=58075): Failed to establish a new connection: [Errno 111] Connection refused"))
2026-01-14 13:36:59,415 - WARNING - Retrying (Retry(total=2, connect=None, read=None, redirect=None, status=None)) after connection broken by 'NewConnectionError("HTTPConnection(host='localhost', port=58075): Failed to establish a new connection: [Errno 111] Connection refused")': /session/1c612b2bc9a1543242b07fe5d170ae84/element
2026-01-14 13:36:59,416 - WARNING - Retrying (Retry(total=1, connect=None, read=None, redirect=None, status=None)) after connection broken by 'NewConnectionError("HTTPConnection(host='localhost', port=58075): Failed to establish a new connection: [Errno 111] Connection refused")': /session/1c612b2bc9a1543242b07fe5d170ae84/element
2026-01-14 13:36:59,416 - WARNING - Retrying (Retry(total=0, connect=None, read=None, redirect=None, status=None)) after connection broken by 'NewConnectionError("HTTPConnection(host='localhost', port=58075): Failed to establish a new connection: [Errno 111] Connection refused")': /session/1c612b2bc9a1543242b07fe5d170ae84/element
2026-01-14 13:36:59,416 - ERROR - Erro ao cadastrar produto NODE000749 - HTTPConnectionPool(host='localhost', port=58075): Max retries exceeded with url: /session/1c612b2bc9a1543242b07fe5d170ae84/element (Caused by NewConnectionError("HTTPConnection(host='localhost', port=58075): Failed to establish a new connection: [Errno 111] Connection refused"))
2026-01-14 13:36:59,417 - WARNING - Retrying (Retry(total=2, connect=None, read=None, redirect=None, status=None)) after connection broken by 'NewConnectionError("HTTPConnection(host='localhost', port=58075): Failed to establish a new connection: [Errno 111] Connection refused")': /session/1c612b2bc9a1543242b07fe5d170ae84/element
2026-01-14 13:36:59,417 - WARNING - Retrying (Retry(total=1, connect=None, read=None, redirect=None, status=None)) after connection broken by 'NewConnectionError("HTTPConnection(host='localhost', port=58075): Failed to establish a new connection: [Errno 111] Connection refused")': /session/1c612b2bc9a1543242b07fe5d170ae84/element
2026-01-14 13:36:59,417 - WARNING - Retrying (Retry(total=0, connect=None, read=None, redirect=None, status=None)) after connection broken by 'NewConnectionError("HTTPConnection(host='localhost', port=58075): Failed to establish a new connection: [Errno 111] Connection refused")': /session/1c612b2bc9a1543242b07fe5d170ae84/element
2026-01-14 13:36:59,417 - ERROR - Erro ao cadastrar produto NOHP0007510 - HTTPConnectionPool(host='localhost', port=58075): Max retries exceeded with url: /session/1c612b2bc9a1543242b07fe5d170ae84/element (Caused by NewConnectionError("HTTPConnection(host='localhost', port=58075): Failed to establish a new connection: [Errno 111] Connection refused"))
2026-01-14 13:36:59,418 - WARNING - Retrying (Retry(total=2, connect=None, read=None, redirect=None, status=None)) after connection broken by 'NewConnectionError("HTTPConnection(host='localhost', port=58075): Failed to establish a new connection: [Errno 111] Connection refused")': /session/1c612b2bc9a1543242b07fe5d170ae84/element
2026-01-14 13:36:59,418 - WARNING - Retrying (Retry(total=1, connect=None, read=None, redirect=None, status=None)) after connection broken by 'NewConnectionError("HTTPConnection(host='localhost', port=58075): Failed to establish a new connection: [Errno 111] Connection refused")': /session/1c612b2bc9a1543242b07fe5d170ae84/element
2026-01-14 13:36:59,418 - WARNING - Retrying (Retry(total=0, connect=None, read=None, redirect=None, status=None)) after connection broken by 'NewConnectionError("HTTPConnection(host='localhost', port=58075): Failed to establish a new connection: [Errno 111] Connection refused")': /session/1c612b2bc9a1543242b07fe5d170ae84/element
2026-01-14 13:36:59,419 - ERROR - Erro ao cadastrar produto NOLE0009911 - HTTPConnectionPool(host='localhost', port=58075): Max retries exceeded with url: /session/1c612b2bc9a1543242b07fe5d170ae84/element (Caused by NewConnectionError("HTTPConnection(host='localhost', port=58075): Failed to establish a new connection: [Errno 111] Connection refused"))
2026-01-14 13:36:59,419 - WARNING - Retrying (Retry(total=2, connect=None, read=None, redirect=None, status=None)) after connection broken by 'NewConnectionError("HTTPConnection(host='localhost', port=58075): Failed to establish a new connection: [Errno 111] Connection refused")': /session/1c612b2bc9a1543242b07fe5d170ae84/element
2026-01-14 13:36:59,419 - WARNING - Retrying (Retry(total=1, connect=None, read=None, redirect=None, status=None)) after connection broken by 'NewConnectionError("HTTPConnection(host='localhost', port=58075): Failed to establish a new connection: [Errno 111] Connection refused")': /session/1c612b2bc9a1543242b07fe5d170ae84/element
2026-01-14 13:36:59,420 - WARNING - Retrying (Retry(total=0, connect=None, read=None, redirect=None, status=None)) after connection broken by 'NewConnectionError("HTTPConnection(host='localhost', port=58075): Failed to establish a new connection: [Errno 111] Connection refused")': /session/1c612b2bc9a1543242b07fe5d170ae84/element
2026-01-14 13:36:59,420 - ERROR - Erro ao cadastrar produto CAHA000271 - HTTPConnectionPool(host='localhost', port=58075): Max retries exceeded with url: /session/1c612b2bc9a1543242b07fe5d170ae84/element (Caused by NewConnectionError("HTTPConnection(host='localhost', port=58075): Failed to establish a new connection: [Errno 111] Connection refused"))
2026-01-14 13:36:59,421 - WARNING - Retrying (Retry(total=2, connect=None, read=None, redirect=None, status=None)) after connection broken by 'NewConnectionError("HTTPConnection(host='localhost', port=58075): Failed to establish a new connection: [Errno 111] Connection refused")': /session/1c612b2bc9a1543242b07fe5d170ae84/element
2026-01-14 13:36:59,422 - WARNING - Retrying (Retry(total=1, connect=None, read=None, redirect=None, status=None)) after connection broken by 'NewConnectionError("HTTPConnection(host='localhost', port=58075): Failed to establish a new connection: [Errno 111] Connection refused")': /session/1c612b2bc9a1543242b07fe5d170ae84/element
2026-01-14 13:36:59,423 - WARNING - Retrying (Retry(total=0, connect=None, read=None, redirect=None, status=None)) after connection broken by 'NewConnectionError("HTTPConnection(host='localhost', port=58075): Failed to establish a new connection: [Errno 111] Connection refused")': /session/1c612b2bc9a1543242b07fe5d170ae84/element
2026-01-14 13:36:59,423 - ERROR - Erro ao cadastrar produto TELO000131 - HTTPConnectionPool(host='localhost', port=58075): Max retries exceeded with url: /session/1c612b2bc9a1543242b07fe5d170ae84/element (Caused by NewConnectionError("HTTPConnection(host='localhost', port=58075): Failed to establish a new connection: [Errno 111] Connection refused"))
2026-01-14 13:36:59,424 - WARNING - Retrying (Retry(total=2, connect=None, read=None, redirect=None, status=None)) after connection broken by 'NewConnectionError("HTTPConnection(host='localhost', port=58075): Failed to establish a new connection: [Errno 111] Connection refused")': /session/1c612b2bc9a1543242b07fe5d170ae84/element
2026-01-14 13:36:59,424 - WARNING - Retrying (Retry(total=1, connect=None, read=None, redirect=None, status=None)) after connection broken by 'NewConnectionError("HTTPConnection(host='localhost', port=58075): Failed to establish a new connection: [Errno 111] Connection refused")': /session/1c612b2bc9a1543242b07fe5d170ae84/element
2026-01-14 13:36:59,424 - WARNING - Retrying (Retry(total=0, connect=None, read=None, redirect=None, status=None)) after connection broken by 'NewConnectionError("HTTPConnection(host='localhost', port=58075): Failed to establish a new connection: [Errno 111] Connection refused")': /session/1c612b2bc9a1543242b07fe5d170ae84/element
2026-01-14 13:36:59,425 - ERROR - Erro ao cadastrar produto TEDE000362 - HTTPConnectionPool(host='localhost', port=58075): Max retries exceeded with url: /session/1c612b2bc9a1543242b07fe5d170ae84/element (Caused by NewConnectionError("HTTPConnection(host='localhost', port=58075): Failed to establish a new connection: [Errno 111] Connection refused"))
2026-01-14 13:36:59,425 - WARNING - Retrying (Retry(total=2, connect=None, read=None, redirect=None, status=None)) after connection broken by 'NewConnectionError("HTTPConnection(host='localhost', port=58075): Failed to establish a new connection: [Errno 111] Connection refused")': /session/1c612b2bc9a1543242b07fe5d170ae84/element
2026-01-14 13:36:59,426 - WARNING - Retrying (Retry(total=1, connect=None, read=None, redirect=None, status=None)) after connection broken by 'NewConnectionError("HTTPConnection(host='localhost', port=58075): Failed to establish a new connection: [Errno 111] Connection refused")': /session/1c612b2bc9a1543242b07fe5d170ae84/element
2026-01-14 13:36:59,426 - WARNING - Retrying (Retry(total=0, connect=None, read=None, redirect=None, status=None)) after connection broken by 'NewConnectionError("HTTPConnection(host='localhost', port=58075): Failed to establish a new connection: [Errno 111] Connection refused")': /session/1c612b2bc9a1543242b07fe5d170ae84/element
2026-01-14 13:36:59,426 - ERROR - Erro ao cadastrar produto TELO000443 - HTTPConnectionPool(host='localhost', port=58075): Max retries exceeded with url: /session/1c612b2bc9a1543242b07fe5d170ae84/element (Caused by NewConnectionError("HTTPConnection(host='localhost', port=58075): Failed to establish a new connection: [Errno 111] Connection refused"))
2026-01-14 13:36:59,427 - WARNING - Retrying (Retry(total=2, connect=None, read=None, redirect=None, status=None)) after connection broken by 'NewConnectionError("HTTPConnection(host='localhost', port=58075): Failed to establish a new connection: [Errno 111] Connection refused")': /session/1c612b2bc9a1543242b07fe5d170ae84/element
2026-01-14 13:36:59,427 - WARNING - Retrying (Retry(total=1, connect=None, read=None, redirect=None, status=None)) after connection broken by 'NewConnectionError("HTTPConnection(host='localhost', port=58075): Failed to establish a new connection: [Errno 111] Connection refused")': /session/1c612b2bc9a1543242b07fe5d170ae84/element
2026-01-14 13:36:59,427 - WARNING - Retrying (Retry(total=0, connect=None, read=None, redirect=None, status=None)) after connection broken by 'NewConnectionError("HTTPConnection(host='localhost', port=58075): Failed to establish a new connection: [Errno 111] Connection refused")': /session/1c612b2bc9a1543242b07fe5d170ae84/element
2026-01-14 13:36:59,428 - ERROR - Erro ao cadastrar produto TEDE000484 - HTTPConnectionPool(host='localhost', port=58075): Max retries exceeded with url: /session/1c612b2bc9a1543242b07fe5d170ae84/element (Caused by NewConnectionError("HTTPConnection(host='localhost', port=58075): Failed to establish a new connection: [Errno 111] Connection refused"))
2026-01-14 13:36:59,428 - WARNING - Retrying (Retry(total=2, connect=None, read=None, redirect=None, status=None)) after connection broken by 'NewConnectionError("HTTPConnection(host='localhost', port=58075): Failed to establish a new connection: [Errno 111] Connection refused")': /session/1c612b2bc9a1543242b07fe5d170ae84/element
2026-01-14 13:36:59,428 - WARNING - Retrying (Retry(total=1, connect=None, read=None, redirect=None, status=None)) after connection broken by 'NewConnectionError("HTTPConnection(host='localhost', port=58075): Failed to establish a new connection: [Errno 111] Connection refused")': /session/1c612b2bc9a1543242b07fe5d170ae84/element
2026-01-14 13:36:59,429 - WARNING - Retrying (Retry(total=0, connect=None, read=None, redirect=None, status=None)) after connection broken by 'NewConnectionError("HTTPConnection(host='localhost', port=58075): Failed to establish a new connection: [Errno 111] Connection refused")': /session/1c612b2bc9a1543242b07fe5d170ae84/element
2026-01-14 13:36:59,429 - ERROR - Erro ao cadastrar produto MOLG000121 - HTTPConnectionPool(host='localhost', port=58075): Max retries exceeded with url: /session/1c612b2bc9a1543242b07fe5d170ae84/element (Caused by NewConnectionError("HTTPConnection(host='localhost', port=58075): Failed to establish a new connection: [Errno 111] Connection refused"))
2026-01-14 13:36:59,429 - WARNING - Retrying (Retry(total=2, connect=None, read=None, redirect=None, status=None)) after connection broken by 'NewConnectionError("HTTPConnection(host='localhost', port=58075): Failed to establish a new connection: [Errno 111] Connection refused")': /session/1c612b2bc9a1543242b07fe5d170ae84/element
2026-01-14 13:36:59,430 - WARNING - Retrying (Retry(total=1, connect=None, read=None, redirect=None, status=None)) after connection broken by 'NewConnectionError("HTTPConnection(host='localhost', port=58075): Failed to establish a new connection: [Errno 111] Connection refused")': /session/1c612b2bc9a1543242b07fe5d170ae84/element
2026-01-14 13:36:59,430 - WARNING - Retrying (Retry(total=0, connect=None, read=None, redirect=None, status=None)) after connection broken by 'NewConnectionError("HTTPConnection(host='localhost', port=58075): Failed to establish a new connection: [Errno 111] Connection refused")': /session/1c612b2bc9a1543242b07fe5d170ae84/element
2026-01-14 13:36:59,430 - ERROR - Erro ao cadastrar produto MOSA000152 - HTTPConnectionPool(host='localhost', port=58075): Max retries exceeded with url: /session/1c612b2bc9a1543242b07fe5d170ae84/element (Caused by NewConnectionError("HTTPConnection(host='localhost', port=58075): Failed to establish a new connection: [Errno 111] Connection refused"))
2026-01-14 13:36:59,431 - WARNING - Retrying (Retry(total=2, connect=None, read=None, redirect=None, status=None)) after connection broken by 'NewConnectionError("HTTPConnection(host='localhost', port=58075): Failed to establish a new connection: [Errno 111] Connection refused")': /session/1c612b2bc9a1543242b07fe5d170ae84/element
2026-01-14 13:36:59,431 - WARNING - Retrying (Retry(total=1, connect=None, read=None, redirect=None, status=None)) after connection broken by 'NewConnectionError("HTTPConnection(host='localhost', port=58075): Failed to establish a new connection: [Errno 111] Connection refused")': /session/1c612b2bc9a1543242b07fe5d170ae84/element
2026-01-14 13:36:59,431 - WARNING - Retrying (Retry(total=0, connect=None, read=None, redirect=None, status=None)) after connection broken by 'NewConnectionError("HTTPConnection(host='localhost', port=58075): Failed to establish a new connection: [Errno 111] Connection refused")': /session/1c612b2bc9a1543242b07fe5d170ae84/element
2026-01-14 13:36:59,431 - ERROR - Erro ao cadastrar produto MOLG000173 - HTTPConnectionPool(host='localhost', port=58075): Max retries exceeded with url: /session/1c612b2bc9a1543242b07fe5d170ae84/element (Caused by NewConnectionError("HTTPConnection(host='localhost', port=58075): Failed to establish a new connection: [Errno 111] Connection refused"))
2026-01-14 13:36:59,432 - WARNING - Retrying (Retry(total=2, connect=None, read=None, redirect=None, status=None)) after connection broken by 'NewConnectionError("HTTPConnection(host='localhost', port=58075): Failed to establish a new connection: [Errno 111] Connection refused")': /session/1c612b2bc9a1543242b07fe5d170ae84/element
2026-01-14 13:36:59,432 - WARNING - Retrying (Retry(total=1, connect=None, read=None, redirect=None, status=None)) after connection broken by 'NewConnectionError("HTTPConnection(host='localhost', port=58075): Failed to establish a new connection: [Errno 111] Connection refused")': /session/1c612b2bc9a1543242b07fe5d170ae84/element
2026-01-14 13:36:59,432 - WARNING - Retrying (Retry(total=0, connect=None, read=None, redirect=None, status=None)) after connection broken by 'NewConnectionError("HTTPConnection(host='localhost', port=58075): Failed to establish a new connection: [Errno 111] Connection refused")': /session/1c612b2bc9a1543242b07fe5d170ae84/element
2026-01-14 13:36:59,433 - ERROR - Erro ao cadastrar produto MOHA000251 - HTTPConnectionPool(host='localhost', port=58075): Max retries exceeded with url: /session/1c612b2bc9a1543242b07fe5d170ae84/element (Caused by NewConnectionError("HTTPConnection(host='localhost', port=58075): Failed to establish a new connection: [Errno 111] Connection refused"))
2026-01-14 13:36:59,433 - WARNING - Retrying (Retry(total=2, connect=None, read=None, redirect=None, status=None)) after connection broken by 'NewConnectionError("HTTPConnection(host='localhost', port=58075): Failed to establish a new connection: [Errno 111] Connection refused")': /session/1c612b2bc9a1543242b07fe5d170ae84/element
2026-01-14 13:36:59,433 - WARNING - Retrying (Retry(total=1, connect=None, read=None, redirect=None, status=None)) after connection broken by 'NewConnectionError("HTTPConnection(host='localhost', port=58075): Failed to establish a new connection: [Errno 111] Connection refused")': /session/1c612b2bc9a1543242b07fe5d170ae84/element
2026-01-14 13:36:59,434 - WARNING - Retrying (Retry(total=0, connect=None, read=None, redirect=None, status=None)) after connection broken by 'NewConnectionError("HTTPConnection(host='localhost', port=58075): Failed to establish a new connection: [Errno 111] Connection refused")': /session/1c612b2bc9a1543242b07fe5d170ae84/element
2026-01-14 13:36:59,434 - ERROR - Erro ao cadastrar produto MOHA000252 - HTTPConnectionPool(host='localhost', port=58075): Max retries exceeded with url: /session/1c612b2bc9a1543242b07fe5d170ae84/element (Caused by NewConnectionError("HTTPConnection(host='localhost', port=58075): Failed to establish a new connection: [Errno 111] Connection refused"))
2026-01-14 13:36:59,434 - WARNING - Retrying (Retry(total=2, connect=None, read=None, redirect=None, status=None)) after connection broken by 'NewConnectionError("HTTPConnection(host='localhost', port=58075): Failed to establish a new connection: [Errno 111] Connection refused")': /session/1c612b2bc9a1543242b07fe5d170ae84/element
2026-01-14 13:36:59,435 - WARNING - Retrying (Retry(total=1, connect=None, read=None, redirect=None, status=None)) after connection broken by 'NewConnectionError("HTTPConnection(host='localhost', port=58075): Failed to establish a new connection: [Errno 111] Connection refused")': /session/1c612b2bc9a1543242b07fe5d170ae84/element
2026-01-14 13:36:59,435 - WARNING - Retrying (Retry(total=0, connect=None, read=None, redirect=None, status=None)) after connection broken by 'NewConnectionError("HTTPConnection(host='localhost', port=58075): Failed to establish a new connection: [Errno 111] Connection refused")': /session/1c612b2bc9a1543242b07fe5d170ae84/element
2026-01-14 13:36:59,435 - ERROR - Erro ao cadastrar produto CAHA000253 - HTTPConnectionPool(host='localhost', port=58075): Max retries exceeded with url: /session/1c612b2bc9a1543242b07fe5d170ae84/element (Caused by NewConnectionError("HTTPConnection(host='localhost', port=58075): Failed to establish a new connection: [Errno 111] Connection refused"))
2026-01-14 13:36:59,436 - WARNING - Retrying (Retry(total=2, connect=None, read=None, redirect=None, status=None)) after connection broken by 'NewConnectionError("HTTPConnection(host='localhost', port=58075): Failed to establish a new connection: [Errno 111] Connection refused")': /session/1c612b2bc9a1543242b07fe5d170ae84/element
2026-01-14 13:36:59,436 - WARNING - Retrying (Retry(total=1, connect=None, read=None, redirect=None, status=None)) after connection broken by 'NewConnectionError("HTTPConnection(host='localhost', port=58075): Failed to establish a new connection: [Errno 111] Connection refused")': /session/1c612b2bc9a1543242b07fe5d170ae84/element
2026-01-14 13:36:59,437 - WARNING - Retrying (Retry(total=0, connect=None, read=None, redirect=None, status=None)) after connection broken by 'NewConnectionError("HTTPConnection(host='localhost', port=58075): Failed to establish a new connection: [Errno 111] Connection refused")': /session/1c612b2bc9a1543242b07fe5d170ae84/element
2026-01-14 13:36:59,438 - ERROR - Erro ao cadastrar produto CAHA000254 - HTTPConnectionPool(host='localhost', port=58075): Max retries exceeded with url: /session/1c612b2bc9a1543242b07fe5d170ae84/element (Caused by NewConnectionError("HTTPConnection(host='localhost', port=58075): Failed to establish a new connection: [Errno 111] Connection refused"))
2026-01-14 13:36:59,439 - WARNING - Retrying (Retry(total=2, connect=None, read=None, redirect=None, status=None)) after connection broken by 'NewConnectionError("HTTPConnection(host='localhost', port=58075): Failed to establish a new connection: [Errno 111] Connection refused")': /session/1c612b2bc9a1543242b07fe5d170ae84/element
2026-01-14 13:36:59,439 - WARNING - Retrying (Retry(total=1, connect=None, read=None, redirect=None, status=None)) after connection broken by 'NewConnectionError("HTTPConnection(host='localhost', port=58075): Failed to establish a new connection: [Errno 111] Connection refused")': /session/1c612b2bc9a1543242b07fe5d170ae84/element
2026-01-14 13:36:59,440 - WARNING - Retrying (Retry(total=0, connect=None, read=None, redirect=None, status=None)) after connection broken by 'NewConnectionError("HTTPConnection(host='localhost', port=58075): Failed to establish a new connection: [Errno 111] Connection refused")': /session/1c612b2bc9a1543242b07fe5d170ae84/element
2026-01-14 13:36:59,440 - ERROR - Erro ao cadastrar produto CHHA000275 - HTTPConnectionPool(host='localhost', port=58075): Max retries exceeded with url: /session/1c612b2bc9a1543242b07fe5d170ae84/element (Caused by NewConnectionError("HTTPConnection(host='localhost', port=58075): Failed to establish a new connection: [Errno 111] Connection refused"))
2026-01-14 13:36:59,442 - WARNING - Retrying (Retry(total=2, connect=None, read=None, redirect=None, status=None)) after connection broken by 'NewConnectionError("HTTPConnection(host='localhost', port=58075): Failed to establish a new connection: [Errno 111] Connection refused")': /session/1c612b2bc9a1543242b07fe5d170ae84/element
2026-01-14 13:36:59,442 - WARNING - Retrying (Retry(total=1, connect=None, read=None, redirect=None, status=None)) after connection broken by 'NewConnectionError("HTTPConnection(host='localhost', port=58075): Failed to establish a new connection: [Errno 111] Connection refused")': /session/1c612b2bc9a1543242b07fe5d170ae84/element
2026-01-14 13:36:59,446 - WARNING - Retrying (Retry(total=0, connect=None, read=None, redirect=None, status=None)) after connection broken by 'NewConnectionError("HTTPConnection(host='localhost', port=58075): Failed to establish a new connection: [Errno 111] Connection refused")': /session/1c612b2bc9a1543242b07fe5d170ae84/element
2026-01-14 13:36:59,446 - ERROR - Erro ao cadastrar produto CAHA000276 - HTTPConnectionPool(host='localhost', port=58075): Max retries exceeded with url: /session/1c612b2bc9a1543242b07fe5d170ae84/element (Caused by NewConnectionError("HTTPConnection(host='localhost', port=58075): Failed to establish a new connection: [Errno 111] Connection refused"))
2026-01-14 13:36:59,447 - WARNING - Retrying (Retry(total=2, connect=None, read=None, redirect=None, status=None)) after connection broken by 'NewConnectionError("HTTPConnection(host='localhost', port=58075): Failed to establish a new connection: [Errno 111] Connection refused")': /session/1c612b2bc9a1543242b07fe5d170ae84/element
2026-01-14 13:36:59,447 - WARNING - Retrying (Retry(total=1, connect=None, read=None, redirect=None, status=None)) after connection broken by 'NewConnectionError("HTTPConnection(host='localhost', port=58075): Failed to establish a new connection: [Errno 111] Connection refused")': /session/1c612b2bc9a1543242b07fe5d170ae84/element
2026-01-14 13:36:59,448 - WARNING - Retrying (Retry(total=0, connect=None, read=None, redirect=None, status=None)) after connection broken by 'NewConnectionError("HTTPConnection(host='localhost', port=58075): Failed to establish a new connection: [Errno 111] Connection refused")': /session/1c612b2bc9a1543242b07fe5d170ae84/element
2026-01-14 13:36:59,448 - ERROR - Erro ao cadastrar produto CAHA000277 - HTTPConnectionPool(host='localhost', port=58075): Max retries exceeded with url: /session/1c612b2bc9a1543242b07fe5d170ae84/element (Caused by NewConnectionError("HTTPConnection(host='localhost', port=58075): Failed to establish a new connection: [Errno 111] Connection refused"))
2026-01-14 13:36:59,449 - WARNING - Retrying (Retry(total=2, connect=None, read=None, redirect=None, status=None)) after connection broken by 'NewConnectionError("HTTPConnection(host='localhost', port=58075): Failed to establish a new connection: [Errno 111] Connection refused")': /session/1c612b2bc9a1543242b07fe5d170ae84/element
2026-01-14 13:36:59,449 - WARNING - Retrying (Retry(total=1, connect=None, read=None, redirect=None, status=None)) after connection broken by 'NewConnectionError("HTTPConnection(host='localhost', port=58075): Failed to establish a new connection: [Errno 111] Connection refused")': /session/1c612b2bc9a1543242b07fe5d170ae84/element
2026-01-14 13:36:59,450 - WARNING - Retrying (Retry(total=0, connect=None, read=None, redirect=None, status=None)) after connection broken by 'NewConnectionError("HTTPConnection(host='localhost', port=58075): Failed to establish a new connection: [Errno 111] Connection refused")': /session/1c612b2bc9a1543242b07fe5d170ae84/element
2026-01-14 13:36:59,450 - ERROR - Erro ao cadastrar produto CAHA000278 - HTTPConnectionPool(host='localhost', port=58075): Max retries exceeded with url: /session/1c612b2bc9a1543242b07fe5d170ae84/element (Caused by NewConnectionError("HTTPConnection(host='localhost', port=58075): Failed to establish a new connection: [Errno 111] Connection refused"))
2026-01-14 13:36:59,450 - WARNING - Retrying (Retry(total=2, connect=None, read=None, redirect=None, status=None)) after connection broken by 'NewConnectionError("HTTPConnection(host='localhost', port=58075): Failed to establish a new connection: [Errno 111] Connection refused")': /session/1c612b2bc9a1543242b07fe5d170ae84/element
2026-01-14 13:36:59,451 - WARNING - Retrying (Retry(total=1, connect=None, read=None, redirect=None, status=None)) after connection broken by 'NewConnectionError("HTTPConnection(host='localhost', port=58075): Failed to establish a new connection: [Errno 111] Connection refused")': /session/1c612b2bc9a1543242b07fe5d170ae84/element
2026-01-14 13:36:59,451 - WARNING - Retrying (Retry(total=0, connect=None, read=None, redirect=None, status=None)) after connection broken by 'NewConnectionError("HTTPConnection(host='localhost', port=58075): Failed to establish a new connection: [Errno 111] Connection refused")': /session/1c612b2bc9a1543242b07fe5d170ae84/element
2026-01-14 13:36:59,451 - ERROR - Erro ao cadastrar produto CAHA0009.9 - HTTPConnectionPool(host='localhost', port=58075): Max retries exceeded with url: /session/1c612b2bc9a1543242b07fe5d170ae84/element (Caused by NewConnectionError("HTTPConnection(host='localhost', port=58075): Failed to establish a new connection: [Errno 111] Connection refused"))
2026-01-14 13:36:59,452 - WARNING - Retrying (Retry(total=2, connect=None, read=None, redirect=None, status=None)) after connection broken by 'NewConnectionError("HTTPConnection(host='localhost', port=58075): Failed to establish a new connection: [Errno 111] Connection refused")': /session/1c612b2bc9a1543242b07fe5d170ae84/element
2026-01-14 13:36:59,452 - WARNING - Retrying (Retry(total=1, connect=None, read=None, redirect=None, status=None)) after connection broken by 'NewConnectionError("HTTPConnection(host='localhost', port=58075): Failed to establish a new connection: [Errno 111] Connection refused")': /session/1c612b2bc9a1543242b07fe5d170ae84/element
2026-01-14 13:36:59,452 - WARNING - Retrying (Retry(total=0, connect=None, read=None, redirect=None, status=None)) after connection broken by 'NewConnectionError("HTTPConnection(host='localhost', port=58075): Failed to establish a new connection: [Errno 111] Connection refused")': /session/1c612b2bc9a1543242b07fe5d170ae84/element
2026-01-14 13:36:59,453 - ERROR - Erro ao cadastrar produto CAHA0004510 - HTTPConnectionPool(host='localhost', port=58075): Max retries exceeded with url: /session/1c612b2bc9a1543242b07fe5d170ae84/element (Caused by NewConnectionError("HTTPConnection(host='localhost', port=58075): Failed to establish a new connection: [Errno 111] Connection refused"))
2026-01-14 13:36:59,453 - WARNING - Retrying (Retry(total=2, connect=None, read=None, redirect=None, status=None)) after connection broken by 'NewConnectionError("HTTPConnection(host='localhost', port=58075): Failed to establish a new connection: [Errno 111] Connection refused")': /session/1c612b2bc9a1543242b07fe5d170ae84/element
2026-01-14 13:36:59,453 - WARNING - Retrying (Retry(total=1, connect=None, read=None, redirect=None, status=None)) after connection broken by 'NewConnectionError("HTTPConnection(host='localhost', port=58075): Failed to establish a new connection: [Errno 111] Connection refused")': /session/1c612b2bc9a1543242b07fe5d170ae84/element
2026-01-14 13:36:59,454 - WARNING - Retrying (Retry(total=0, connect=None, read=None, redirect=None, status=None)) after connection broken by 'NewConnectionError("HTTPConnection(host='localhost', port=58075): Failed to establish a new connection: [Errno 111] Connection refused")': /session/1c612b2bc9a1543242b07fe5d170ae84/element
2026-01-14 13:36:59,454 - ERROR - Erro ao cadastrar produto CAHA0004511 - HTTPConnectionPool(host='localhost', port=58075): Max retries exceeded with url: /session/1c612b2bc9a1543242b07fe5d170ae84/element (Caused by NewConnectionError("HTTPConnection(host='localhost', port=58075): Failed to establish a new connection: [Errno 111] Connection refused"))
2026-01-14 13:36:59,455 - WARNING - Retrying (Retry(total=2, connect=None, read=None, redirect=None, status=None)) after connection broken by 'NewConnectionError("HTTPConnection(host='localhost', port=58075): Failed to establish a new connection: [Errno 111] Connection refused")': /session/1c612b2bc9a1543242b07fe5d170ae84/element
2026-01-14 13:36:59,455 - WARNING - Retrying (Retry(total=1, connect=None, read=None, redirect=None, status=None)) after connection broken by 'NewConnectionError("HTTPConnection(host='localhost', port=58075): Failed to establish a new connection: [Errno 111] Connection refused")': /session/1c612b2bc9a1543242b07fe5d170ae84/element
2026-01-14 13:36:59,455 - WARNING - Retrying (Retry(total=0, connect=None, read=None, redirect=None, status=None)) after connection broken by 'NewConnectionError("HTTPConnection(host='localhost', port=58075): Failed to establish a new connection: [Errno 111] Connection refused")': /session/1c612b2bc9a1543242b07fe5d170ae84/element
2026-01-14 13:36:59,455 - ERROR - Erro ao cadastrar produto CAHA0004512 - HTTPConnectionPool(host='localhost', port=58075): Max retries exceeded with url: /session/1c612b2bc9a1543242b07fe5d170ae84/element (Caused by NewConnectionError("HTTPConnection(host='localhost', port=58075): Failed to establish a new connection: [Errno 111] Connection refused"))
2026-01-14 13:36:59,456 - WARNING - Retrying (Retry(total=2, connect=None, read=None, redirect=None, status=None)) after connection broken by 'NewConnectionError("HTTPConnection(host='localhost', port=58075): Failed to establish a new connection: [Errno 111] Connection refused")': /session/1c612b2bc9a1543242b07fe5d170ae84/element
2026-01-14 13:36:59,456 - WARNING - Retrying (Retry(total=1, connect=None, read=None, redirect=None, status=None)) after connection broken by 'NewConnectionError("HTTPConnection(host='localhost', port=58075): Failed to establish a new connection: [Errno 111] Connection refused")': /session/1c612b2bc9a1543242b07fe5d170ae84/element
2026-01-14 13:36:59,457 - WARNING - Retrying (Retry(total=0, connect=None, read=None, redirect=None, status=None)) after connection broken by 'NewConnectionError("HTTPConnection(host='localhost', port=58075): Failed to establish a new connection: [Errno 111] Connection refused")': /session/1c612b2bc9a1543242b07fe5d170ae84/element
2026-01-14 13:36:59,457 - ERROR - Erro ao cadastrar produto CAHA0004513 - HTTPConnectionPool(host='localhost', port=58075): Max retries exceeded with url: /session/1c612b2bc9a1543242b07fe5d170ae84/element (Caused by NewConnectionError("HTTPConnection(host='localhost', port=58075): Failed to establish a new connection: [Errno 111] Connection refused"))
2026-01-14 13:36:59,457 - WARNING - Retrying (Retry(total=2, connect=None, read=None, redirect=None, status=None)) after connection broken by 'NewConnectionError("HTTPConnection(host='localhost', port=58075): Failed to establish a new connection: [Errno 111] Connection refused")': /session/1c612b2bc9a1543242b07fe5d170ae84/element
2026-01-14 13:36:59,458 - WARNING - Retrying (Retry(total=1, connect=None, read=None, redirect=None, status=None)) after connection broken by 'NewConnectionError("HTTPConnection(host='localhost', port=58075): Failed to establish a new connection: [Errno 111] Connection refused")': /session/1c612b2bc9a1543242b07fe5d170ae84/element
2026-01-14 13:36:59,458 - WARNING - Retrying (Retry(total=0, connect=None, read=None, redirect=None, status=None)) after connection broken by 'NewConnectionError("HTTPConnection(host='localhost', port=58075): Failed to establish a new connection: [Errno 111] Connection refused")': /session/1c612b2bc9a1543242b07fe5d170ae84/element
2026-01-14 13:36:59,458 - ERROR - Erro ao cadastrar produto CAHA0004814 - HTTPConnectionPool(host='localhost', port=58075): Max retries exceeded with url: /session/1c612b2bc9a1543242b07fe5d170ae84/element (Caused by NewConnectionError("HTTPConnection(host='localhost', port=58075): Failed to establish a new connection: [Errno 111] Connection refused"))
2026-01-14 13:36:59,459 - WARNING - Retrying (Retry(total=2, connect=None, read=None, redirect=None, status=None)) after connection broken by 'NewConnectionError("HTTPConnection(host='localhost', port=58075): Failed to establish a new connection: [Errno 111] Connection refused")': /session/1c612b2bc9a1543242b07fe5d170ae84/element
2026-01-14 13:36:59,459 - WARNING - Retrying (Retry(total=1, connect=None, read=None, redirect=None, status=None)) after connection broken by 'NewConnectionError("HTTPConnection(host='localhost', port=58075): Failed to establish a new connection: [Errno 111] Connection refused")': /session/1c612b2bc9a1543242b07fe5d170ae84/element
2026-01-14 13:36:59,459 - WARNING - Retrying (Retry(total=0, connect=None, read=None, redirect=None, status=None)) after connection broken by 'NewConnectionError("HTTPConnection(host='localhost', port=58075): Failed to establish a new connection: [Errno 111] Connection refused")': /session/1c612b2bc9a1543242b07fe5d170ae84/element
2026-01-14 13:36:59,459 - ERROR - Erro ao cadastrar produto CAHA0004815 - HTTPConnectionPool(host='localhost', port=58075): Max retries exceeded with url: /session/1c612b2bc9a1543242b07fe5d170ae84/element (Caused by NewConnectionError("HTTPConnection(host='localhost', port=58075): Failed to establish a new connection: [Errno 111] Connection refused"))
2026-01-14 13:36:59,460 - WARNING - Retrying (Retry(total=2, connect=None, read=None, redirect=None, status=None)) after connection broken by 'NewConnectionError("HTTPConnection(host='localhost', port=58075): Failed to establish a new connection: [Errno 111] Connection refused")': /session/1c612b2bc9a1543242b07fe5d170ae84/element
2026-01-14 13:36:59,460 - WARNING - Retrying (Retry(total=1, connect=None, read=None, redirect=None, status=None)) after connection broken by 'NewConnectionError("HTTPConnection(host='localhost', port=58075): Failed to establish a new connection: [Errno 111] Connection refused")': /session/1c612b2bc9a1543242b07fe5d170ae84/element
2026-01-14 13:36:59,461 - WARNING - Retrying (Retry(total=0, connect=None, read=None, redirect=None, status=None)) after connection broken by 'NewConnectionError("HTTPConnection(host='localhost', port=58075): Failed to establish a new connection: [Errno 111] Connection refused")': /session/1c612b2bc9a1543242b07fe5d170ae84/element
2026-01-14 13:36:59,462 - ERROR - Erro ao cadastrar produto CAHA0004816 - HTTPConnectionPool(host='localhost', port=58075): Max retries exceeded with url: /session/1c612b2bc9a1543242b07fe5d170ae84/element (Caused by NewConnectionError("HTTPConnection(host='localhost', port=58075): Failed to establish a new connection: [Errno 111] Connection refused"))
2026-01-14 13:36:59,462 - WARNING - Retrying (Retry(total=2, connect=None, read=None, redirect=None, status=None)) after connection broken by 'NewConnectionError("HTTPConnection(host='localhost', port=58075): Failed to establish a new connection: [Errno 111] Connection refused")': /session/1c612b2bc9a1543242b07fe5d170ae84/element
2026-01-14 13:36:59,462 - WARNING - Retrying (Retry(total=1, connect=None, read=None, redirect=None, status=None)) after connection broken by 'NewConnectionError("HTTPConnection(host='localhost', port=58075): Failed to establish a new connection: [Errno 111] Connection refused")': /session/1c612b2bc9a1543242b07fe5d170ae84/element
2026-01-14 13:36:59,463 - WARNING - Retrying (Retry(total=0, connect=None, read=None, redirect=None, status=None)) after connection broken by 'NewConnectionError("HTTPConnection(host='localhost', port=58075): Failed to establish a new connection: [Errno 111] Connection refused")': /session/1c612b2bc9a1543242b07fe5d170ae84/element
2026-01-14 13:36:59,463 - ERROR - Erro ao cadastrar produto CAHA0004817 - HTTPConnectionPool(host='localhost', port=58075): Max retries exceeded with url: /session/1c612b2bc9a1543242b07fe5d170ae84/element (Caused by NewConnectionError("HTTPConnection(host='localhost', port=58075): Failed to establish a new connection: [Errno 111] Connection refused"))
2026-01-14 13:36:59,463 - WARNING - Retrying (Retry(total=2, connect=None, read=None, redirect=None, status=None)) after connection broken by 'NewConnectionError("HTTPConnection(host='localhost', port=58075): Failed to establish a new connection: [Errno 111] Connection refused")': /session/1c612b2bc9a1543242b07fe5d170ae84/element
2026-01-14 13:36:59,464 - WARNING - Retrying (Retry(total=1, connect=None, read=None, redirect=None, status=None)) after connection broken by 'NewConnectionError("HTTPConnection(host='localhost', port=58075): Failed to establish a new connection: [Errno 111] Connection refused")': /session/1c612b2bc9a1543242b07fe5d170ae84/element
2026-01-14 13:36:59,464 - WARNING - Retrying (Retry(total=0, connect=None, read=None, redirect=None, status=None)) after connection broken by 'NewConnectionError("HTTPConnection(host='localhost', port=58075): Failed to establish a new connection: [Errno 111] Connection refused")': /session/1c612b2bc9a1543242b07fe5d170ae84/element
2026-01-14 13:36:59,464 - ERROR - Erro ao cadastrar produto CAHA0004518 - HTTPConnectionPool(host='localhost', port=58075): Max retries exceeded with url: /session/1c612b2bc9a1543242b07fe5d170ae84/element (Caused by NewConnectionError("HTTPConnection(host='localhost', port=58075): Failed to establish a new connection: [Errno 111] Connection refused"))
2026-01-14 13:36:59,465 - WARNING - Retrying (Retry(total=2, connect=None, read=None, redirect=None, status=None)) after connection broken by 'NewConnectionError("HTTPConnection(host='localhost', port=58075): Failed to establish a new connection: [Errno 111] Connection refused")': /session/1c612b2bc9a1543242b07fe5d170ae84/element
2026-01-14 13:36:59,465 - WARNING - Retrying (Retry(total=1, connect=None, read=None, redirect=None, status=None)) after connection broken by 'NewConnectionError("HTTPConnection(host='localhost', port=58075): Failed to establish a new connection: [Errno 111] Connection refused")': /session/1c612b2bc9a1543242b07fe5d170ae84/element
2026-01-14 13:36:59,465 - WARNING - Retrying (Retry(total=0, connect=None, read=None, redirect=None, status=None)) after connection broken by 'NewConnectionError("HTTPConnection(host='localhost', port=58075): Failed to establish a new connection: [Errno 111] Connection refused")': /session/1c612b2bc9a1543242b07fe5d170ae84/element
2026-01-14 13:36:59,465 - ERROR - Erro ao cadastrar produto CAHA0004519 - HTTPConnectionPool(host='localhost', port=58075): Max retries exceeded with url: /session/1c612b2bc9a1543242b07fe5d170ae84/element (Caused by NewConnectionError("HTTPConnection(host='localhost', port=58075): Failed to establish a new connection: [Errno 111] Connection refused"))
2026-01-14 13:36:59,466 - WARNING - Retrying (Retry(total=2, connect=None, read=None, redirect=None, status=None)) after connection broken by 'NewConnectionError("HTTPConnection(host='localhost', port=58075): Failed to establish a new connection: [Errno 111] Connection refused")': /session/1c612b2bc9a1543242b07fe5d170ae84/element
2026-01-14 13:36:59,466 - WARNING - Retrying (Retry(total=1, connect=None, read=None, redirect=None, status=None)) after connection broken by 'NewConnectionError("HTTPConnection(host='localhost', port=58075): Failed to establish a new connection: [Errno 111] Connection refused")': /session/1c612b2bc9a1543242b07fe5d170ae84/element
2026-01-14 13:36:59,466 - WARNING - Retrying (Retry(total=0, connect=None, read=None, redirect=None, status=None)) after connection broken by 'NewConnectionError("HTTPConnection(host='localhost', port=58075): Failed to establish a new connection: [Errno 111] Connection refused")': /session/1c612b2bc9a1543242b07fe5d170ae84/element
2026-01-14 13:36:59,467 - ERROR - Erro ao cadastrar produto CAHA0004520 - HTTPConnectionPool(host='localhost', port=58075): Max retries exceeded with url: /session/1c612b2bc9a1543242b07fe5d170ae84/element (Caused by NewConnectionError("HTTPConnection(host='localhost', port=58075): Failed to establish a new connection: [Errno 111] Connection refused"))
2026-01-14 13:36:59,467 - WARNING - Retrying (Retry(total=2, connect=None, read=None, redirect=None, status=None)) after connection broken by 'NewConnectionError("HTTPConnection(host='localhost', port=58075): Failed to establish a new connection: [Errno 111] Connection refused")': /session/1c612b2bc9a1543242b07fe5d170ae84/element
2026-01-14 13:36:59,467 - WARNING - Retrying (Retry(total=1, connect=None, read=None, redirect=None, status=None)) after connection broken by 'NewConnectionError("HTTPConnection(host='localhost', port=58075): Failed to establish a new connection: [Errno 111] Connection refused")': /session/1c612b2bc9a1543242b07fe5d170ae84/element
2026-01-14 13:36:59,467 - WARNING - Retrying (Retry(total=0, connect=None, read=None, redirect=None, status=None)) after connection broken by 'NewConnectionError("HTTPConnection(host='localhost', port=58075): Failed to establish a new connection: [Errno 111] Connection refused")': /session/1c612b2bc9a1543242b07fe5d170ae84/element
2026-01-14 13:36:59,468 - ERROR - Erro ao cadastrar produto CAHA0004521 - HTTPConnectionPool(host='localhost', port=58075): Max retries exceeded with url: /session/1c612b2bc9a1543242b07fe5d170ae84/element (Caused by NewConnectionError("HTTPConnection(host='localhost', port=58075): Failed to establish a new connection: [Errno 111] Connection refused"))
2026-01-14 13:36:59,468 - WARNING - Retrying (Retry(total=2, connect=None, read=None, redirect=None, status=None)) after connection broken by 'NewConnectionError("HTTPConnection(host='localhost', port=58075): Failed to establish a new connection: [Errno 111] Connection refused")': /session/1c612b2bc9a1543242b07fe5d170ae84/element
2026-01-14 13:36:59,468 - WARNING - Retrying (Retry(total=1, connect=None, read=None, redirect=None, status=None)) after connection broken by 'NewConnectionError("HTTPConnection(host='localhost', port=58075): Failed to establish a new connection: [Errno 111] Connection refused")': /session/1c612b2bc9a1543242b07fe5d170ae84/element
2026-01-14 13:36:59,469 - WARNING - Retrying (Retry(total=0, connect=None, read=None, redirect=None, status=None)) after connection broken by 'NewConnectionError("HTTPConnection(host='localhost', port=58075): Failed to establish a new connection: [Errno 111] Connection refused")': /session/1c612b2bc9a1543242b07fe5d170ae84/element
2026-01-14 13:36:59,469 - ERROR - Erro ao cadastrar produto MOMU0004.1 - HTTPConnectionPool(host='localhost', port=58075): Max retries exceeded with url: /session/1c612b2bc9a1543242b07fe5d170ae84/element (Caused by NewConnectionError("HTTPConnection(host='localhost', port=58075): Failed to establish a new connection: [Errno 111] Connection refused"))
2026-01-14 13:36:59,469 - WARNING - Retrying (Retry(total=2, connect=None, read=None, redirect=None, status=None)) after connection broken by 'NewConnectionError("HTTPConnection(host='localhost', port=58075): Failed to establish a new connection: [Errno 111] Connection refused")': /session/1c612b2bc9a1543242b07fe5d170ae84/element
2026-01-14 13:36:59,470 - WARNING - Retrying (Retry(total=1, connect=None, read=None, redirect=None, status=None)) after connection broken by 'NewConnectionError("HTTPConnection(host='localhost', port=58075): Failed to establish a new connection: [Errno 111] Connection refused")': /session/1c612b2bc9a1543242b07fe5d170ae84/element
2026-01-14 13:36:59,470 - WARNING - Retrying (Retry(total=0, connect=None, read=None, redirect=None, status=None)) after connection broken by 'NewConnectionError("HTTPConnection(host='localhost', port=58075): Failed to establish a new connection: [Errno 111] Connection refused")': /session/1c612b2bc9a1543242b07fe5d170ae84/element
2026-01-14 13:36:59,471 - ERROR - Erro ao cadastrar produto MOMU0003.2 - HTTPConnectionPool(host='localhost', port=58075): Max retries exceeded with url: /session/1c612b2bc9a1543242b07fe5d170ae84/element (Caused by NewConnectionError("HTTPConnection(host='localhost', port=58075): Failed to establish a new connection: [Errno 111] Connection refused"))
2026-01-14 13:36:59,471 - WARNING - Retrying (Retry(total=2, connect=None, read=None, redirect=None, status=None)) after connection broken by 'NewConnectionError("HTTPConnection(host='localhost', port=58075): Failed to establish a new connection: [Errno 111] Connection refused")': /session/1c612b2bc9a1543242b07fe5d170ae84/element
2026-01-14 13:36:59,471 - WARNING - Retrying (Retry(total=1, connect=None, read=None, redirect=None, status=None)) after connection broken by 'NewConnectionError("HTTPConnection(host='localhost', port=58075): Failed to establish a new connection: [Errno 111] Connection refused")': /session/1c612b2bc9a1543242b07fe5d170ae84/element
2026-01-14 13:36:59,471 - WARNING - Retrying (Retry(total=0, connect=None, read=None, redirect=None, status=None)) after connection broken by 'NewConnectionError("HTTPConnection(host='localhost', port=58075): Failed to establish a new connection: [Errno 111] Connection refused")': /session/1c612b2bc9a1543242b07fe5d170ae84/element
2026-01-14 13:36:59,472 - ERROR - Erro ao cadastrar produto MOLO0006.3 - HTTPConnectionPool(host='localhost', port=58075): Max retries exceeded with url: /session/1c612b2bc9a1543242b07fe5d170ae84/element (Caused by NewConnectionError("HTTPConnection(host='localhost', port=58075): Failed to establish a new connection: [Errno 111] Connection refused"))
2026-01-14 13:36:59,472 - WARNING - Retrying (Retry(total=2, connect=None, read=None, redirect=None, status=None)) after connection broken by 'NewConnectionError("HTTPConnection(host='localhost', port=58075): Failed to establish a new connection: [Errno 111] Connection refused")': /session/1c612b2bc9a1543242b07fe5d170ae84/element
2026-01-14 13:36:59,472 - WARNING - Retrying (Retry(total=1, connect=None, read=None, redirect=None, status=None)) after connection broken by 'NewConnectionError("HTTPConnection(host='localhost', port=58075): Failed to establish a new connection: [Errno 111] Connection refused")': /session/1c612b2bc9a1543242b07fe5d170ae84/element
2026-01-14 13:36:59,473 - WARNING - Retrying (Retry(total=0, connect=None, read=None, redirect=None, status=None)) after connection broken by 'NewConnectionError("HTTPConnection(host='localhost', port=58075): Failed to establish a new connection: [Errno 111] Connection refused")': /session/1c612b2bc9a1543242b07fe5d170ae84/element
2026-01-14 13:36:59,473 - ERROR - Erro ao cadastrar produto TELG000111 - HTTPConnectionPool(host='localhost', port=58075): Max retries exceeded with url: /session/1c612b2bc9a1543242b07fe5d170ae84/element (Caused by NewConnectionError("HTTPConnection(host='localhost', port=58075): Failed to establish a new connection: [Errno 111] Connection refused"))
2026-01-14 13:36:59,474 - WARNING - Retrying (Retry(total=2, connect=None, read=None, redirect=None, status=None)) after connection broken by 'NewConnectionError("HTTPConnection(host='localhost', port=58075): Failed to establish a new connection: [Errno 111] Connection refused")': /session/1c612b2bc9a1543242b07fe5d170ae84/element
2026-01-14 13:36:59,474 - WARNING - Retrying (Retry(total=1, connect=None, read=None, redirect=None, status=None)) after connection broken by 'NewConnectionError("HTTPConnection(host='localhost', port=58075): Failed to establish a new connection: [Errno 111] Connection refused")': /session/1c612b2bc9a1543242b07fe5d170ae84/element
2026-01-14 13:36:59,474 - WARNING - Retrying (Retry(total=0, connect=None, read=None, redirect=None, status=None)) after connection broken by 'NewConnectionError("HTTPConnection(host='localhost', port=58075): Failed to establish a new connection: [Errno 111] Connection refused")': /session/1c612b2bc9a1543242b07fe5d170ae84/element
2026-01-14 13:36:59,475 - ERROR - Erro ao cadastrar produto CAHA000481 - HTTPConnectionPool(host='localhost', port=58075): Max retries exceeded with url: /session/1c612b2bc9a1543242b07fe5d170ae84/element (Caused by NewConnectionError("HTTPConnection(host='localhost', port=58075): Failed to establish a new connection: [Errno 111] Connection refused"))
2026-01-14 13:36:59,476 - WARNING - Retrying (Retry(total=2, connect=None, read=None, redirect=None, status=None)) after connection broken by 'NewConnectionError("HTTPConnection(host='localhost', port=58075): Failed to establish a new connection: [Errno 111] Connection refused")': /session/1c612b2bc9a1543242b07fe5d170ae84/element
2026-01-14 13:36:59,476 - WARNING - Retrying (Retry(total=1, connect=None, read=None, redirect=None, status=None)) after connection broken by 'NewConnectionError("HTTPConnection(host='localhost', port=58075): Failed to establish a new connection: [Errno 111] Connection refused")': /session/1c612b2bc9a1543242b07fe5d170ae84/element
2026-01-14 13:36:59,476 - WARNING - Retrying (Retry(total=0, connect=None, read=None, redirect=None, status=None)) after connection broken by 'NewConnectionError("HTTPConnection(host='localhost', port=58075): Failed to establish a new connection: [Errno 111] Connection refused")': /session/1c612b2bc9a1543242b07fe5d170ae84/element
2026-01-14 13:36:59,477 - ERROR - Erro ao cadastrar produto CAHA000482 - HTTPConnectionPool(host='localhost', port=58075): Max retries exceeded with url: /session/1c612b2bc9a1543242b07fe5d170ae84/element (Caused by NewConnectionError("HTTPConnection(host='localhost', port=58075): Failed to establish a new connection: [Errno 111] Connection refused"))
2026-01-14 13:36:59,477 - WARNING - Retrying (Retry(total=2, connect=None, read=None, redirect=None, status=None)) after connection broken by 'NewConnectionError("HTTPConnection(host='localhost', port=58075): Failed to establish a new connection: [Errno 111] Connection refused")': /session/1c612b2bc9a1543242b07fe5d170ae84/element
2026-01-14 13:36:59,478 - WARNING - Retrying (Retry(total=1, connect=None, read=None, redirect=None, status=None)) after connection broken by 'NewConnectionError("HTTPConnection(host='localhost', port=58075): Failed to establish a new connection: [Errno 111] Connection refused")': /session/1c612b2bc9a1543242b07fe5d170ae84/element
2026-01-14 13:36:59,478 - WARNING - Retrying (Retry(total=0, connect=None, read=None, redirect=None, status=None)) after connection broken by 'NewConnectionError("HTTPConnection(host='localhost', port=58075): Failed to establish a new connection: [Errno 111] Connection refused")': /session/1c612b2bc9a1543242b07fe5d170ae84/element
2026-01-14 13:36:59,478 - ERROR - Erro ao cadastrar produto MOSP000221 - HTTPConnectionPool(host='localhost', port=58075): Max retries exceeded with url: /session/1c612b2bc9a1543242b07fe5d170ae84/element (Caused by NewConnectionError("HTTPConnection(host='localhost', port=58075): Failed to establish a new connection: [Errno 111] Connection refused"))
2026-01-14 13:36:59,479 - WARNING - Retrying (Retry(total=2, connect=None, read=None, redirect=None, status=None)) after connection broken by 'NewConnectionError("HTTPConnection(host='localhost', port=58075): Failed to establish a new connection: [Errno 111] Connection refused")': /session/1c612b2bc9a1543242b07fe5d170ae84/element
2026-01-14 13:36:59,479 - WARNING - Retrying (Retry(total=1, connect=None, read=None, redirect=None, status=None)) after connection broken by 'NewConnectionError("HTTPConnection(host='localhost', port=58075): Failed to establish a new connection: [Errno 111] Connection refused")': /session/1c612b2bc9a1543242b07fe5d170ae84/element
2026-01-14 13:36:59,479 - WARNING - Retrying (Retry(total=0, connect=None, read=None, redirect=None, status=None)) after connection broken by 'NewConnectionError("HTTPConnection(host='localhost', port=58075): Failed to establish a new connection: [Errno 111] Connection refused")': /session/1c612b2bc9a1543242b07fe5d170ae84/element
2026-01-14 13:36:59,480 - ERROR - Erro ao cadastrar produto MOSP000132 - HTTPConnectionPool(host='localhost', port=58075): Max retries exceeded with url: /session/1c612b2bc9a1543242b07fe5d170ae84/element (Caused by NewConnectionError("HTTPConnection(host='localhost', port=58075): Failed to establish a new connection: [Errno 111] Connection refused"))
2026-01-14 13:36:59,480 - WARNING - Retrying (Retry(total=2, connect=None, read=None, redirect=None, status=None)) after connection broken by 'NewConnectionError("HTTPConnection(host='localhost', port=58075): Failed to establish a new connection: [Errno 111] Connection refused")': /session/1c612b2bc9a1543242b07fe5d170ae84/element
2026-01-14 13:36:59,480 - WARNING - Retrying (Retry(total=1, connect=None, read=None, redirect=None, status=None)) after connection broken by 'NewConnectionError("HTTPConnection(host='localhost', port=58075): Failed to establish a new connection: [Errno 111] Connection refused")': /session/1c612b2bc9a1543242b07fe5d170ae84/element
2026-01-14 13:36:59,480 - WARNING - Retrying (Retry(total=0, connect=None, read=None, redirect=None, status=None)) after connection broken by 'NewConnectionError("HTTPConnection(host='localhost', port=58075): Failed to establish a new connection: [Errno 111] Connection refused")': /session/1c612b2bc9a1543242b07fe5d170ae84/element
2026-01-14 13:36:59,481 - ERROR - Erro ao cadastrar produto MOSP0007.3 - HTTPConnectionPool(host='localhost', port=58075): Max retries exceeded with url: /session/1c612b2bc9a1543242b07fe5d170ae84/element (Caused by NewConnectionError("HTTPConnection(host='localhost', port=58075): Failed to establish a new connection: [Errno 111] Connection refused"))
2026-01-14 13:36:59,481 - WARNING - Retrying (Retry(total=2, connect=None, read=None, redirect=None, status=None)) after connection broken by 'NewConnectionError("HTTPConnection(host='localhost', port=58075): Failed to establish a new connection: [Errno 111] Connection refused")': /session/1c612b2bc9a1543242b07fe5d170ae84/element
2026-01-14 13:36:59,481 - WARNING - Retrying (Retry(total=1, connect=None, read=None, redirect=None, status=None)) after connection broken by 'NewConnectionError("HTTPConnection(host='localhost', port=58075): Failed to establish a new connection: [Errno 111] Connection refused")': /session/1c612b2bc9a1543242b07fe5d170ae84/element
2026-01-14 13:36:59,482 - WARNING - Retrying (Retry(total=0, connect=None, read=None, redirect=None, status=None)) after connection broken by 'NewConnectionError("HTTPConnection(host='localhost', port=58075): Failed to establish a new connection: [Errno 111] Connection refused")': /session/1c612b2bc9a1543242b07fe5d170ae84/element
2026-01-14 13:36:59,482 - ERROR - Erro ao cadastrar produto TELG000201 - HTTPConnectionPool(host='localhost', port=58075): Max retries exceeded with url: /session/1c612b2bc9a1543242b07fe5d170ae84/element (Caused by NewConnectionError("HTTPConnection(host='localhost', port=58075): Failed to establish a new connection: [Errno 111] Connection refused"))
2026-01-14 13:36:59,482 - WARNING - Retrying (Retry(total=2, connect=None, read=None, redirect=None, status=None)) after connection broken by 'NewConnectionError("HTTPConnection(host='localhost', port=58075): Failed to establish a new connection: [Errno 111] Connection refused")': /session/1c612b2bc9a1543242b07fe5d170ae84/element
2026-01-14 13:36:59,483 - WARNING - Retrying (Retry(total=1, connect=None, read=None, redirect=None, status=None)) after connection broken by 'NewConnectionError("HTTPConnection(host='localhost', port=58075): Failed to establish a new connection: [Errno 111] Connection refused")': /session/1c612b2bc9a1543242b07fe5d170ae84/element
2026-01-14 13:36:59,483 - WARNING - Retrying (Retry(total=0, connect=None, read=None, redirect=None, status=None)) after connection broken by 'NewConnectionError("HTTPConnection(host='localhost', port=58075): Failed to establish a new connection: [Errno 111] Connection refused")': /session/1c612b2bc9a1543242b07fe5d170ae84/element
2026-01-14 13:36:59,483 - ERROR - Erro ao cadastrar produto MOLG000782 - HTTPConnectionPool(host='localhost', port=58075): Max retries exceeded with url: /session/1c612b2bc9a1543242b07fe5d170ae84/element (Caused by NewConnectionError("HTTPConnection(host='localhost', port=58075): Failed to establish a new connection: [Errno 111] Connection refused"))
2026-01-14 13:36:59,484 - WARNING - Retrying (Retry(total=2, connect=None, read=None, redirect=None, status=None)) after connection broken by 'NewConnectionError("HTTPConnection(host='localhost', port=58075): Failed to establish a new connection: [Errno 111] Connection refused")': /session/1c612b2bc9a1543242b07fe5d170ae84/element
2026-01-14 13:36:59,484 - WARNING - Retrying (Retry(total=1, connect=None, read=None, redirect=None, status=None)) after connection broken by 'NewConnectionError("HTTPConnection(host='localhost', port=58075): Failed to establish a new connection: [Errno 111] Connection refused")': /session/1c612b2bc9a1543242b07fe5d170ae84/element
2026-01-14 13:36:59,484 - WARNING - Retrying (Retry(total=0, connect=None, read=None, redirect=None, status=None)) after connection broken by 'NewConnectionError("HTTPConnection(host='localhost', port=58075): Failed to establish a new connection: [Errno 111] Connection refused")': /session/1c612b2bc9a1543242b07fe5d170ae84/element
2026-01-14 13:36:59,484 - ERROR - Erro ao cadastrar produto BEHA000481 - HTTPConnectionPool(host='localhost', port=58075): Max retries exceeded with url: /session/1c612b2bc9a1543242b07fe5d170ae84/element (Caused by NewConnectionError("HTTPConnection(host='localhost', port=58075): Failed to establish a new connection: [Errno 111] Connection refused"))
2026-01-14 13:36:59,485 - WARNING - Retrying (Retry(total=2, connect=None, read=None, redirect=None, status=None)) after connection broken by 'NewConnectionError("HTTPConnection(host='localhost', port=58075): Failed to establish a new connection: [Errno 111] Connection refused")': /session/1c612b2bc9a1543242b07fe5d170ae84/element
2026-01-14 13:36:59,485 - WARNING - Retrying (Retry(total=1, connect=None, read=None, redirect=None, status=None)) after connection broken by 'NewConnectionError("HTTPConnection(host='localhost', port=58075): Failed to establish a new connection: [Errno 111] Connection refused")': /session/1c612b2bc9a1543242b07fe5d170ae84/element
2026-01-14 13:36:59,485 - WARNING - Retrying (Retry(total=0, connect=None, read=None, redirect=None, status=None)) after connection broken by 'NewConnectionError("HTTPConnection(host='localhost', port=58075): Failed to establish a new connection: [Errno 111] Connection refused")': /session/1c612b2bc9a1543242b07fe5d170ae84/element
2026-01-14 13:36:59,486 - ERROR - Erro ao cadastrar produto BEHA000482 - HTTPConnectionPool(host='localhost', port=58075): Max retries exceeded with url: /session/1c612b2bc9a1543242b07fe5d170ae84/element (Caused by NewConnectionError("HTTPConnection(host='localhost', port=58075): Failed to establish a new connection: [Errno 111] Connection refused"))
2026-01-14 13:36:59,486 - WARNING - Retrying (Retry(total=2, connect=None, read=None, redirect=None, status=None)) after connection broken by 'NewConnectionError("HTTPConnection(host='localhost', port=58075): Failed to establish a new connection: [Errno 111] Connection refused")': /session/1c612b2bc9a1543242b07fe5d170ae84/element
2026-01-14 13:36:59,486 - WARNING - Retrying (Retry(total=1, connect=None, read=None, redirect=None, status=None)) after connection broken by 'NewConnectionError("HTTPConnection(host='localhost', port=58075): Failed to establish a new connection: [Errno 111] Connection refused")': /session/1c612b2bc9a1543242b07fe5d170ae84/element
2026-01-14 13:36:59,487 - WARNING - Retrying (Retry(total=0, connect=None, read=None, redirect=None, status=None)) after connection broken by 'NewConnectionError("HTTPConnection(host='localhost', port=58075): Failed to establish a new connection: [Errno 111] Connection refused")': /session/1c612b2bc9a1543242b07fe5d170ae84/element
2026-01-14 13:36:59,487 - ERROR - Erro ao cadastrar produto CAHA000123 - HTTPConnectionPool(host='localhost', port=58075): Max retries exceeded with url: /session/1c612b2bc9a1543242b07fe5d170ae84/element (Caused by NewConnectionError("HTTPConnection(host='localhost', port=58075): Failed to establish a new connection: [Errno 111] Connection refused"))
2026-01-14 13:36:59,488 - WARNING - Retrying (Retry(total=2, connect=None, read=None, redirect=None, status=None)) after connection broken by 'NewConnectionError("HTTPConnection(host='localhost', port=58075): Failed to establish a new connection: [Errno 111] Connection refused")': /session/1c612b2bc9a1543242b07fe5d170ae84/element
2026-01-14 13:36:59,488 - WARNING - Retrying (Retry(total=1, connect=None, read=None, redirect=None, status=None)) after connection broken by 'NewConnectionError("HTTPConnection(host='localhost', port=58075): Failed to establish a new connection: [Errno 111] Connection refused")': /session/1c612b2bc9a1543242b07fe5d170ae84/element
2026-01-14 13:36:59,488 - WARNING - Retrying (Retry(total=0, connect=None, read=None, redirect=None, status=None)) after connection broken by 'NewConnectionError("HTTPConnection(host='localhost', port=58075): Failed to establish a new connection: [Errno 111] Connection refused")': /session/1c612b2bc9a1543242b07fe5d170ae84/element
2026-01-14 13:36:59,488 - ERROR - Erro ao cadastrar produto CAHA000124 - HTTPConnectionPool(host='localhost', port=58075): Max retries exceeded with url: /session/1c612b2bc9a1543242b07fe5d170ae84/element (Caused by NewConnectionError("HTTPConnection(host='localhost', port=58075): Failed to establish a new connection: [Errno 111] Connection refused"))
2026-01-14 13:36:59,489 - WARNING - Retrying (Retry(total=2, connect=None, read=None, redirect=None, status=None)) after connection broken by 'NewConnectionError("HTTPConnection(host='localhost', port=58075): Failed to establish a new connection: [Errno 111] Connection refused")': /session/1c612b2bc9a1543242b07fe5d170ae84/element
2026-01-14 13:36:59,489 - WARNING - Retrying (Retry(total=1, connect=None, read=None, redirect=None, status=None)) after connection broken by 'NewConnectionError("HTTPConnection(host='localhost', port=58075): Failed to establish a new connection: [Errno 111] Connection refused")': /session/1c612b2bc9a1543242b07fe5d170ae84/element
2026-01-14 13:36:59,489 - WARNING - Retrying (Retry(total=0, connect=None, read=None, redirect=None, status=None)) after connection broken by 'NewConnectionError("HTTPConnection(host='localhost', port=58075): Failed to establish a new connection: [Errno 111] Connection refused")': /session/1c612b2bc9a1543242b07fe5d170ae84/element
2026-01-14 13:36:59,490 - ERROR - Erro ao cadastrar produto NOAC000791 - HTTPConnectionPool(host='localhost', port=58075): Max retries exceeded with url: /session/1c612b2bc9a1543242b07fe5d170ae84/element (Caused by NewConnectionError("HTTPConnection(host='localhost', port=58075): Failed to establish a new connection: [Errno 111] Connection refused"))
2026-01-14 13:36:59,491 - WARNING - Retrying (Retry(total=2, connect=None, read=None, redirect=None, status=None)) after connection broken by 'NewConnectionError("HTTPConnection(host='localhost', port=58075): Failed to establish a new connection: [Errno 111] Connection refused")': /session/1c612b2bc9a1543242b07fe5d170ae84/element
2026-01-14 13:36:59,491 - WARNING - Retrying (Retry(total=1, connect=None, read=None, redirect=None, status=None)) after connection broken by 'NewConnectionError("HTTPConnection(host='localhost', port=58075): Failed to establish a new connection: [Errno 111] Connection refused")': /session/1c612b2bc9a1543242b07fe5d170ae84/element
2026-01-14 13:36:59,491 - WARNING - Retrying (Retry(total=0, connect=None, read=None, redirect=None, status=None)) after connection broken by 'NewConnectionError("HTTPConnection(host='localhost', port=58075): Failed to establish a new connection: [Errno 111] Connection refused")': /session/1c612b2bc9a1543242b07fe5d170ae84/element
2026-01-14 13:36:59,492 - ERROR - Erro ao cadastrar produto NOMU000192 - HTTPConnectionPool(host='localhost', port=58075): Max retries exceeded with url: /session/1c612b2bc9a1543242b07fe5d170ae84/element (Caused by NewConnectionError("HTTPConnection(host='localhost', port=58075): Failed to establish a new connection: [Errno 111] Connection refused"))
2026-01-14 13:36:59,492 - WARNING - Retrying (Retry(total=2, connect=None, read=None, redirect=None, status=None)) after connection broken by 'NewConnectionError("HTTPConnection(host='localhost', port=58075): Failed to establish a new connection: [Errno 111] Connection refused")': /session/1c612b2bc9a1543242b07fe5d170ae84/element
2026-01-14 13:36:59,492 - WARNING - Retrying (Retry(total=1, connect=None, read=None, redirect=None, status=None)) after connection broken by 'NewConnectionError("HTTPConnection(host='localhost', port=58075): Failed to establish a new connection: [Errno 111] Connection refused")': /session/1c612b2bc9a1543242b07fe5d170ae84/element
2026-01-14 13:36:59,492 - WARNING - Retrying (Retry(total=0, connect=None, read=None, redirect=None, status=None)) after connection broken by 'NewConnectionError("HTTPConnection(host='localhost', port=58075): Failed to establish a new connection: [Errno 111] Connection refused")': /session/1c612b2bc9a1543242b07fe5d170ae84/element
2026-01-14 13:36:59,493 - ERROR - Erro ao cadastrar produto NOHP000943 - HTTPConnectionPool(host='localhost', port=58075): Max retries exceeded with url: /session/1c612b2bc9a1543242b07fe5d170ae84/element (Caused by NewConnectionError("HTTPConnection(host='localhost', port=58075): Failed to establish a new connection: [Errno 111] Connection refused"))
2026-01-14 13:36:59,493 - WARNING - Retrying (Retry(total=2, connect=None, read=None, redirect=None, status=None)) after connection broken by 'NewConnectionError("HTTPConnection(host='localhost', port=58075): Failed to establish a new connection: [Errno 111] Connection refused")': /session/1c612b2bc9a1543242b07fe5d170ae84/element
2026-01-14 13:36:59,494 - WARNING - Retrying (Retry(total=1, connect=None, read=None, redirect=None, status=None)) after connection broken by 'NewConnectionError("HTTPConnection(host='localhost', port=58075): Failed to establish a new connection: [Errno 111] Connection refused")': /session/1c612b2bc9a1543242b07fe5d170ae84/element
2026-01-14 13:36:59,494 - WARNING - Retrying (Retry(total=0, connect=None, read=None, redirect=None, status=None)) after connection broken by 'NewConnectionError("HTTPConnection(host='localhost', port=58075): Failed to establish a new connection: [Errno 111] Connection refused")': /session/1c612b2bc9a1543242b07fe5d170ae84/element
2026-01-14 13:36:59,494 - ERROR - Erro ao cadastrar produto NOAP000144 - HTTPConnectionPool(host='localhost', port=58075): Max retries exceeded with url: /session/1c612b2bc9a1543242b07fe5d170ae84/element (Caused by NewConnectionError("HTTPConnection(host='localhost', port=58075): Failed to establish a new connection: [Errno 111] Connection refused"))
2026-01-14 13:36:59,495 - WARNING - Retrying (Retry(total=2, connect=None, read=None, redirect=None, status=None)) after connection broken by 'NewConnectionError("HTTPConnection(host='localhost', port=58075): Failed to establish a new connection: [Errno 111] Connection refused")': /session/1c612b2bc9a1543242b07fe5d170ae84/element
2026-01-14 13:36:59,495 - WARNING - Retrying (Retry(total=1, connect=None, read=None, redirect=None, status=None)) after connection broken by 'NewConnectionError("HTTPConnection(host='localhost', port=58075): Failed to establish a new connection: [Errno 111] Connection refused")': /session/1c612b2bc9a1543242b07fe5d170ae84/element
2026-01-14 13:36:59,496 - WARNING - Retrying (Retry(total=0, connect=None, read=None, redirect=None, status=None)) after connection broken by 'NewConnectionError("HTTPConnection(host='localhost', port=58075): Failed to establish a new connection: [Errno 111] Connection refused")': /session/1c612b2bc9a1543242b07fe5d170ae84/element
2026-01-14 13:36:59,496 - ERROR - Erro ao cadastrar produto NOAP000255 - HTTPConnectionPool(host='localhost', port=58075): Max retries exceeded with url: /session/1c612b2bc9a1543242b07fe5d170ae84/element (Caused by NewConnectionError("HTTPConnection(host='localhost', port=58075): Failed to establish a new connection: [Errno 111] Connection refused"))
2026-01-14 13:36:59,496 - WARNING - Retrying (Retry(total=2, connect=None, read=None, redirect=None, status=None)) after connection broken by 'NewConnectionError("HTTPConnection(host='localhost', port=58075): Failed to establish a new connection: [Errno 111] Connection refused")': /session/1c612b2bc9a1543242b07fe5d170ae84/element
2026-01-14 13:36:59,497 - WARNING - Retrying (Retry(total=1, connect=None, read=None, redirect=None, status=None)) after connection broken by 'NewConnectionError("HTTPConnection(host='localhost', port=58075): Failed to establish a new connection: [Errno 111] Connection refused")': /session/1c612b2bc9a1543242b07fe5d170ae84/element
2026-01-14 13:36:59,497 - WARNING - Retrying (Retry(total=0, connect=None, read=None, redirect=None, status=None)) after connection broken by 'NewConnectionError("HTTPConnection(host='localhost', port=58075): Failed to establish a new connection: [Errno 111] Connection refused")': /session/1c612b2bc9a1543242b07fe5d170ae84/element
2026-01-14 13:36:59,497 - ERROR - Erro ao cadastrar produto NOAP000646 - HTTPConnectionPool(host='localhost', port=58075): Max retries exceeded with url: /session/1c612b2bc9a1543242b07fe5d170ae84/element (Caused by NewConnectionError("HTTPConnection(host='localhost', port=58075): Failed to establish a new connection: [Errno 111] Connection refused"))
2026-01-14 13:36:59,497 - WARNING - Retrying (Retry(total=2, connect=None, read=None, redirect=None, status=None)) after connection broken by 'NewConnectionError("HTTPConnection(host='localhost', port=58075): Failed to establish a new connection: [Errno 111] Connection refused")': /session/1c612b2bc9a1543242b07fe5d170ae84/element
2026-01-14 13:36:59,498 - WARNING - Retrying (Retry(total=1, connect=None, read=None, redirect=None, status=None)) after connection broken by 'NewConnectionError("HTTPConnection(host='localhost', port=58075): Failed to establish a new connection: [Errno 111] Connection refused")': /session/1c612b2bc9a1543242b07fe5d170ae84/element
2026-01-14 13:36:59,498 - WARNING - Retrying (Retry(total=0, connect=None, read=None, redirect=None, status=None)) after connection broken by 'NewConnectionError("HTTPConnection(host='localhost', port=58075): Failed to establish a new connection: [Errno 111] Connection refused")': /session/1c612b2bc9a1543242b07fe5d170ae84/element
2026-01-14 13:36:59,498 - ERROR - Erro ao cadastrar produto NOAP000247 - HTTPConnectionPool(host='localhost', port=58075): Max retries exceeded with url: /session/1c612b2bc9a1543242b07fe5d170ae84/element (Caused by NewConnectionError("HTTPConnection(host='localhost', port=58075): Failed to establish a new connection: [Errno 111] Connection refused"))
2026-01-14 13:36:59,499 - WARNING - Retrying (Retry(total=2, connect=None, read=None, redirect=None, status=None)) after connection broken by 'NewConnectionError("HTTPConnection(host='localhost', port=58075): Failed to establish a new connection: [Errno 111] Connection refused")': /session/1c612b2bc9a1543242b07fe5d170ae84/element
2026-01-14 13:36:59,499 - WARNING - Retrying (Retry(total=1, connect=None, read=None, redirect=None, status=None)) after connection broken by 'NewConnectionError("HTTPConnection(host='localhost', port=58075): Failed to establish a new connection: [Errno 111] Connection refused")': /session/1c612b2bc9a1543242b07fe5d170ae84/element
2026-01-14 13:36:59,499 - WARNING - Retrying (Retry(total=0, connect=None, read=None, redirect=None, status=None)) after connection broken by 'NewConnectionError("HTTPConnection(host='localhost', port=58075): Failed to establish a new connection: [Errno 111] Connection refused")': /session/1c612b2bc9a1543242b07fe5d170ae84/element
2026-01-14 13:36:59,499 - ERROR - Erro ao cadastrar produto NOAP000128 - HTTPConnectionPool(host='localhost', port=58075): Max retries exceeded with url: /session/1c612b2bc9a1543242b07fe5d170ae84/element (Caused by NewConnectionError("HTTPConnection(host='localhost', port=58075): Failed to establish a new connection: [Errno 111] Connection refused"))
2026-01-14 13:36:59,500 - WARNING - Retrying (Retry(total=2, connect=None, read=None, redirect=None, status=None)) after connection broken by 'NewConnectionError("HTTPConnection(host='localhost', port=58075): Failed to establish a new connection: [Errno 111] Connection refused")': /session/1c612b2bc9a1543242b07fe5d170ae84/element
2026-01-14 13:36:59,500 - WARNING - Retrying (Retry(total=1, connect=None, read=None, redirect=None, status=None)) after connection broken by 'NewConnectionError("HTTPConnection(host='localhost', port=58075): Failed to establish a new connection: [Errno 111] Connection refused")': /session/1c612b2bc9a1543242b07fe5d170ae84/element
2026-01-14 13:36:59,500 - WARNING - Retrying (Retry(total=0, connect=None, read=None, redirect=None, status=None)) after connection broken by 'NewConnectionError("HTTPConnection(host='localhost', port=58075): Failed to establish a new connection: [Errno 111] Connection refused")': /session/1c612b2bc9a1543242b07fe5d170ae84/element
2026-01-14 13:36:59,501 - ERROR - Erro ao cadastrar produto NOAP000599 - HTTPConnectionPool(host='localhost', port=58075): Max retries exceeded with url: /session/1c612b2bc9a1543242b07fe5d170ae84/element (Caused by NewConnectionError("HTTPConnection(host='localhost', port=58075): Failed to establish a new connection: [Errno 111] Connection refused"))
2026-01-14 13:36:59,501 - WARNING - Retrying (Retry(total=2, connect=None, read=None, redirect=None, status=None)) after connection broken by 'NewConnectionError("HTTPConnection(host='localhost', port=58075): Failed to establish a new connection: [Errno 111] Connection refused")': /session/1c612b2bc9a1543242b07fe5d170ae84/element
2026-01-14 13:36:59,501 - WARNING - Retrying (Retry(total=1, connect=None, read=None, redirect=None, status=None)) after connection broken by 'NewConnectionError("HTTPConnection(host='localhost', port=58075): Failed to establish a new connection: [Errno 111] Connection refused")': /session/1c612b2bc9a1543242b07fe5d170ae84/element
2026-01-14 13:36:59,502 - WARNING - Retrying (Retry(total=0, connect=None, read=None, redirect=None, status=None)) after connection broken by 'NewConnectionError("HTTPConnection(host='localhost', port=58075): Failed to establish a new connection: [Errno 111] Connection refused")': /session/1c612b2bc9a1543242b07fe5d170ae84/element
2026-01-14 13:36:59,502 - ERROR - Erro ao cadastrar produto TETC000121 - HTTPConnectionPool(host='localhost', port=58075): Max retries exceeded with url: /session/1c612b2bc9a1543242b07fe5d170ae84/element (Caused by NewConnectionError("HTTPConnection(host='localhost', port=58075): Failed to establish a new connection: [Errno 111] Connection refused"))
2026-01-14 13:36:59,503 - WARNING - Retrying (Retry(total=2, connect=None, read=None, redirect=None, status=None)) after connection broken by 'NewConnectionError("HTTPConnection(host='localhost', port=58075): Failed to establish a new connection: [Errno 111] Connection refused")': /session/1c612b2bc9a1543242b07fe5d170ae84/element
2026-01-14 13:36:59,503 - WARNING - Retrying (Retry(total=1, connect=None, read=None, redirect=None, status=None)) after connection broken by 'NewConnectionError("HTTPConnection(host='localhost', port=58075): Failed to establish a new connection: [Errno 111] Connection refused")': /session/1c612b2bc9a1543242b07fe5d170ae84/element
2026-01-14 13:36:59,503 - WARNING - Retrying (Retry(total=0, connect=None, read=None, redirect=None, status=None)) after connection broken by 'NewConnectionError("HTTPConnection(host='localhost', port=58075): Failed to establish a new connection: [Errno 111] Connection refused")': /session/1c612b2bc9a1543242b07fe5d170ae84/element
2026-01-14 13:36:59,504 - ERROR - Erro ao cadastrar produto TEVI000152 - HTTPConnectionPool(host='localhost', port=58075): Max retries exceeded with url: /session/1c612b2bc9a1543242b07fe5d170ae84/element (Caused by NewConnectionError("HTTPConnection(host='localhost', port=58075): Failed to establish a new connection: [Errno 111] Connection refused"))
2026-01-14 13:36:59,504 - WARNING - Retrying (Retry(total=2, connect=None, read=None, redirect=None, status=None)) after connection broken by 'NewConnectionError("HTTPConnection(host='localhost', port=58075): Failed to establish a new connection: [Errno 111] Connection refused")': /session/1c612b2bc9a1543242b07fe5d170ae84/element
2026-01-14 13:36:59,505 - WARNING - Retrying (Retry(total=1, connect=None, read=None, redirect=None, status=None)) after connection broken by 'NewConnectionError("HTTPConnection(host='localhost', port=58075): Failed to establish a new connection: [Errno 111] Connection refused")': /session/1c612b2bc9a1543242b07fe5d170ae84/element
2026-01-14 13:36:59,506 - WARNING - Retrying (Retry(total=0, connect=None, read=None, redirect=None, status=None)) after connection broken by 'NewConnectionError("HTTPConnection(host='localhost', port=58075): Failed to establish a new connection: [Errno 111] Connection refused")': /session/1c612b2bc9a1543242b07fe5d170ae84/element
2026-01-14 13:36:59,506 - ERROR - Erro ao cadastrar produto TEVI000443 - HTTPConnectionPool(host='localhost', port=58075): Max retries exceeded with url: /session/1c612b2bc9a1543242b07fe5d170ae84/element (Caused by NewConnectionError("HTTPConnection(host='localhost', port=58075): Failed to establish a new connection: [Errno 111] Connection refused"))
2026-01-14 13:36:59,506 - WARNING - Retrying (Retry(total=2, connect=None, read=None, redirect=None, status=None)) after connection broken by 'NewConnectionError("HTTPConnection(host='localhost', port=58075): Failed to establish a new connection: [Errno 111] Connection refused")': /session/1c612b2bc9a1543242b07fe5d170ae84/element
2026-01-14 13:36:59,507 - WARNING - Retrying (Retry(total=1, connect=None, read=None, redirect=None, status=None)) after connection broken by 'NewConnectionError("HTTPConnection(host='localhost', port=58075): Failed to establish a new connection: [Errno 111] Connection refused")': /session/1c612b2bc9a1543242b07fe5d170ae84/element
2026-01-14 13:36:59,507 - WARNING - Retrying (Retry(total=0, connect=None, read=None, redirect=None, status=None)) after connection broken by 'NewConnectionError("HTTPConnection(host='localhost', port=58075): Failed to establish a new connection: [Errno 111] Connection refused")': /session/1c612b2bc9a1543242b07fe5d170ae84/element
2026-01-14 13:36:59,507 - ERROR - Erro ao cadastrar produto TEVI000244 - HTTPConnectionPool(host='localhost', port=58075): Max retries exceeded with url: /session/1c612b2bc9a1543242b07fe5d170ae84/element (Caused by NewConnectionError("HTTPConnection(host='localhost', port=58075): Failed to establish a new connection: [Errno 111] Connection refused"))
2026-01-14 13:36:59,508 - WARNING - Retrying (Retry(total=2, connect=None, read=None, redirect=None, status=None)) after connection broken by 'NewConnectionError("HTTPConnection(host='localhost', port=58075): Failed to establish a new connection: [Errno 111] Connection refused")': /session/1c612b2bc9a1543242b07fe5d170ae84/element
2026-01-14 13:36:59,508 - WARNING - Retrying (Retry(total=1, connect=None, read=None, redirect=None, status=None)) after connection broken by 'NewConnectionError("HTTPConnection(host='localhost', port=58075): Failed to establish a new connection: [Errno 111] Connection refused")': /session/1c612b2bc9a1543242b07fe5d170ae84/element
2026-01-14 13:36:59,508 - WARNING - Retrying (Retry(total=0, connect=None, read=None, redirect=None, status=None)) after connection broken by 'NewConnectionError("HTTPConnection(host='localhost', port=58075): Failed to establish a new connection: [Errno 111] Connection refused")': /session/1c612b2bc9a1543242b07fe5d170ae84/element
2026-01-14 13:36:59,508 - ERROR - Erro ao cadastrar produto TEIN000255 - HTTPConnectionPool(host='localhost', port=58075): Max retries exceeded with url: /session/1c612b2bc9a1543242b07fe5d170ae84/element (Caused by NewConnectionError("HTTPConnection(host='localhost', port=58075): Failed to establish a new connection: [Errno 111] Connection refused"))
2026-01-14 13:36:59,509 - WARNING - Retrying (Retry(total=2, connect=None, read=None, redirect=None, status=None)) after connection broken by 'NewConnectionError("HTTPConnection(host='localhost', port=58075): Failed to establish a new connection: [Errno 111] Connection refused")': /session/1c612b2bc9a1543242b07fe5d170ae84/element
2026-01-14 13:36:59,509 - WARNING - Retrying (Retry(total=1, connect=None, read=None, redirect=None, status=None)) after connection broken by 'NewConnectionError("HTTPConnection(host='localhost', port=58075): Failed to establish a new connection: [Errno 111] Connection refused")': /session/1c612b2bc9a1543242b07fe5d170ae84/element
2026-01-14 13:36:59,509 - WARNING - Retrying (Retry(total=0, connect=None, read=None, redirect=None, status=None)) after connection broken by 'NewConnectionError("HTTPConnection(host='localhost', port=58075): Failed to establish a new connection: [Errno 111] Connection refused")': /session/1c612b2bc9a1543242b07fe5d170ae84/element
2026-01-14 13:36:59,510 - ERROR - Erro ao cadastrar produto TEIN000346 - HTTPConnectionPool(host='localhost', port=58075): Max retries exceeded with url: /session/1c612b2bc9a1543242b07fe5d170ae84/element (Caused by NewConnectionError("HTTPConnection(host='localhost', port=58075): Failed to establish a new connection: [Errno 111] Connection refused"))
2026-01-14 13:36:59,510 - WARNING - Retrying (Retry(total=2, connect=None, read=None, redirect=None, status=None)) after connection broken by 'NewConnectionError("HTTPConnection(host='localhost', port=58075): Failed to establish a new connection: [Errno 111] Connection refused")': /session/1c612b2bc9a1543242b07fe5d170ae84/element
2026-01-14 13:36:59,510 - WARNING - Retrying (Retry(total=1, connect=None, read=None, redirect=None, status=None)) after connection broken by 'NewConnectionError("HTTPConnection(host='localhost', port=58075): Failed to establish a new connection: [Errno 111] Connection refused")': /session/1c612b2bc9a1543242b07fe5d170ae84/element
2026-01-14 13:36:59,511 - WARNING - Retrying (Retry(total=0, connect=None, read=None, redirect=None, status=None)) after connection broken by 'NewConnectionError("HTTPConnection(host='localhost', port=58075): Failed to establish a new connection: [Errno 111] Connection refused")': /session/1c612b2bc9a1543242b07fe5d170ae84/element
2026-01-14 13:36:59,511 - ERROR - Erro ao cadastrar produto TEIN000187 - HTTPConnectionPool(host='localhost', port=58075): Max retries exceeded with url: /session/1c612b2bc9a1543242b07fe5d170ae84/element (Caused by NewConnectionError("HTTPConnection(host='localhost', port=58075): Failed to establish a new connection: [Errno 111] Connection refused"))
2026-01-14 13:36:59,511 - WARNING - Retrying (Retry(total=2, connect=None, read=None, redirect=None, status=None)) after connection broken by 'NewConnectionError("HTTPConnection(host='localhost', port=58075): Failed to establish a new connection: [Errno 111] Connection refused")': /session/1c612b2bc9a1543242b07fe5d170ae84/element
2026-01-14 13:36:59,512 - WARNING - Retrying (Retry(total=1, connect=None, read=None, redirect=None, status=None)) after connection broken by 'NewConnectionError("HTTPConnection(host='localhost', port=58075): Failed to establish a new connection: [Errno 111] Connection refused")': /session/1c612b2bc9a1543242b07fe5d170ae84/element
2026-01-14 13:36:59,512 - WARNING - Retrying (Retry(total=0, connect=None, read=None, redirect=None, status=None)) after connection broken by 'NewConnectionError("HTTPConnection(host='localhost', port=58075): Failed to establish a new connection: [Errno 111] Connection refused")': /session/1c612b2bc9a1543242b07fe5d170ae84/element
2026-01-14 13:36:59,512 - ERROR - Erro ao cadastrar produto TELG000398 - HTTPConnectionPool(host='localhost', port=58075): Max retries exceeded with url: /session/1c612b2bc9a1543242b07fe5d170ae84/element (Caused by NewConnectionError("HTTPConnection(host='localhost', port=58075): Failed to establish a new connection: [Errno 111] Connection refused"))
2026-01-14 13:36:59,513 - WARNING - Retrying (Retry(total=2, connect=None, read=None, redirect=None, status=None)) after connection broken by 'NewConnectionError("HTTPConnection(host='localhost', port=58075): Failed to establish a new connection: [Errno 111] Connection refused")': /session/1c612b2bc9a1543242b07fe5d170ae84/element
2026-01-14 13:36:59,513 - WARNING - Retrying (Retry(total=1, connect=None, read=None, redirect=None, status=None)) after connection broken by 'NewConnectionError("HTTPConnection(host='localhost', port=58075): Failed to establish a new connection: [Errno 111] Connection refused")': /session/1c612b2bc9a1543242b07fe5d170ae84/element
2026-01-14 13:36:59,513 - WARNING - Retrying (Retry(total=0, connect=None, read=None, redirect=None, status=None)) after connection broken by 'NewConnectionError("HTTPConnection(host='localhost', port=58075): Failed to establish a new connection: [Errno 111] Connection refused")': /session/1c612b2bc9a1543242b07fe5d170ae84/element
2026-01-14 13:36:59,513 - ERROR - Erro ao cadastrar produto TELG000559 - HTTPConnectionPool(host='localhost', port=58075): Max retries exceeded with url: /session/1c612b2bc9a1543242b07fe5d170ae84/element (Caused by NewConnectionError("HTTPConnection(host='localhost', port=58075): Failed to establish a new connection: [Errno 111] Connection refused"))
2026-01-14 13:36:59,514 - WARNING - Retrying (Retry(total=2, connect=None, read=None, redirect=None, status=None)) after connection broken by 'NewConnectionError("HTTPConnection(host='localhost', port=58075): Failed to establish a new connection: [Errno 111] Connection refused")': /session/1c612b2bc9a1543242b07fe5d170ae84/element
2026-01-14 13:36:59,514 - WARNING - Retrying (Retry(total=1, connect=None, read=None, redirect=None, status=None)) after connection broken by 'NewConnectionError("HTTPConnection(host='localhost', port=58075): Failed to establish a new connection: [Errno 111] Connection refused")': /session/1c612b2bc9a1543242b07fe5d170ae84/element
2026-01-14 13:36:59,514 - WARNING - Retrying (Retry(total=0, connect=None, read=None, redirect=None, status=None)) after connection broken by 'NewConnectionError("HTTPConnection(host='localhost', port=58075): Failed to establish a new connection: [Errno 111] Connection refused")': /session/1c612b2bc9a1543242b07fe5d170ae84/element
2026-01-14 13:36:59,515 - ERROR - Erro ao cadastrar produto TESO0001210 - HTTPConnectionPool(host='localhost', port=58075): Max retries exceeded with url: /session/1c612b2bc9a1543242b07fe5d170ae84/element (Caused by NewConnectionError("HTTPConnection(host='localhost', port=58075): Failed to establish a new connection: [Errno 111] Connection refused"))
2026-01-14 13:36:59,515 - WARNING - Retrying (Retry(total=2, connect=None, read=None, redirect=None, status=None)) after connection broken by 'NewConnectionError("HTTPConnection(host='localhost', port=58075): Failed to establish a new connection: [Errno 111] Connection refused")': /session/1c612b2bc9a1543242b07fe5d170ae84/element
2026-01-14 13:36:59,515 - WARNING - Retrying (Retry(total=1, connect=None, read=None, redirect=None, status=None)) after connection broken by 'NewConnectionError("HTTPConnection(host='localhost', port=58075): Failed to establish a new connection: [Errno 111] Connection refused")': /session/1c612b2bc9a1543242b07fe5d170ae84/element
2026-01-14 13:36:59,516 - WARNING - Retrying (Retry(total=0, connect=None, read=None, redirect=None, status=None)) after connection broken by 'NewConnectionError("HTTPConnection(host='localhost', port=58075): Failed to establish a new connection: [Errno 111] Connection refused")': /session/1c612b2bc9a1543242b07fe5d170ae84/element
2026-01-14 13:36:59,516 - ERROR - Erro ao cadastrar produto TESO0003311 - HTTPConnectionPool(host='localhost', port=58075): Max retries exceeded with url: /session/1c612b2bc9a1543242b07fe5d170ae84/element (Caused by NewConnectionError("HTTPConnection(host='localhost', port=58075): Failed to establish a new connection: [Errno 111] Connection refused"))
2026-01-14 13:36:59,516 - WARNING - Retrying (Retry(total=2, connect=None, read=None, redirect=None, status=None)) after connection broken by 'NewConnectionError("HTTPConnection(host='localhost', port=58075): Failed to establish a new connection: [Errno 111] Connection refused")': /session/1c612b2bc9a1543242b07fe5d170ae84/element
2026-01-14 13:36:59,516 - WARNING - Retrying (Retry(total=1, connect=None, read=None, redirect=None, status=None)) after connection broken by 'NewConnectionError("HTTPConnection(host='localhost', port=58075): Failed to establish a new connection: [Errno 111] Connection refused")': /session/1c612b2bc9a1543242b07fe5d170ae84/element
2026-01-14 13:36:59,517 - WARNING - Retrying (Retry(total=0, connect=None, read=None, redirect=None, status=None)) after connection broken by 'NewConnectionError("HTTPConnection(host='localhost', port=58075): Failed to establish a new connection: [Errno 111] Connection refused")': /session/1c612b2bc9a1543242b07fe5d170ae84/element
2026-01-14 13:36:59,517 - ERROR - Erro ao cadastrar produto TESO0006012 - HTTPConnectionPool(host='localhost', port=58075): Max retries exceeded with url: /session/1c612b2bc9a1543242b07fe5d170ae84/element (Caused by NewConnectionError("HTTPConnection(host='localhost', port=58075): Failed to establish a new connection: [Errno 111] Connection refused"))
2026-01-14 13:36:59,517 - WARNING - Retrying (Retry(total=2, connect=None, read=None, redirect=None, status=None)) after connection broken by 'NewConnectionError("HTTPConnection(host='localhost', port=58075): Failed to establish a new connection: [Errno 111] Connection refused")': /session/1c612b2bc9a1543242b07fe5d170ae84/element
2026-01-14 13:36:59,518 - WARNING - Retrying (Retry(total=1, connect=None, read=None, redirect=None, status=None)) after connection broken by 'NewConnectionError("HTTPConnection(host='localhost', port=58075): Failed to establish a new connection: [Errno 111] Connection refused")': /session/1c612b2bc9a1543242b07fe5d170ae84/element
2026-01-14 13:36:59,518 - WARNING - Retrying (Retry(total=0, connect=None, read=None, redirect=None, status=None)) after connection broken by 'NewConnectionError("HTTPConnection(host='localhost', port=58075): Failed to establish a new connection: [Errno 111] Connection refused")': /session/1c612b2bc9a1543242b07fe5d170ae84/element
2026-01-14 13:36:59,519 - ERROR - Erro ao cadastrar produto TESO0005913 - HTTPConnectionPool(host='localhost', port=58075): Max retries exceeded with url: /session/1c612b2bc9a1543242b07fe5d170ae84/element (Caused by NewConnectionError("HTTPConnection(host='localhost', port=58075): Failed to establish a new connection: [Errno 111] Connection refused"))
2026-01-14 13:36:59,519 - WARNING - Retrying (Retry(total=2, connect=None, read=None, redirect=None, status=None)) after connection broken by 'NewConnectionError("HTTPConnection(host='localhost', port=58075): Failed to establish a new connection: [Errno 111] Connection refused")': /session/1c612b2bc9a1543242b07fe5d170ae84/element
2026-01-14 13:36:59,519 - WARNING - Retrying (Retry(total=1, connect=None, read=None, redirect=None, status=None)) after connection broken by 'NewConnectionError("HTTPConnection(host='localhost', port=58075): Failed to establish a new connection: [Errno 111] Connection refused")': /session/1c612b2bc9a1543242b07fe5d170ae84/element
2026-01-14 13:36:59,520 - WARNING - Retrying (Retry(total=0, connect=None, read=None, redirect=None, status=None)) after connection broken by 'NewConnectionError("HTTPConnection(host='localhost', port=58075): Failed to establish a new connection: [Errno 111] Connection refused")': /session/1c612b2bc9a1543242b07fe5d170ae84/element
2026-01-14 13:36:59,520 - ERROR - Erro ao cadastrar produto REAP000101 - HTTPConnectionPool(host='localhost', port=58075): Max retries exceeded with url: /session/1c612b2bc9a1543242b07fe5d170ae84/element (Caused by NewConnectionError("HTTPConnection(host='localhost', port=58075): Failed to establish a new connection: [Errno 111] Connection refused"))
2026-01-14 13:36:59,521 - WARNING - Retrying (Retry(total=2, connect=None, read=None, redirect=None, status=None)) after connection broken by 'NewConnectionError("HTTPConnection(host='localhost', port=58075): Failed to establish a new connection: [Errno 111] Connection refused")': /session/1c612b2bc9a1543242b07fe5d170ae84/element
2026-01-14 13:36:59,521 - WARNING - Retrying (Retry(total=1, connect=None, read=None, redirect=None, status=None)) after connection broken by 'NewConnectionError("HTTPConnection(host='localhost', port=58075): Failed to establish a new connection: [Errno 111] Connection refused")': /session/1c612b2bc9a1543242b07fe5d170ae84/element
2026-01-14 13:36:59,521 - WARNING - Retrying (Retry(total=0, connect=None, read=None, redirect=None, status=None)) after connection broken by 'NewConnectionError("HTTPConnection(host='localhost', port=58075): Failed to establish a new connection: [Errno 111] Connection refused")': /session/1c612b2bc9a1543242b07fe5d170ae84/element
2026-01-14 13:36:59,522 - ERROR - Erro ao cadastrar produto REAP000702 - HTTPConnectionPool(host='localhost', port=58075): Max retries exceeded with url: /session/1c612b2bc9a1543242b07fe5d170ae84/element (Caused by NewConnectionError("HTTPConnection(host='localhost', port=58075): Failed to establish a new connection: [Errno 111] Connection refused"))
2026-01-14 13:36:59,522 - WARNING - Retrying (Retry(total=2, connect=None, read=None, redirect=None, status=None)) after connection broken by 'NewConnectionError("HTTPConnection(host='localhost', port=58075): Failed to establish a new connection: [Errno 111] Connection refused")': /session/1c612b2bc9a1543242b07fe5d170ae84/element
2026-01-14 13:36:59,522 - WARNING - Retrying (Retry(total=1, connect=None, read=None, redirect=None, status=None)) after connection broken by 'NewConnectionError("HTTPConnection(host='localhost', port=58075): Failed to establish a new connection: [Errno 111] Connection refused")': /session/1c612b2bc9a1543242b07fe5d170ae84/element
2026-01-14 13:36:59,523 - WARNING - Retrying (Retry(total=0, connect=None, read=None, redirect=None, status=None)) after connection broken by 'NewConnectionError("HTTPConnection(host='localhost', port=58075): Failed to establish a new connection: [Errno 111] Connection refused")': /session/1c612b2bc9a1543242b07fe5d170ae84/element
2026-01-14 13:36:59,523 - ERROR - Erro ao cadastrar produto REAP000643 - HTTPConnectionPool(host='localhost', port=58075): Max retries exceeded with url: /session/1c612b2bc9a1543242b07fe5d170ae84/element (Caused by NewConnectionError("HTTPConnection(host='localhost', port=58075): Failed to establish a new connection: [Errno 111] Connection refused"))
2026-01-14 13:36:59,523 - WARNING - Retrying (Retry(total=2, connect=None, read=None, redirect=None, status=None)) after connection broken by 'NewConnectionError("HTTPConnection(host='localhost', port=58075): Failed to establish a new connection: [Errno 111] Connection refused")': /session/1c612b2bc9a1543242b07fe5d170ae84/element
2026-01-14 13:36:59,524 - WARNING - Retrying (Retry(total=1, connect=None, read=None, redirect=None, status=None)) after connection broken by 'NewConnectionError("HTTPConnection(host='localhost', port=58075): Failed to establish a new connection: [Errno 111] Connection refused")': /session/1c612b2bc9a1543242b07fe5d170ae84/element
2026-01-14 13:36:59,524 - WARNING - Retrying (Retry(total=0, connect=None, read=None, redirect=None, status=None)) after connection broken by 'NewConnectionError("HTTPConnection(host='localhost', port=58075): Failed to establish a new connection: [Errno 111] Connection refused")': /session/1c612b2bc9a1543242b07fe5d170ae84/element
2026-01-14 13:36:59,524 - ERROR - Erro ao cadastrar produto REAP000504 - HTTPConnectionPool(host='localhost', port=58075): Max retries exceeded with url: /session/1c612b2bc9a1543242b07fe5d170ae84/element (Caused by NewConnectionError("HTTPConnection(host='localhost', port=58075): Failed to establish a new connection: [Errno 111] Connection refused"))
2026-01-14 13:36:59,525 - WARNING - Retrying (Retry(total=2, connect=None, read=None, redirect=None, status=None)) after connection broken by 'NewConnectionError("HTTPConnection(host='localhost', port=58075): Failed to establish a new connection: [Errno 111] Connection refused")': /session/1c612b2bc9a1543242b07fe5d170ae84/element
2026-01-14 13:36:59,525 - WARNING - Retrying (Retry(total=1, connect=None, read=None, redirect=None, status=None)) after connection broken by 'NewConnectionError("HTTPConnection(host='localhost', port=58075): Failed to establish a new connection: [Errno 111] Connection refused")': /session/1c612b2bc9a1543242b07fe5d170ae84/element
2026-01-14 13:36:59,525 - WARNING - Retrying (Retry(total=0, connect=None, read=None, redirect=None, status=None)) after connection broken by 'NewConnectionError("HTTPConnection(host='localhost', port=58075): Failed to establish a new connection: [Errno 111] Connection refused")': /session/1c612b2bc9a1543242b07fe5d170ae84/element
2026-01-14 13:36:59,526 - ERROR - Erro ao cadastrar produto REAP000485 - HTTPConnectionPool(host='localhost', port=58075): Max retries exceeded with url: /session/1c612b2bc9a1543242b07fe5d170ae84/element (Caused by NewConnectionError("HTTPConnection(host='localhost', port=58075): Failed to establish a new connection: [Errno 111] Connection refused"))
2026-01-14 13:36:59,526 - WARNING - Retrying (Retry(total=2, connect=None, read=None, redirect=None, status=None)) after connection broken by 'NewConnectionError("HTTPConnection(host='localhost', port=58075): Failed to establish a new connection: [Errno 111] Connection refused")': /session/1c612b2bc9a1543242b07fe5d170ae84/element
2026-01-14 13:36:59,526 - WARNING - Retrying (Retry(total=1, connect=None, read=None, redirect=None, status=None)) after connection broken by 'NewConnectionError("HTTPConnection(host='localhost', port=58075): Failed to establish a new connection: [Errno 111] Connection refused")': /session/1c612b2bc9a1543242b07fe5d170ae84/element
2026-01-14 13:36:59,527 - WARNING - Retrying (Retry(total=0, connect=None, read=None, redirect=None, status=None)) after connection broken by 'NewConnectionError("HTTPConnection(host='localhost', port=58075): Failed to establish a new connection: [Errno 111] Connection refused")': /session/1c612b2bc9a1543242b07fe5d170ae84/element
2026-01-14 13:36:59,527 - ERROR - Erro ao cadastrar produto REAP000446 - HTTPConnectionPool(host='localhost', port=58075): Max retries exceeded with url: /session/1c612b2bc9a1543242b07fe5d170ae84/element (Caused by NewConnectionError("HTTPConnection(host='localhost', port=58075): Failed to establish a new connection: [Errno 111] Connection refused"))
2026-01-14 13:36:59,527 - WARNING - Retrying (Retry(total=2, connect=None, read=None, redirect=None, status=None)) after connection broken by 'NewConnectionError("HTTPConnection(host='localhost', port=58075): Failed to establish a new connection: [Errno 111] Connection refused")': /session/1c612b2bc9a1543242b07fe5d170ae84/element
2026-01-14 13:36:59,527 - WARNING - Retrying (Retry(total=1, connect=None, read=None, redirect=None, status=None)) after connection broken by 'NewConnectionError("HTTPConnection(host='localhost', port=58075): Failed to establish a new connection: [Errno 111] Connection refused")': /session/1c612b2bc9a1543242b07fe5d170ae84/element
2026-01-14 13:36:59,528 - WARNING - Retrying (Retry(total=0, connect=None, read=None, redirect=None, status=None)) after connection broken by 'NewConnectionError("HTTPConnection(host='localhost', port=58075): Failed to establish a new connection: [Errno 111] Connection refused")': /session/1c612b2bc9a1543242b07fe5d170ae84/element
2026-01-14 13:36:59,528 - ERROR - Erro ao cadastrar produto REAP000327 - HTTPConnectionPool(host='localhost', port=58075): Max retries exceeded with url: /session/1c612b2bc9a1543242b07fe5d170ae84/element (Caused by NewConnectionError("HTTPConnection(host='localhost', port=58075): Failed to establish a new connection: [Errno 111] Connection refused"))
2026-01-14 13:36:59,528 - WARNING - Retrying (Retry(total=2, connect=None, read=None, redirect=None, status=None)) after connection broken by 'NewConnectionError("HTTPConnection(host='localhost', port=58075): Failed to establish a new connection: [Errno 111] Connection refused")': /session/1c612b2bc9a1543242b07fe5d170ae84/element
2026-01-14 13:36:59,529 - WARNING - Retrying (Retry(total=1, connect=None, read=None, redirect=None, status=None)) after connection broken by 'NewConnectionError("HTTPConnection(host='localhost', port=58075): Failed to establish a new connection: [Errno 111] Connection refused")': /session/1c612b2bc9a1543242b07fe5d170ae84/element
2026-01-14 13:36:59,529 - WARNING - Retrying (Retry(total=0, connect=None, read=None, redirect=None, status=None)) after connection broken by 'NewConnectionError("HTTPConnection(host='localhost', port=58075): Failed to establish a new connection: [Errno 111] Connection refused")': /session/1c612b2bc9a1543242b07fe5d170ae84/element
2026-01-14 13:36:59,529 - ERROR - Erro ao cadastrar produto REGA000928 - HTTPConnectionPool(host='localhost', port=58075): Max retries exceeded with url: /session/1c612b2bc9a1543242b07fe5d170ae84/element (Caused by NewConnectionError("HTTPConnection(host='localhost', port=58075): Failed to establish a new connection: [Errno 111] Connection refused"))
2026-01-14 13:36:59,530 - WARNING - Retrying (Retry(total=2, connect=None, read=None, redirect=None, status=None)) after connection broken by 'NewConnectionError("HTTPConnection(host='localhost', port=58075): Failed to establish a new connection: [Errno 111] Connection refused")': /session/1c612b2bc9a1543242b07fe5d170ae84/element
2026-01-14 13:36:59,530 - WARNING - Retrying (Retry(total=1, connect=None, read=None, redirect=None, status=None)) after connection broken by 'NewConnectionError("HTTPConnection(host='localhost', port=58075): Failed to establish a new connection: [Errno 111] Connection refused")': /session/1c612b2bc9a1543242b07fe5d170ae84/element
2026-01-14 13:36:59,530 - WARNING - Retrying (Retry(total=0, connect=None, read=None, redirect=None, status=None)) after connection broken by 'NewConnectionError("HTTPConnection(host='localhost', port=58075): Failed to establish a new connection: [Errno 111] Connection refused")': /session/1c612b2bc9a1543242b07fe5d170ae84/element
2026-01-14 13:36:59,530 - ERROR - Erro ao cadastrar produto REGA000809 - HTTPConnectionPool(host='localhost', port=58075): Max retries exceeded with url: /session/1c612b2bc9a1543242b07fe5d170ae84/element (Caused by NewConnectionError("HTTPConnection(host='localhost', port=58075): Failed to establish a new connection: [Errno 111] Connection refused"))
2026-01-14 13:36:59,531 - WARNING - Retrying (Retry(total=2, connect=None, read=None, redirect=None, status=None)) after connection broken by 'NewConnectionError("HTTPConnection(host='localhost', port=58075): Failed to establish a new connection: [Errno 111] Connection refused")': /session/1c612b2bc9a1543242b07fe5d170ae84/element
2026-01-14 13:36:59,531 - WARNING - Retrying (Retry(total=1, connect=None, read=None, redirect=None, status=None)) after connection broken by 'NewConnectionError("HTTPConnection(host='localhost', port=58075): Failed to establish a new connection: [Errno 111] Connection refused")': /session/1c612b2bc9a1543242b07fe5d170ae84/element
2026-01-14 13:36:59,531 - WARNING - Retrying (Retry(total=0, connect=None, read=None, redirect=None, status=None)) after connection broken by 'NewConnectionError("HTTPConnection(host='localhost', port=58075): Failed to establish a new connection: [Errno 111] Connection refused")': /session/1c612b2bc9a1543242b07fe5d170ae84/element
2026-01-14 13:36:59,532 - ERROR - Erro ao cadastrar produto RESA0002410 - HTTPConnectionPool(host='localhost', port=58075): Max retries exceeded with url: /session/1c612b2bc9a1543242b07fe5d170ae84/element (Caused by NewConnectionError("HTTPConnection(host='localhost', port=58075): Failed to establish a new connection: [Errno 111] Connection refused"))
2026-01-14 13:36:59,532 - WARNING - Retrying (Retry(total=2, connect=None, read=None, redirect=None, status=None)) after connection broken by 'NewConnectionError("HTTPConnection(host='localhost', port=58075): Failed to establish a new connection: [Errno 111] Connection refused")': /session/1c612b2bc9a1543242b07fe5d170ae84/element
2026-01-14 13:36:59,533 - WARNING - Retrying (Retry(total=1, connect=None, read=None, redirect=None, status=None)) after connection broken by 'NewConnectionError("HTTPConnection(host='localhost', port=58075): Failed to establish a new connection: [Errno 111] Connection refused")': /session/1c612b2bc9a1543242b07fe5d170ae84/element
2026-01-14 13:36:59,533 - WARNING - Retrying (Retry(total=0, connect=None, read=None, redirect=None, status=None)) after connection broken by 'NewConnectionError("HTTPConnection(host='localhost', port=58075): Failed to establish a new connection: [Errno 111] Connection refused")': /session/1c612b2bc9a1543242b07fe5d170ae84/element
2026-01-14 13:36:59,533 - ERROR - Erro ao cadastrar produto CaCA000581 - HTTPConnectionPool(host='localhost', port=58075): Max retries exceeded with url: /session/1c612b2bc9a1543242b07fe5d170ae84/element (Caused by NewConnectionError("HTTPConnection(host='localhost', port=58075): Failed to establish a new connection: [Errno 111] Connection refused"))
2026-01-14 13:36:59,534 - WARNING - Retrying (Retry(total=2, connect=None, read=None, redirect=None, status=None)) after connection broken by 'NewConnectionError("HTTPConnection(host='localhost', port=58075): Failed to establish a new connection: [Errno 111] Connection refused")': /session/1c612b2bc9a1543242b07fe5d170ae84/element
2026-01-14 13:36:59,534 - WARNING - Retrying (Retry(total=1, connect=None, read=None, redirect=None, status=None)) after connection broken by 'NewConnectionError("HTTPConnection(host='localhost', port=58075): Failed to establish a new connection: [Errno 111] Connection refused")': /session/1c612b2bc9a1543242b07fe5d170ae84/element
2026-01-14 13:36:59,534 - WARNING - Retrying (Retry(total=0, connect=None, read=None, redirect=None, status=None)) after connection broken by 'NewConnectionError("HTTPConnection(host='localhost', port=58075): Failed to establish a new connection: [Errno 111] Connection refused")': /session/1c612b2bc9a1543242b07fe5d170ae84/element
2026-01-14 13:36:59,535 - ERROR - Erro ao cadastrar produto CaCA000502 - HTTPConnectionPool(host='localhost', port=58075): Max retries exceeded with url: /session/1c612b2bc9a1543242b07fe5d170ae84/element (Caused by NewConnectionError("HTTPConnection(host='localhost', port=58075): Failed to establish a new connection: [Errno 111] Connection refused"))
2026-01-14 13:36:59,535 - WARNING - Retrying (Retry(total=2, connect=None, read=None, redirect=None, status=None)) after connection broken by 'NewConnectionError("HTTPConnection(host='localhost', port=58075): Failed to establish a new connection: [Errno 111] Connection refused")': /session/1c612b2bc9a1543242b07fe5d170ae84/element
2026-01-14 13:36:59,535 - WARNING - Retrying (Retry(total=1, connect=None, read=None, redirect=None, status=None)) after connection broken by 'NewConnectionError("HTTPConnection(host='localhost', port=58075): Failed to establish a new connection: [Errno 111] Connection refused")': /session/1c612b2bc9a1543242b07fe5d170ae84/element
2026-01-14 13:36:59,535 - WARNING - Retrying (Retry(total=0, connect=None, read=None, redirect=None, status=None)) after connection broken by 'NewConnectionError("HTTPConnection(host='localhost', port=58075): Failed to establish a new connection: [Errno 111] Connection refused")': /session/1c612b2bc9a1543242b07fe5d170ae84/element
2026-01-14 13:36:59,536 - ERROR - Erro ao cadastrar produto CaCA000483 - HTTPConnectionPool(host='localhost', port=58075): Max retries exceeded with url: /session/1c612b2bc9a1543242b07fe5d170ae84/element (Caused by NewConnectionError("HTTPConnection(host='localhost', port=58075): Failed to establish a new connection: [Errno 111] Connection refused"))
2026-01-14 13:36:59,536 - WARNING - Retrying (Retry(total=2, connect=None, read=None, redirect=None, status=None)) after connection broken by 'NewConnectionError("HTTPConnection(host='localhost', port=58075): Failed to establish a new connection: [Errno 111] Connection refused")': /session/1c612b2bc9a1543242b07fe5d170ae84/element
2026-01-14 13:36:59,536 - WARNING - Retrying (Retry(total=1, connect=None, read=None, redirect=None, status=None)) after connection broken by 'NewConnectionError("HTTPConnection(host='localhost', port=58075): Failed to establish a new connection: [Errno 111] Connection refused")': /session/1c612b2bc9a1543242b07fe5d170ae84/element
2026-01-14 13:36:59,537 - WARNING - Retrying (Retry(total=0, connect=None, read=None, redirect=None, status=None)) after connection broken by 'NewConnectionError("HTTPConnection(host='localhost', port=58075): Failed to establish a new connection: [Errno 111] Connection refused")': /session/1c612b2bc9a1543242b07fe5d170ae84/element
2026-01-14 13:36:59,537 - ERROR - Erro ao cadastrar produto CaCA000894 - HTTPConnectionPool(host='localhost', port=58075): Max retries exceeded with url: /session/1c612b2bc9a1543242b07fe5d170ae84/element (Caused by NewConnectionError("HTTPConnection(host='localhost', port=58075): Failed to establish a new connection: [Errno 111] Connection refused"))
2026-01-14 13:36:59,538 - WARNING - Retrying (Retry(total=2, connect=None, read=None, redirect=None, status=None)) after connection broken by 'NewConnectionError("HTTPConnection(host='localhost', port=58075): Failed to establish a new connection: [Errno 111] Connection refused")': /session/1c612b2bc9a1543242b07fe5d170ae84/element
2026-01-14 13:36:59,538 - WARNING - Retrying (Retry(total=1, connect=None, read=None, redirect=None, status=None)) after connection broken by 'NewConnectionError("HTTPConnection(host='localhost', port=58075): Failed to establish a new connection: [Errno 111] Connection refused")': /session/1c612b2bc9a1543242b07fe5d170ae84/element
2026-01-14 13:36:59,538 - WARNING - Retrying (Retry(total=0, connect=None, read=None, redirect=None, status=None)) after connection broken by 'NewConnectionError("HTTPConnection(host='localhost', port=58075): Failed to establish a new connection: [Errno 111] Connection refused")': /session/1c612b2bc9a1543242b07fe5d170ae84/element
2026-01-14 13:36:59,539 - ERROR - Erro ao cadastrar produto MOLO000151 - HTTPConnectionPool(host='localhost', port=58075): Max retries exceeded with url: /session/1c612b2bc9a1543242b07fe5d170ae84/element (Caused by NewConnectionError("HTTPConnection(host='localhost', port=58075): Failed to establish a new connection: [Errno 111] Connection refused"))
2026-01-14 13:36:59,539 - WARNING - Retrying (Retry(total=2, connect=None, read=None, redirect=None, status=None)) after connection broken by 'NewConnectionError("HTTPConnection(host='localhost', port=58075): Failed to establish a new connection: [Errno 111] Connection refused")': /session/1c612b2bc9a1543242b07fe5d170ae84/element
2026-01-14 13:36:59,539 - WARNING - Retrying (Retry(total=1, connect=None, read=None, redirect=None, status=None)) after connection broken by 'NewConnectionError("HTTPConnection(host='localhost', port=58075): Failed to establish a new connection: [Errno 111] Connection refused")': /session/1c612b2bc9a1543242b07fe5d170ae84/element
2026-01-14 13:36:59,540 - WARNING - Retrying (Retry(total=0, connect=None, read=None, redirect=None, status=None)) after connection broken by 'NewConnectionError("HTTPConnection(host='localhost', port=58075): Failed to establish a new connection: [Errno 111] Connection refused")': /session/1c612b2bc9a1543242b07fe5d170ae84/element
2026-01-14 13:36:59,540 - ERROR - Erro ao cadastrar produto TELG000101 - HTTPConnectionPool(host='localhost', port=58075): Max retries exceeded with url: /session/1c612b2bc9a1543242b07fe5d170ae84/element (Caused by NewConnectionError("HTTPConnection(host='localhost', port=58075): Failed to establish a new connection: [Errno 111] Connection refused"))
2026-01-14 13:36:59,540 - WARNING - Retrying (Retry(total=2, connect=None, read=None, redirect=None, status=None)) after connection broken by 'NewConnectionError("HTTPConnection(host='localhost', port=58075): Failed to establish a new connection: [Errno 111] Connection refused")': /session/1c612b2bc9a1543242b07fe5d170ae84/element
2026-01-14 13:36:59,541 - WARNING - Retrying (Retry(total=1, connect=None, read=None, redirect=None, status=None)) after connection broken by 'NewConnectionError("HTTPConnection(host='localhost', port=58075): Failed to establish a new connection: [Errno 111] Connection refused")': /session/1c612b2bc9a1543242b07fe5d170ae84/element
2026-01-14 13:36:59,541 - WARNING - Retrying (Retry(total=0, connect=None, read=None, redirect=None, status=None)) after connection broken by 'NewConnectionError("HTTPConnection(host='localhost', port=58075): Failed to establish a new connection: [Errno 111] Connection refused")': /session/1c612b2bc9a1543242b07fe5d170ae84/element
2026-01-14 13:36:59,541 - ERROR - Erro ao cadastrar produto MOSA000191 - HTTPConnectionPool(host='localhost', port=58075): Max retries exceeded with url: /session/1c612b2bc9a1543242b07fe5d170ae84/element (Caused by NewConnectionError("HTTPConnection(host='localhost', port=58075): Failed to establish a new connection: [Errno 111] Connection refused"))
2026-01-14 13:36:59,542 - WARNING - Retrying (Retry(total=2, connect=None, read=None, redirect=None, status=None)) after connection broken by 'NewConnectionError("HTTPConnection(host='localhost', port=58075): Failed to establish a new connection: [Errno 111] Connection refused")': /session/1c612b2bc9a1543242b07fe5d170ae84/element
2026-01-14 13:36:59,542 - WARNING - Retrying (Retry(total=1, connect=None, read=None, redirect=None, status=None)) after connection broken by 'NewConnectionError("HTTPConnection(host='localhost', port=58075): Failed to establish a new connection: [Errno 111] Connection refused")': /session/1c612b2bc9a1543242b07fe5d170ae84/element
2026-01-14 13:36:59,542 - WARNING - Retrying (Retry(total=0, connect=None, read=None, redirect=None, status=None)) after connection broken by 'NewConnectionError("HTTPConnection(host='localhost', port=58075): Failed to establish a new connection: [Errno 111] Connection refused")': /session/1c612b2bc9a1543242b07fe5d170ae84/element
2026-01-14 13:36:59,542 - ERROR - Erro ao cadastrar produto CaNI000131 - HTTPConnectionPool(host='localhost', port=58075): Max retries exceeded with url: /session/1c612b2bc9a1543242b07fe5d170ae84/element (Caused by NewConnectionError("HTTPConnection(host='localhost', port=58075): Failed to establish a new connection: [Errno 111] Connection refused"))
2026-01-14 13:36:59,543 - WARNING - Retrying (Retry(total=2, connect=None, read=None, redirect=None, status=None)) after connection broken by 'NewConnectionError("HTTPConnection(host='localhost', port=58075): Failed to establish a new connection: [Errno 111] Connection refused")': /session/1c612b2bc9a1543242b07fe5d170ae84/element
2026-01-14 13:36:59,543 - WARNING - Retrying (Retry(total=1, connect=None, read=None, redirect=None, status=None)) after connection broken by 'NewConnectionError("HTTPConnection(host='localhost', port=58075): Failed to establish a new connection: [Errno 111] Connection refused")': /session/1c612b2bc9a1543242b07fe5d170ae84/element
2026-01-14 13:36:59,544 - WARNING - Retrying (Retry(total=0, connect=None, read=None, redirect=None, status=None)) after connection broken by 'NewConnectionError("HTTPConnection(host='localhost', port=58075): Failed to establish a new connection: [Errno 111] Connection refused")': /session/1c612b2bc9a1543242b07fe5d170ae84/element
2026-01-14 13:36:59,544 - ERROR - Erro ao cadastrar produto CaNI000272 - HTTPConnectionPool(host='localhost', port=58075): Max retries exceeded with url: /session/1c612b2bc9a1543242b07fe5d170ae84/element (Caused by NewConnectionError("HTTPConnection(host='localhost', port=58075): Failed to establish a new connection: [Errno 111] Connection refused"))
2026-01-14 13:36:59,544 - WARNING - Retrying (Retry(total=2, connect=None, read=None, redirect=None, status=None)) after connection broken by 'NewConnectionError("HTTPConnection(host='localhost', port=58075): Failed to establish a new connection: [Errno 111] Connection refused")': /session/1c612b2bc9a1543242b07fe5d170ae84/element
2026-01-14 13:36:59,545 - WARNING - Retrying (Retry(total=1, connect=None, read=None, redirect=None, status=None)) after connection broken by 'NewConnectionError("HTTPConnection(host='localhost', port=58075): Failed to establish a new connection: [Errno 111] Connection refused")': /session/1c612b2bc9a1543242b07fe5d170ae84/element
2026-01-14 13:36:59,545 - WARNING - Retrying (Retry(total=0, connect=None, read=None, redirect=None, status=None)) after connection broken by 'NewConnectionError("HTTPConnection(host='localhost', port=58075): Failed to establish a new connection: [Errno 111] Connection refused")': /session/1c612b2bc9a1543242b07fe5d170ae84/element
2026-01-14 13:36:59,545 - ERROR - Erro ao cadastrar produto CaNI000793 - HTTPConnectionPool(host='localhost', port=58075): Max retries exceeded with url: /session/1c612b2bc9a1543242b07fe5d170ae84/element (Caused by NewConnectionError("HTTPConnection(host='localhost', port=58075): Failed to establish a new connection: [Errno 111] Connection refused"))
2026-01-14 13:36:59,546 - WARNING - Retrying (Retry(total=2, connect=None, read=None, redirect=None, status=None)) after connection broken by 'NewConnectionError("HTTPConnection(host='localhost', port=58075): Failed to establish a new connection: [Errno 111] Connection refused")': /session/1c612b2bc9a1543242b07fe5d170ae84/element
2026-01-14 13:36:59,546 - WARNING - Retrying (Retry(total=1, connect=None, read=None, redirect=None, status=None)) after connection broken by 'NewConnectionError("HTTPConnection(host='localhost', port=58075): Failed to establish a new connection: [Errno 111] Connection refused")': /session/1c612b2bc9a1543242b07fe5d170ae84/element
2026-01-14 13:36:59,546 - WARNING - Retrying (Retry(total=0, connect=None, read=None, redirect=None, status=None)) after connection broken by 'NewConnectionError("HTTPConnection(host='localhost', port=58075): Failed to establish a new connection: [Errno 111] Connection refused")': /session/1c612b2bc9a1543242b07fe5d170ae84/element
2026-01-14 13:36:59,547 - ERROR - Erro ao cadastrar produto CaNI000214 - HTTPConnectionPool(host='localhost', port=58075): Max retries exceeded with url: /session/1c612b2bc9a1543242b07fe5d170ae84/element (Caused by NewConnectionError("HTTPConnection(host='localhost', port=58075): Failed to establish a new connection: [Errno 111] Connection refused"))
2026-01-14 13:36:59,547 - WARNING - Retrying (Retry(total=2, connect=None, read=None, redirect=None, status=None)) after connection broken by 'NewConnectionError("HTTPConnection(host='localhost', port=58075): Failed to establish a new connection: [Errno 111] Connection refused")': /session/1c612b2bc9a1543242b07fe5d170ae84/element
2026-01-14 13:36:59,548 - WARNING - Retrying (Retry(total=1, connect=None, read=None, redirect=None, status=None)) after connection broken by 'NewConnectionError("HTTPConnection(host='localhost', port=58075): Failed to establish a new connection: [Errno 111] Connection refused")': /session/1c612b2bc9a1543242b07fe5d170ae84/element
2026-01-14 13:36:59,548 - WARNING - Retrying (Retry(total=0, connect=None, read=None, redirect=None, status=None)) after connection broken by 'NewConnectionError("HTTPConnection(host='localhost', port=58075): Failed to establish a new connection: [Errno 111] Connection refused")': /session/1c612b2bc9a1543242b07fe5d170ae84/element
2026-01-14 13:36:59,548 - ERROR - Erro ao cadastrar produto MODE000191 - HTTPConnectionPool(host='localhost', port=58075): Max retries exceeded with url: /session/1c612b2bc9a1543242b07fe5d170ae84/element (Caused by NewConnectionError("HTTPConnection(host='localhost', port=58075): Failed to establish a new connection: [Errno 111] Connection refused"))
2026-01-14 13:36:59,549 - WARNING - Retrying (Retry(total=2, connect=None, read=None, redirect=None, status=None)) after connection broken by 'NewConnectionError("HTTPConnection(host='localhost', port=58075): Failed to establish a new connection: [Errno 111] Connection refused")': /session/1c612b2bc9a1543242b07fe5d170ae84/element
2026-01-14 13:36:59,549 - WARNING - Retrying (Retry(total=1, connect=None, read=None, redirect=None, status=None)) after connection broken by 'NewConnectionError("HTTPConnection(host='localhost', port=58075): Failed to establish a new connection: [Errno 111] Connection refused")': /session/1c612b2bc9a1543242b07fe5d170ae84/element
2026-01-14 13:36:59,549 - WARNING - Retrying (Retry(total=0, connect=None, read=None, redirect=None, status=None)) after connection broken by 'NewConnectionError("HTTPConnection(host='localhost', port=58075): Failed to establish a new connection: [Errno 111] Connection refused")': /session/1c612b2bc9a1543242b07fe5d170ae84/element
2026-01-14 13:36:59,549 - ERROR - Erro ao cadastrar produto TEMU000211 - HTTPConnectionPool(host='localhost', port=58075): Max retries exceeded with url: /session/1c612b2bc9a1543242b07fe5d170ae84/element (Caused by NewConnectionError("HTTPConnection(host='localhost', port=58075): Failed to establish a new connection: [Errno 111] Connection refused"))
2026-01-14 13:36:59,550 - WARNING - Retrying (Retry(total=2, connect=None, read=None, redirect=None, status=None)) after connection broken by 'NewConnectionError("HTTPConnection(host='localhost', port=58075): Failed to establish a new connection: [Errno 111] Connection refused")': /session/1c612b2bc9a1543242b07fe5d170ae84/element
2026-01-14 13:36:59,550 - WARNING - Retrying (Retry(total=1, connect=None, read=None, redirect=None, status=None)) after connection broken by 'NewConnectionError("HTTPConnection(host='localhost', port=58075): Failed to establish a new connection: [Errno 111] Connection refused")': /session/1c612b2bc9a1543242b07fe5d170ae84/element
2026-01-14 13:36:59,550 - WARNING - Retrying (Retry(total=0, connect=None, read=None, redirect=None, status=None)) after connection broken by 'NewConnectionError("HTTPConnection(host='localhost', port=58075): Failed to establish a new connection: [Errno 111] Connection refused")': /session/1c612b2bc9a1543242b07fe5d170ae84/element
2026-01-14 13:36:59,551 - ERROR - Erro ao cadastrar produto MOSA000121 - HTTPConnectionPool(host='localhost', port=58075): Max retries exceeded with url: /session/1c612b2bc9a1543242b07fe5d170ae84/element (Caused by NewConnectionError("HTTPConnection(host='localhost', port=58075): Failed to establish a new connection: [Errno 111] Connection refused"))
2026-01-14 13:36:59,551 - WARNING - Retrying (Retry(total=2, connect=None, read=None, redirect=None, status=None)) after connection broken by 'NewConnectionError("HTTPConnection(host='localhost', port=58075): Failed to establish a new connection: [Errno 111] Connection refused")': /session/1c612b2bc9a1543242b07fe5d170ae84/element
2026-01-14 13:36:59,551 - WARNING - Retrying (Retry(total=1, connect=None, read=None, redirect=None, status=None)) after connection broken by 'NewConnectionError("HTTPConnection(host='localhost', port=58075): Failed to establish a new connection: [Errno 111] Connection refused")': /session/1c612b2bc9a1543242b07fe5d170ae84/element
2026-01-14 13:36:59,552 - WARNING - Retrying (Retry(total=0, connect=None, read=None, redirect=None, status=None)) after connection broken by 'NewConnectionError("HTTPConnection(host='localhost', port=58075): Failed to establish a new connection: [Errno 111] Connection refused")': /session/1c612b2bc9a1543242b07fe5d170ae84/element
2026-01-14 13:36:59,552 - ERROR - Erro ao cadastrar produto MODE000141 - HTTPConnectionPool(host='localhost', port=58075): Max retries exceeded with url: /session/1c612b2bc9a1543242b07fe5d170ae84/element (Caused by NewConnectionError("HTTPConnection(host='localhost', port=58075): Failed to establish a new connection: [Errno 111] Connection refused"))
2026-01-14 13:36:59,552 - WARNING - Retrying (Retry(total=2, connect=None, read=None, redirect=None, status=None)) after connection broken by 'NewConnectionError("HTTPConnection(host='localhost', port=58075): Failed to establish a new connection: [Errno 111] Connection refused")': /session/1c612b2bc9a1543242b07fe5d170ae84/element
2026-01-14 13:36:59,552 - WARNING - Retrying (Retry(total=1, connect=None, read=None, redirect=None, status=None)) after connection broken by 'NewConnectionError("HTTPConnection(host='localhost', port=58075): Failed to establish a new connection: [Errno 111] Connection refused")': /session/1c612b2bc9a1543242b07fe5d170ae84/element
2026-01-14 13:36:59,553 - WARNING - Retrying (Retry(total=0, connect=None, read=None, redirect=None, status=None)) after connection broken by 'NewConnectionError("HTTPConnection(host='localhost', port=58075): Failed to establish a new connection: [Errno 111] Connection refused")': /session/1c612b2bc9a1543242b07fe5d170ae84/element
2026-01-14 13:36:59,553 - ERROR - Erro ao cadastrar produto TEMU0008.1 - HTTPConnectionPool(host='localhost', port=58075): Max retries exceeded with url: /session/1c612b2bc9a1543242b07fe5d170ae84/element (Caused by NewConnectionError("HTTPConnection(host='localhost', port=58075): Failed to establish a new connection: [Errno 111] Connection refused"))
2026-01-14 13:36:59,554 - WARNING - Retrying (Retry(total=2, connect=None, read=None, redirect=None, status=None)) after connection broken by 'NewConnectionError("HTTPConnection(host='localhost', port=58075): Failed to establish a new connection: [Errno 111] Connection refused")': /session/1c612b2bc9a1543242b07fe5d170ae84/element
2026-01-14 13:36:59,554 - WARNING - Retrying (Retry(total=1, connect=None, read=None, redirect=None, status=None)) after connection broken by 'NewConnectionError("HTTPConnection(host='localhost', port=58075): Failed to establish a new connection: [Errno 111] Connection refused")': /session/1c612b2bc9a1543242b07fe5d170ae84/element
2026-01-14 13:36:59,554 - WARNING - Retrying (Retry(total=0, connect=None, read=None, redirect=None, status=None)) after connection broken by 'NewConnectionError("HTTPConnection(host='localhost', port=58075): Failed to establish a new connection: [Errno 111] Connection refused")': /session/1c612b2bc9a1543242b07fe5d170ae84/element
2026-01-14 13:36:59,555 - ERROR - Erro ao cadastrar produto MOSA000171 - HTTPConnectionPool(host='localhost', port=58075): Max retries exceeded with url: /session/1c612b2bc9a1543242b07fe5d170ae84/element (Caused by NewConnectionError("HTTPConnection(host='localhost', port=58075): Failed to establish a new connection: [Errno 111] Connection refused"))
2026-01-14 13:36:59,555 - WARNING - Retrying (Retry(total=2, connect=None, read=None, redirect=None, status=None)) after connection broken by 'NewConnectionError("HTTPConnection(host='localhost', port=58075): Failed to establish a new connection: [Errno 111] Connection refused")': /session/1c612b2bc9a1543242b07fe5d170ae84/element
2026-01-14 13:36:59,555 - WARNING - Retrying (Retry(total=1, connect=None, read=None, redirect=None, status=None)) after connection broken by 'NewConnectionError("HTTPConnection(host='localhost', port=58075): Failed to establish a new connection: [Errno 111] Connection refused")': /session/1c612b2bc9a1543242b07fe5d170ae84/element
2026-01-14 13:36:59,556 - WARNING - Retrying (Retry(total=0, connect=None, read=None, redirect=None, status=None)) after connection broken by 'NewConnectionError("HTTPConnection(host='localhost', port=58075): Failed to establish a new connection: [Errno 111] Connection refused")': /session/1c612b2bc9a1543242b07fe5d170ae84/element
2026-01-14 13:36:59,556 - ERROR - Erro ao cadastrar produto MODE000281 - HTTPConnectionPool(host='localhost', port=58075): Max retries exceeded with url: /session/1c612b2bc9a1543242b07fe5d170ae84/element (Caused by NewConnectionError("HTTPConnection(host='localhost', port=58075): Failed to establish a new connection: [Errno 111] Connection refused"))
2026-01-14 13:36:59,556 - WARNING - Retrying (Retry(total=2, connect=None, read=None, redirect=None, status=None)) after connection broken by 'NewConnectionError("HTTPConnection(host='localhost', port=58075): Failed to establish a new connection: [Errno 111] Connection refused")': /session/1c612b2bc9a1543242b07fe5d170ae84/element
2026-01-14 13:36:59,557 - WARNING - Retrying (Retry(total=1, connect=None, read=None, redirect=None, status=None)) after connection broken by 'NewConnectionError("HTTPConnection(host='localhost', port=58075): Failed to establish a new connection: [Errno 111] Connection refused")': /session/1c612b2bc9a1543242b07fe5d170ae84/element
2026-01-14 13:36:59,557 - WARNING - Retrying (Retry(total=0, connect=None, read=None, redirect=None, status=None)) after connection broken by 'NewConnectionError("HTTPConnection(host='localhost', port=58075): Failed to establish a new connection: [Errno 111] Connection refused")': /session/1c612b2bc9a1543242b07fe5d170ae84/element
2026-01-14 13:36:59,557 - ERROR - Erro ao cadastrar produto CaNI000251 - HTTPConnectionPool(host='localhost', port=58075): Max retries exceeded with url: /session/1c612b2bc9a1543242b07fe5d170ae84/element (Caused by NewConnectionError("HTTPConnection(host='localhost', port=58075): Failed to establish a new connection: [Errno 111] Connection refused"))
2026-01-14 13:36:59,558 - WARNING - Retrying (Retry(total=2, connect=None, read=None, redirect=None, status=None)) after connection broken by 'NewConnectionError("HTTPConnection(host='localhost', port=58075): Failed to establish a new connection: [Errno 111] Connection refused")': /session/1c612b2bc9a1543242b07fe5d170ae84/element
2026-01-14 13:36:59,558 - WARNING - Retrying (Retry(total=1, connect=None, read=None, redirect=None, status=None)) after connection broken by 'NewConnectionError("HTTPConnection(host='localhost', port=58075): Failed to establish a new connection: [Errno 111] Connection refused")': /session/1c612b2bc9a1543242b07fe5d170ae84/element
2026-01-14 13:36:59,558 - WARNING - Retrying (Retry(total=0, connect=None, read=None, redirect=None, status=None)) after connection broken by 'NewConnectionError("HTTPConnection(host='localhost', port=58075): Failed to establish a new connection: [Errno 111] Connection refused")': /session/1c612b2bc9a1543242b07fe5d170ae84/element
2026-01-14 13:36:59,559 - ERROR - Erro ao cadastrar produto CaSO000212 - HTTPConnectionPool(host='localhost', port=58075): Max retries exceeded with url: /session/1c612b2bc9a1543242b07fe5d170ae84/element (Caused by NewConnectionError("HTTPConnection(host='localhost', port=58075): Failed to establish a new connection: [Errno 111] Connection refused"))
2026-01-14 13:36:59,559 - WARNING - Retrying (Retry(total=2, connect=None, read=None, redirect=None, status=None)) after connection broken by 'NewConnectionError("HTTPConnection(host='localhost', port=58075): Failed to establish a new connection: [Errno 111] Connection refused")': /session/1c612b2bc9a1543242b07fe5d170ae84/element
2026-01-14 13:36:59,559 - WARNING - Retrying (Retry(total=1, connect=None, read=None, redirect=None, status=None)) after connection broken by 'NewConnectionError("HTTPConnection(host='localhost', port=58075): Failed to establish a new connection: [Errno 111] Connection refused")': /session/1c612b2bc9a1543242b07fe5d170ae84/element
2026-01-14 13:36:59,560 - WARNING - Retrying (Retry(total=0, connect=None, read=None, redirect=None, status=None)) after connection broken by 'NewConnectionError("HTTPConnection(host='localhost', port=58075): Failed to establish a new connection: [Errno 111] Connection refused")': /session/1c612b2bc9a1543242b07fe5d170ae84/element
2026-01-14 13:36:59,560 - ERROR - Erro ao cadastrar produto CaSO000153 - HTTPConnectionPool(host='localhost', port=58075): Max retries exceeded with url: /session/1c612b2bc9a1543242b07fe5d170ae84/element (Caused by NewConnectionError("HTTPConnection(host='localhost', port=58075): Failed to establish a new connection: [Errno 111] Connection refused"))
2026-01-14 13:36:59,560 - WARNING - Retrying (Retry(total=2, connect=None, read=None, redirect=None, status=None)) after connection broken by 'NewConnectionError("HTTPConnection(host='localhost', port=58075): Failed to establish a new connection: [Errno 111] Connection refused")': /session/1c612b2bc9a1543242b07fe5d170ae84/element
2026-01-14 13:36:59,561 - WARNING - Retrying (Retry(total=1, connect=None, read=None, redirect=None, status=None)) after connection broken by 'NewConnectionError("HTTPConnection(host='localhost', port=58075): Failed to establish a new connection: [Errno 111] Connection refused")': /session/1c612b2bc9a1543242b07fe5d170ae84/element
2026-01-14 13:36:59,561 - WARNING - Retrying (Retry(total=0, connect=None, read=None, redirect=None, status=None)) after connection broken by 'NewConnectionError("HTTPConnection(host='localhost', port=58075): Failed to establish a new connection: [Errno 111] Connection refused")': /session/1c612b2bc9a1543242b07fe5d170ae84/element
2026-01-14 13:36:59,562 - ERROR - Erro ao cadastrar produto CaSO000124 - HTTPConnectionPool(host='localhost', port=58075): Max retries exceeded with url: /session/1c612b2bc9a1543242b07fe5d170ae84/element (Caused by NewConnectionError("HTTPConnection(host='localhost', port=58075): Failed to establish a new connection: [Errno 111] Connection refused"))
2026-01-14 13:36:59,562 - WARNING - Retrying (Retry(total=2, connect=None, read=None, redirect=None, status=None)) after connection broken by 'NewConnectionError("HTTPConnection(host='localhost', port=58075): Failed to establish a new connection: [Errno 111] Connection refused")': /session/1c612b2bc9a1543242b07fe5d170ae84/element
2026-01-14 13:36:59,563 - WARNING - Retrying (Retry(total=1, connect=None, read=None, redirect=None, status=None)) after connection broken by 'NewConnectionError("HTTPConnection(host='localhost', port=58075): Failed to establish a new connection: [Errno 111] Connection refused")': /session/1c612b2bc9a1543242b07fe5d170ae84/element
2026-01-14 13:36:59,563 - WARNING - Retrying (Retry(total=0, connect=None, read=None, redirect=None, status=None)) after connection broken by 'NewConnectionError("HTTPConnection(host='localhost', port=58075): Failed to establish a new connection: [Errno 111] Connection refused")': /session/1c612b2bc9a1543242b07fe5d170ae84/element
2026-01-14 13:36:59,563 - ERROR - Erro ao cadastrar produto CaSO000165 - HTTPConnectionPool(host='localhost', port=58075): Max retries exceeded with url: /session/1c612b2bc9a1543242b07fe5d170ae84/element (Caused by NewConnectionError("HTTPConnection(host='localhost', port=58075): Failed to establish a new connection: [Errno 111] Connection refused"))
2026-01-14 13:36:59,563 - WARNING - Retrying (Retry(total=2, connect=None, read=None, redirect=None, status=None)) after connection broken by 'NewConnectionError("HTTPConnection(host='localhost', port=58075): Failed to establish a new connection: [Errno 111] Connection refused")': /session/1c612b2bc9a1543242b07fe5d170ae84/element
2026-01-14 13:36:59,564 - WARNING - Retrying (Retry(total=1, connect=None, read=None, redirect=None, status=None)) after connection broken by 'NewConnectionError("HTTPConnection(host='localhost', port=58075): Failed to establish a new connection: [Errno 111] Connection refused")': /session/1c612b2bc9a1543242b07fe5d170ae84/element
2026-01-14 13:36:59,564 - WARNING - Retrying (Retry(total=0, connect=None, read=None, redirect=None, status=None)) after connection broken by 'NewConnectionError("HTTPConnection(host='localhost', port=58075): Failed to establish a new connection: [Errno 111] Connection refused")': /session/1c612b2bc9a1543242b07fe5d170ae84/element
2026-01-14 13:36:59,564 - ERROR - Erro ao cadastrar produto CaSO000996 - HTTPConnectionPool(host='localhost', port=58075): Max retries exceeded with url: /session/1c612b2bc9a1543242b07fe5d170ae84/element (Caused by NewConnectionError("HTTPConnection(host='localhost', port=58075): Failed to establish a new connection: [Errno 111] Connection refused"))
2026-01-14 13:36:59,565 - WARNING - Retrying (Retry(total=2, connect=None, read=None, redirect=None, status=None)) after connection broken by 'NewConnectionError("HTTPConnection(host='localhost', port=58075): Failed to establish a new connection: [Errno 111] Connection refused")': /session/1c612b2bc9a1543242b07fe5d170ae84/element
2026-01-14 13:36:59,565 - WARNING - Retrying (Retry(total=1, connect=None, read=None, redirect=None, status=None)) after connection broken by 'NewConnectionError("HTTPConnection(host='localhost', port=58075): Failed to establish a new connection: [Errno 111] Connection refused")': /session/1c612b2bc9a1543242b07fe5d170ae84/element
2026-01-14 13:36:59,565 - WARNING - Retrying (Retry(total=0, connect=None, read=None, redirect=None, status=None)) after connection broken by 'NewConnectionError("HTTPConnection(host='localhost', port=58075): Failed to establish a new connection: [Errno 111] Connection refused")': /session/1c612b2bc9a1543242b07fe5d170ae84/element
2026-01-14 13:36:59,565 - ERROR - Erro ao cadastrar produto CaSO000347 - HTTPConnectionPool(host='localhost', port=58075): Max retries exceeded with url: /session/1c612b2bc9a1543242b07fe5d170ae84/element (Caused by NewConnectionError("HTTPConnection(host='localhost', port=58075): Failed to establish a new connection: [Errno 111] Connection refused"))
2026-01-14 13:36:59,566 - WARNING - Retrying (Retry(total=2, connect=None, read=None, redirect=None, status=None)) after connection broken by 'NewConnectionError("HTTPConnection(host='localhost', port=58075): Failed to establish a new connection: [Errno 111] Connection refused")': /session/1c612b2bc9a1543242b07fe5d170ae84/element
2026-01-14 13:36:59,566 - WARNING - Retrying (Retry(total=1, connect=None, read=None, redirect=None, status=None)) after connection broken by 'NewConnectionError("HTTPConnection(host='localhost', port=58075): Failed to establish a new connection: [Errno 111] Connection refused")': /session/1c612b2bc9a1543242b07fe5d170ae84/element
2026-01-14 13:36:59,566 - WARNING - Retrying (Retry(total=0, connect=None, read=None, redirect=None, status=None)) after connection broken by 'NewConnectionError("HTTPConnection(host='localhost', port=58075): Failed to establish a new connection: [Errno 111] Connection refused")': /session/1c612b2bc9a1543242b07fe5d170ae84/element
2026-01-14 13:36:59,567 - ERROR - Erro ao cadastrar produto ACAP000191 - HTTPConnectionPool(host='localhost', port=58075): Max retries exceeded with url: /session/1c612b2bc9a1543242b07fe5d170ae84/element (Caused by NewConnectionError("HTTPConnection(host='localhost', port=58075): Failed to establish a new connection: [Errno 111] Connection refused"))
2026-01-14 13:36:59,567 - WARNING - Retrying (Retry(total=2, connect=None, read=None, redirect=None, status=None)) after connection broken by 'NewConnectionError("HTTPConnection(host='localhost', port=58075): Failed to establish a new connection: [Errno 111] Connection refused")': /session/1c612b2bc9a1543242b07fe5d170ae84/element
2026-01-14 13:36:59,567 - WARNING - Retrying (Retry(total=1, connect=None, read=None, redirect=None, status=None)) after connection broken by 'NewConnectionError("HTTPConnection(host='localhost', port=58075): Failed to establish a new connection: [Errno 111] Connection refused")': /session/1c612b2bc9a1543242b07fe5d170ae84/element
2026-01-14 13:36:59,568 - WARNING - Retrying (Retry(total=0, connect=None, read=None, redirect=None, status=None)) after connection broken by 'NewConnectionError("HTTPConnection(host='localhost', port=58075): Failed to establish a new connection: [Errno 111] Connection refused")': /session/1c612b2bc9a1543242b07fe5d170ae84/element
2026-01-14 13:36:59,568 - ERROR - Erro ao cadastrar produto ACAP000222 - HTTPConnectionPool(host='localhost', port=58075): Max retries exceeded with url: /session/1c612b2bc9a1543242b07fe5d170ae84/element (Caused by NewConnectionError("HTTPConnection(host='localhost', port=58075): Failed to establish a new connection: [Errno 111] Connection refused"))
2026-01-14 13:36:59,568 - WARNING - Retrying (Retry(total=2, connect=None, read=None, redirect=None, status=None)) after connection broken by 'NewConnectionError("HTTPConnection(host='localhost', port=58075): Failed to establish a new connection: [Errno 111] Connection refused")': /session/1c612b2bc9a1543242b07fe5d170ae84/element
2026-01-14 13:36:59,568 - WARNING - Retrying (Retry(total=1, connect=None, read=None, redirect=None, status=None)) after connection broken by 'NewConnectionError("HTTPConnection(host='localhost', port=58075): Failed to establish a new connection: [Errno 111] Connection refused")': /session/1c612b2bc9a1543242b07fe5d170ae84/element
2026-01-14 13:36:59,569 - WARNING - Retrying (Retry(total=0, connect=None, read=None, redirect=None, status=None)) after connection broken by 'NewConnectionError("HTTPConnection(host='localhost', port=58075): Failed to establish a new connection: [Errno 111] Connection refused")': /session/1c612b2bc9a1543242b07fe5d170ae84/element
2026-01-14 13:36:59,569 - ERROR - Erro ao cadastrar produto ACAP000293 - HTTPConnectionPool(host='localhost', port=58075): Max retries exceeded with url: /session/1c612b2bc9a1543242b07fe5d170ae84/element (Caused by NewConnectionError("HTTPConnection(host='localhost', port=58075): Failed to establish a new connection: [Errno 111] Connection refused"))
2026-01-14 13:36:59,569 - WARNING - Retrying (Retry(total=2, connect=None, read=None, redirect=None, status=None)) after connection broken by 'NewConnectionError("HTTPConnection(host='localhost', port=58075): Failed to establish a new connection: [Errno 111] Connection refused")': /session/1c612b2bc9a1543242b07fe5d170ae84/element
2026-01-14 13:36:59,570 - WARNING - Retrying (Retry(total=1, connect=None, read=None, redirect=None, status=None)) after connection broken by 'NewConnectionError("HTTPConnection(host='localhost', port=58075): Failed to establish a new connection: [Errno 111] Connection refused")': /session/1c612b2bc9a1543242b07fe5d170ae84/element
2026-01-14 13:36:59,570 - WARNING - Retrying (Retry(total=0, connect=None, read=None, redirect=None, status=None)) after connection broken by 'NewConnectionError("HTTPConnection(host='localhost', port=58075): Failed to establish a new connection: [Errno 111] Connection refused")': /session/1c612b2bc9a1543242b07fe5d170ae84/element
2026-01-14 13:36:59,571 - ERROR - Erro ao cadastrar produto ACAP000194 - HTTPConnectionPool(host='localhost', port=58075): Max retries exceeded with url: /session/1c612b2bc9a1543242b07fe5d170ae84/element (Caused by NewConnectionError("HTTPConnection(host='localhost', port=58075): Failed to establish a new connection: [Errno 111] Connection refused"))
2026-01-14 13:36:59,571 - WARNING - Retrying (Retry(total=2, connect=None, read=None, redirect=None, status=None)) after connection broken by 'NewConnectionError("HTTPConnection(host='localhost', port=58075): Failed to establish a new connection: [Errno 111] Connection refused")': /session/1c612b2bc9a1543242b07fe5d170ae84/element
2026-01-14 13:36:59,571 - WARNING - Retrying (Retry(total=1, connect=None, read=None, redirect=None, status=None)) after connection broken by 'NewConnectionError("HTTPConnection(host='localhost', port=58075): Failed to establish a new connection: [Errno 111] Connection refused")': /session/1c612b2bc9a1543242b07fe5d170ae84/element
2026-01-14 13:36:59,572 - WARNING - Retrying (Retry(total=0, connect=None, read=None, redirect=None, status=None)) after connection broken by 'NewConnectionError("HTTPConnection(host='localhost', port=58075): Failed to establish a new connection: [Errno 111] Connection refused")': /session/1c612b2bc9a1543242b07fe5d170ae84/element
2026-01-14 13:36:59,572 - ERROR - Erro ao cadastrar produto ACAP000295 - HTTPConnectionPool(host='localhost', port=58075): Max retries exceeded with url: /session/1c612b2bc9a1543242b07fe5d170ae84/element (Caused by NewConnectionError("HTTPConnection(host='localhost', port=58075): Failed to establish a new connection: [Errno 111] Connection refused"))
2026-01-14 13:36:59,573 - WARNING - Retrying (Retry(total=2, connect=None, read=None, redirect=None, status=None)) after connection broken by 'NewConnectionError("HTTPConnection(host='localhost', port=58075): Failed to establish a new connection: [Errno 111] Connection refused")': /session/1c612b2bc9a1543242b07fe5d170ae84/element
2026-01-14 13:36:59,573 - WARNING - Retrying (Retry(total=1, connect=None, read=None, redirect=None, status=None)) after connection broken by 'NewConnectionError("HTTPConnection(host='localhost', port=58075): Failed to establish a new connection: [Errno 111] Connection refused")': /session/1c612b2bc9a1543242b07fe5d170ae84/element
2026-01-14 13:36:59,573 - WARNING - Retrying (Retry(total=0, connect=None, read=None, redirect=None, status=None)) after connection broken by 'NewConnectionError("HTTPConnection(host='localhost', port=58075): Failed to establish a new connection: [Errno 111] Connection refused")': /session/1c612b2bc9a1543242b07fe5d170ae84/element
2026-01-14 13:36:59,573 - ERROR - Erro ao cadastrar produto ACSA000196 - HTTPConnectionPool(host='localhost', port=58075): Max retries exceeded with url: /session/1c612b2bc9a1543242b07fe5d170ae84/element (Caused by NewConnectionError("HTTPConnection(host='localhost', port=58075): Failed to establish a new connection: [Errno 111] Connection refused"))
2026-01-14 13:36:59,574 - WARNING - Retrying (Retry(total=2, connect=None, read=None, redirect=None, status=None)) after connection broken by 'NewConnectionError("HTTPConnection(host='localhost', port=58075): Failed to establish a new connection: [Errno 111] Connection refused")': /session/1c612b2bc9a1543242b07fe5d170ae84/element
2026-01-14 13:36:59,574 - WARNING - Retrying (Retry(total=1, connect=None, read=None, redirect=None, status=None)) after connection broken by 'NewConnectionError("HTTPConnection(host='localhost', port=58075): Failed to establish a new connection: [Errno 111] Connection refused")': /session/1c612b2bc9a1543242b07fe5d170ae84/element
2026-01-14 13:36:59,575 - WARNING - Retrying (Retry(total=0, connect=None, read=None, redirect=None, status=None)) after connection broken by 'NewConnectionError("HTTPConnection(host='localhost', port=58075): Failed to establish a new connection: [Errno 111] Connection refused")': /session/1c612b2bc9a1543242b07fe5d170ae84/element
2026-01-14 13:36:59,575 - ERROR - Erro ao cadastrar produto ACSA000247 - HTTPConnectionPool(host='localhost', port=58075): Max retries exceeded with url: /session/1c612b2bc9a1543242b07fe5d170ae84/element (Caused by NewConnectionError("HTTPConnection(host='localhost', port=58075): Failed to establish a new connection: [Errno 111] Connection refused"))
2026-01-14 13:36:59,576 - WARNING - Retrying (Retry(total=2, connect=None, read=None, redirect=None, status=None)) after connection broken by 'NewConnectionError("HTTPConnection(host='localhost', port=58075): Failed to establish a new connection: [Errno 111] Connection refused")': /session/1c612b2bc9a1543242b07fe5d170ae84/element
2026-01-14 13:36:59,576 - WARNING - Retrying (Retry(total=1, connect=None, read=None, redirect=None, status=None)) after connection broken by 'NewConnectionError("HTTPConnection(host='localhost', port=58075): Failed to establish a new connection: [Errno 111] Connection refused")': /session/1c612b2bc9a1543242b07fe5d170ae84/element
2026-01-14 13:36:59,576 - WARNING - Retrying (Retry(total=0, connect=None, read=None, redirect=None, status=None)) after connection broken by 'NewConnectionError("HTTPConnection(host='localhost', port=58075): Failed to establish a new connection: [Errno 111] Connection refused")': /session/1c612b2bc9a1543242b07fe5d170ae84/element
2026-01-14 13:36:59,577 - ERROR - Erro ao cadastrar produto ACSA000298 - HTTPConnectionPool(host='localhost', port=58075): Max retries exceeded with url: /session/1c612b2bc9a1543242b07fe5d170ae84/element (Caused by NewConnectionError("HTTPConnection(host='localhost', port=58075): Failed to establish a new connection: [Errno 111] Connection refused"))
2026-01-14 13:36:59,577 - WARNING - Retrying (Retry(total=2, connect=None, read=None, redirect=None, status=None)) after connection broken by 'NewConnectionError("HTTPConnection(host='localhost', port=58075): Failed to establish a new connection: [Errno 111] Connection refused")': /session/1c612b2bc9a1543242b07fe5d170ae84/element
2026-01-14 13:36:59,577 - WARNING - Retrying (Retry(total=1, connect=None, read=None, redirect=None, status=None)) after connection broken by 'NewConnectionError("HTTPConnection(host='localhost', port=58075): Failed to establish a new connection: [Errno 111] Connection refused")': /session/1c612b2bc9a1543242b07fe5d170ae84/element
2026-01-14 13:36:59,578 - WARNING - Retrying (Retry(total=0, connect=None, read=None, redirect=None, status=None)) after connection broken by 'NewConnectionError("HTTPConnection(host='localhost', port=58075): Failed to establish a new connection: [Errno 111] Connection refused")': /session/1c612b2bc9a1543242b07fe5d170ae84/element
2026-01-14 13:36:59,578 - ERROR - Erro ao cadastrar produto ACSA0008.9 - HTTPConnectionPool(host='localhost', port=58075): Max retries exceeded with url: /session/1c612b2bc9a1543242b07fe5d170ae84/element (Caused by NewConnectionError("HTTPConnection(host='localhost', port=58075): Failed to establish a new connection: [Errno 111] Connection refused"))
2026-01-14 13:36:59,578 - WARNING - Retrying (Retry(total=2, connect=None, read=None, redirect=None, status=None)) after connection broken by 'NewConnectionError("HTTPConnection(host='localhost', port=58075): Failed to establish a new connection: [Errno 111] Connection refused")': /session/1c612b2bc9a1543242b07fe5d170ae84/element
2026-01-14 13:36:59,579 - WARNING - Retrying (Retry(total=1, connect=None, read=None, redirect=None, status=None)) after connection broken by 'NewConnectionError("HTTPConnection(host='localhost', port=58075): Failed to establish a new connection: [Errno 111] Connection refused")': /session/1c612b2bc9a1543242b07fe5d170ae84/element
2026-01-14 13:36:59,579 - WARNING - Retrying (Retry(total=0, connect=None, read=None, redirect=None, status=None)) after connection broken by 'NewConnectionError("HTTPConnection(host='localhost', port=58075): Failed to establish a new connection: [Errno 111] Connection refused")': /session/1c612b2bc9a1543242b07fe5d170ae84/element
2026-01-14 13:36:59,579 - ERROR - Erro ao cadastrar produto ACSA0001410 - HTTPConnectionPool(host='localhost', port=58075): Max retries exceeded with url: /session/1c612b2bc9a1543242b07fe5d170ae84/element (Caused by NewConnectionError("HTTPConnection(host='localhost', port=58075): Failed to establish a new connection: [Errno 111] Connection refused"))
2026-01-14 13:36:59,580 - WARNING - Retrying (Retry(total=2, connect=None, read=None, redirect=None, status=None)) after connection broken by 'NewConnectionError("HTTPConnection(host='localhost', port=58075): Failed to establish a new connection: [Errno 111] Connection refused")': /session/1c612b2bc9a1543242b07fe5d170ae84/element
2026-01-14 13:36:59,580 - WARNING - Retrying (Retry(total=1, connect=None, read=None, redirect=None, status=None)) after connection broken by 'NewConnectionError("HTTPConnection(host='localhost', port=58075): Failed to establish a new connection: [Errno 111] Connection refused")': /session/1c612b2bc9a1543242b07fe5d170ae84/element
2026-01-14 13:36:59,580 - WARNING - Retrying (Retry(total=0, connect=None, read=None, redirect=None, status=None)) after connection broken by 'NewConnectionError("HTTPConnection(host='localhost', port=58075): Failed to establish a new connection: [Errno 111] Connection refused")': /session/1c612b2bc9a1543242b07fe5d170ae84/element
2026-01-14 13:36:59,580 - ERROR - Erro ao cadastrar produto ACSA0001211 - HTTPConnectionPool(host='localhost', port=58075): Max retries exceeded with url: /session/1c612b2bc9a1543242b07fe5d170ae84/element (Caused by NewConnectionError("HTTPConnection(host='localhost', port=58075): Failed to establish a new connection: [Errno 111] Connection refused"))
2026-01-14 13:36:59,581 - WARNING - Retrying (Retry(total=2, connect=None, read=None, redirect=None, status=None)) after connection broken by 'NewConnectionError("HTTPConnection(host='localhost', port=58075): Failed to establish a new connection: [Errno 111] Connection refused")': /session/1c612b2bc9a1543242b07fe5d170ae84/element
2026-01-14 13:36:59,581 - WARNING - Retrying (Retry(total=1, connect=None, read=None, redirect=None, status=None)) after connection broken by 'NewConnectionError("HTTPConnection(host='localhost', port=58075): Failed to establish a new connection: [Errno 111] Connection refused")': /session/1c612b2bc9a1543242b07fe5d170ae84/element
2026-01-14 13:36:59,581 - WARNING - Retrying (Retry(total=0, connect=None, read=None, redirect=None, status=None)) after connection broken by 'NewConnectionError("HTTPConnection(host='localhost', port=58075): Failed to establish a new connection: [Errno 111] Connection refused")': /session/1c612b2bc9a1543242b07fe5d170ae84/element
2026-01-14 13:36:59,582 - ERROR - Erro ao cadastrar produto NOAP000501 - HTTPConnectionPool(host='localhost', port=58075): Max retries exceeded with url: /session/1c612b2bc9a1543242b07fe5d170ae84/element (Caused by NewConnectionError("HTTPConnection(host='localhost', port=58075): Failed to establish a new connection: [Errno 111] Connection refused"))
2026-01-14 13:36:59,582 - WARNING - Retrying (Retry(total=2, connect=None, read=None, redirect=None, status=None)) after connection broken by 'NewConnectionError("HTTPConnection(host='localhost', port=58075): Failed to establish a new connection: [Errno 111] Connection refused")': /session/1c612b2bc9a1543242b07fe5d170ae84/element
2026-01-14 13:36:59,582 - WARNING - Retrying (Retry(total=1, connect=None, read=None, redirect=None, status=None)) after connection broken by 'NewConnectionError("HTTPConnection(host='localhost', port=58075): Failed to establish a new connection: [Errno 111] Connection refused")': /session/1c612b2bc9a1543242b07fe5d170ae84/element
2026-01-14 13:36:59,583 - WARNING - Retrying (Retry(total=0, connect=None, read=None, redirect=None, status=None)) after connection broken by 'NewConnectionError("HTTPConnection(host='localhost', port=58075): Failed to establish a new connection: [Errno 111] Connection refused")': /session/1c612b2bc9a1543242b07fe5d170ae84/element
2026-01-14 13:36:59,583 - ERROR - Erro ao cadastrar produto NODE000502 - HTTPConnectionPool(host='localhost', port=58075): Max retries exceeded with url: /session/1c612b2bc9a1543242b07fe5d170ae84/element (Caused by NewConnectionError("HTTPConnection(host='localhost', port=58075): Failed to establish a new connection: [Errno 111] Connection refused"))
2026-01-14 13:36:59,583 - WARNING - Retrying (Retry(total=2, connect=None, read=None, redirect=None, status=None)) after connection broken by 'NewConnectionError("HTTPConnection(host='localhost', port=58075): Failed to establish a new connection: [Errno 111] Connection refused")': /session/1c612b2bc9a1543242b07fe5d170ae84/element
2026-01-14 13:36:59,583 - WARNING - Retrying (Retry(total=1, connect=None, read=None, redirect=None, status=None)) after connection broken by 'NewConnectionError("HTTPConnection(host='localhost', port=58075): Failed to establish a new connection: [Errno 111] Connection refused")': /session/1c612b2bc9a1543242b07fe5d170ae84/element
2026-01-14 13:36:59,584 - WARNING - Retrying (Retry(total=0, connect=None, read=None, redirect=None, status=None)) after connection broken by 'NewConnectionError("HTTPConnection(host='localhost', port=58075): Failed to establish a new connection: [Errno 111] Connection refused")': /session/1c612b2bc9a1543242b07fe5d170ae84/element
2026-01-14 13:36:59,584 - ERROR - Erro ao cadastrar produto NOAC000123 - HTTPConnectionPool(host='localhost', port=58075): Max retries exceeded with url: /session/1c612b2bc9a1543242b07fe5d170ae84/element (Caused by NewConnectionError("HTTPConnection(host='localhost', port=58075): Failed to establish a new connection: [Errno 111] Connection refused"))
2026-01-14 13:36:59,584 - WARNING - Retrying (Retry(total=2, connect=None, read=None, redirect=None, status=None)) after connection broken by 'NewConnectionError("HTTPConnection(host='localhost', port=58075): Failed to establish a new connection: [Errno 111] Connection refused")': /session/1c612b2bc9a1543242b07fe5d170ae84/element
2026-01-14 13:36:59,585 - WARNING - Retrying (Retry(total=1, connect=None, read=None, redirect=None, status=None)) after connection broken by 'NewConnectionError("HTTPConnection(host='localhost', port=58075): Failed to establish a new connection: [Errno 111] Connection refused")': /session/1c612b2bc9a1543242b07fe5d170ae84/element
2026-01-14 13:36:59,585 - WARNING - Retrying (Retry(total=0, connect=None, read=None, redirect=None, status=None)) after connection broken by 'NewConnectionError("HTTPConnection(host='localhost', port=58075): Failed to establish a new connection: [Errno 111] Connection refused")': /session/1c612b2bc9a1543242b07fe5d170ae84/element
2026-01-14 13:36:59,585 - ERROR - Erro ao cadastrar produto NODE000544 - HTTPConnectionPool(host='localhost', port=58075): Max retries exceeded with url: /session/1c612b2bc9a1543242b07fe5d170ae84/element (Caused by NewConnectionError("HTTPConnection(host='localhost', port=58075): Failed to establish a new connection: [Errno 111] Connection refused"))
2026-01-14 13:36:59,586 - WARNING - Retrying (Retry(total=2, connect=None, read=None, redirect=None, status=None)) after connection broken by 'NewConnectionError("HTTPConnection(host='localhost', port=58075): Failed to establish a new connection: [Errno 111] Connection refused")': /session/1c612b2bc9a1543242b07fe5d170ae84/element
2026-01-14 13:36:59,586 - WARNING - Retrying (Retry(total=1, connect=None, read=None, redirect=None, status=None)) after connection broken by 'NewConnectionError("HTTPConnection(host='localhost', port=58075): Failed to establish a new connection: [Errno 111] Connection refused")': /session/1c612b2bc9a1543242b07fe5d170ae84/element
2026-01-14 13:36:59,586 - WARNING - Retrying (Retry(total=0, connect=None, read=None, redirect=None, status=None)) after connection broken by 'NewConnectionError("HTTPConnection(host='localhost', port=58075): Failed to establish a new connection: [Errno 111] Connection refused")': /session/1c612b2bc9a1543242b07fe5d170ae84/element
2026-01-14 13:36:59,587 - ERROR - Erro ao cadastrar produto NOSA000395 - HTTPConnectionPool(host='localhost', port=58075): Max retries exceeded with url: /session/1c612b2bc9a1543242b07fe5d170ae84/element (Caused by NewConnectionError("HTTPConnection(host='localhost', port=58075): Failed to establish a new connection: [Errno 111] Connection refused"))
2026-01-14 13:36:59,587 - WARNING - Retrying (Retry(total=2, connect=None, read=None, redirect=None, status=None)) after connection broken by 'NewConnectionError("HTTPConnection(host='localhost', port=58075): Failed to establish a new connection: [Errno 111] Connection refused")': /session/1c612b2bc9a1543242b07fe5d170ae84/element
2026-01-14 13:36:59,587 - WARNING - Retrying (Retry(total=1, connect=None, read=None, redirect=None, status=None)) after connection broken by 'NewConnectionError("HTTPConnection(host='localhost', port=58075): Failed to establish a new connection: [Errno 111] Connection refused")': /session/1c612b2bc9a1543242b07fe5d170ae84/element
2026-01-14 13:36:59,588 - WARNING - Retrying (Retry(total=0, connect=None, read=None, redirect=None, status=None)) after connection broken by 'NewConnectionError("HTTPConnection(host='localhost', port=58075): Failed to establish a new connection: [Errno 111] Connection refused")': /session/1c612b2bc9a1543242b07fe5d170ae84/element
2026-01-14 13:36:59,588 - ERROR - Erro ao cadastrar produto NOLE000346 - HTTPConnectionPool(host='localhost', port=58075): Max retries exceeded with url: /session/1c612b2bc9a1543242b07fe5d170ae84/element (Caused by NewConnectionError("HTTPConnection(host='localhost', port=58075): Failed to establish a new connection: [Errno 111] Connection refused"))
2026-01-14 13:36:59,589 - WARNING - Retrying (Retry(total=2, connect=None, read=None, redirect=None, status=None)) after connection broken by 'NewConnectionError("HTTPConnection(host='localhost', port=58075): Failed to establish a new connection: [Errno 111] Connection refused")': /session/1c612b2bc9a1543242b07fe5d170ae84/element
2026-01-14 13:36:59,589 - WARNING - Retrying (Retry(total=1, connect=None, read=None, redirect=None, status=None)) after connection broken by 'NewConnectionError("HTTPConnection(host='localhost', port=58075): Failed to establish a new connection: [Errno 111] Connection refused")': /session/1c612b2bc9a1543242b07fe5d170ae84/element
2026-01-14 13:36:59,590 - WARNING - Retrying (Retry(total=0, connect=None, read=None, redirect=None, status=None)) after connection broken by 'NewConnectionError("HTTPConnection(host='localhost', port=58075): Failed to establish a new connection: [Errno 111] Connection refused")': /session/1c612b2bc9a1543242b07fe5d170ae84/element
2026-01-14 13:36:59,590 - ERROR - Erro ao cadastrar produto NOSA000547 - HTTPConnectionPool(host='localhost', port=58075): Max retries exceeded with url: /session/1c612b2bc9a1543242b07fe5d170ae84/element (Caused by NewConnectionError("HTTPConnection(host='localhost', port=58075): Failed to establish a new connection: [Errno 111] Connection refused"))
2026-01-14 13:36:59,591 - WARNING - Retrying (Retry(total=2, connect=None, read=None, redirect=None, status=None)) after connection broken by 'NewConnectionError("HTTPConnection(host='localhost', port=58075): Failed to establish a new connection: [Errno 111] Connection refused")': /session/1c612b2bc9a1543242b07fe5d170ae84/element
2026-01-14 13:36:59,591 - WARNING - Retrying (Retry(total=1, connect=None, read=None, redirect=None, status=None)) after connection broken by 'NewConnectionError("HTTPConnection(host='localhost', port=58075): Failed to establish a new connection: [Errno 111] Connection refused")': /session/1c612b2bc9a1543242b07fe5d170ae84/element
2026-01-14 13:36:59,591 - WARNING - Retrying (Retry(total=0, connect=None, read=None, redirect=None, status=None)) after connection broken by 'NewConnectionError("HTTPConnection(host='localhost', port=58075): Failed to establish a new connection: [Errno 111] Connection refused")': /session/1c612b2bc9a1543242b07fe5d170ae84/element
2026-01-14 13:36:59,592 - ERROR - Erro ao cadastrar produto NOLE000298 - HTTPConnectionPool(host='localhost', port=58075): Max retries exceeded with url: /session/1c612b2bc9a1543242b07fe5d170ae84/element (Caused by NewConnectionError("HTTPConnection(host='localhost', port=58075): Failed to establish a new connection: [Errno 111] Connection refused"))
2026-01-14 13:36:59,592 - WARNING - Retrying (Retry(total=2, connect=None, read=None, redirect=None, status=None)) after connection broken by 'NewConnectionError("HTTPConnection(host='localhost', port=58075): Failed to establish a new connection: [Errno 111] Connection refused")': /session/1c612b2bc9a1543242b07fe5d170ae84/element
2026-01-14 13:36:59,592 - WARNING - Retrying (Retry(total=1, connect=None, read=None, redirect=None, status=None)) after connection broken by 'NewConnectionError("HTTPConnection(host='localhost', port=58075): Failed to establish a new connection: [Errno 111] Connection refused")': /session/1c612b2bc9a1543242b07fe5d170ae84/element
2026-01-14 13:36:59,593 - WARNING - Retrying (Retry(total=0, connect=None, read=None, redirect=None, status=None)) after connection broken by 'NewConnectionError("HTTPConnection(host='localhost', port=58075): Failed to establish a new connection: [Errno 111] Connection refused")': /session/1c612b2bc9a1543242b07fe5d170ae84/element
2026-01-14 13:36:59,593 - ERROR - Erro ao cadastrar produto NOMI000999 - HTTPConnectionPool(host='localhost', port=58075): Max retries exceeded with url: /session/1c612b2bc9a1543242b07fe5d170ae84/element (Caused by NewConnectionError("HTTPConnection(host='localhost', port=58075): Failed to establish a new connection: [Errno 111] Connection refused"))
2026-01-14 13:36:59,594 - WARNING - Retrying (Retry(total=2, connect=None, read=None, redirect=None, status=None)) after connection broken by 'NewConnectionError("HTTPConnection(host='localhost', port=58075): Failed to establish a new connection: [Errno 111] Connection refused")': /session/1c612b2bc9a1543242b07fe5d170ae84/element
2026-01-14 13:36:59,594 - WARNING - Retrying (Retry(total=1, connect=None, read=None, redirect=None, status=None)) after connection broken by 'NewConnectionError("HTTPConnection(host='localhost', port=58075): Failed to establish a new connection: [Errno 111] Connection refused")': /session/1c612b2bc9a1543242b07fe5d170ae84/element
2026-01-14 13:36:59,595 - WARNING - Retrying (Retry(total=0, connect=None, read=None, redirect=None, status=None)) after connection broken by 'NewConnectionError("HTTPConnection(host='localhost', port=58075): Failed to establish a new connection: [Errno 111] Connection refused")': /session/1c612b2bc9a1543242b07fe5d170ae84/element
2026-01-14 13:36:59,595 - ERROR - Erro ao cadastrar produto NOMI0002110 - HTTPConnectionPool(host='localhost', port=58075): Max retries exceeded with url: /session/1c612b2bc9a1543242b07fe5d170ae84/element (Caused by NewConnectionError("HTTPConnection(host='localhost', port=58075): Failed to establish a new connection: [Errno 111] Connection refused"))
2026-01-14 13:36:59,595 - WARNING - Retrying (Retry(total=2, connect=None, read=None, redirect=None, status=None)) after connection broken by 'NewConnectionError("HTTPConnection(host='localhost', port=58075): Failed to establish a new connection: [Errno 111] Connection refused")': /session/1c612b2bc9a1543242b07fe5d170ae84/element
2026-01-14 13:36:59,596 - WARNING - Retrying (Retry(total=1, connect=None, read=None, redirect=None, status=None)) after connection broken by 'NewConnectionError("HTTPConnection(host='localhost', port=58075): Failed to establish a new connection: [Errno 111] Connection refused")': /session/1c612b2bc9a1543242b07fe5d170ae84/element
2026-01-14 13:36:59,596 - WARNING - Retrying (Retry(total=0, connect=None, read=None, redirect=None, status=None)) after connection broken by 'NewConnectionError("HTTPConnection(host='localhost', port=58075): Failed to establish a new connection: [Errno 111] Connection refused")': /session/1c612b2bc9a1543242b07fe5d170ae84/element
2026-01-14 13:36:59,596 - ERROR - Erro ao cadastrar produto NOMI0001911 - HTTPConnectionPool(host='localhost', port=58075): Max retries exceeded with url: /session/1c612b2bc9a1543242b07fe5d170ae84/element (Caused by NewConnectionError("HTTPConnection(host='localhost', port=58075): Failed to establish a new connection: [Errno 111] Connection refused"))
2026-01-14 13:36:59,597 - WARNING - Retrying (Retry(total=2, connect=None, read=None, redirect=None, status=None)) after connection broken by 'NewConnectionError("HTTPConnection(host='localhost', port=58075): Failed to establish a new connection: [Errno 111] Connection refused")': /session/1c612b2bc9a1543242b07fe5d170ae84/element
2026-01-14 13:36:59,597 - WARNING - Retrying (Retry(total=1, connect=None, read=None, redirect=None, status=None)) after connection broken by 'NewConnectionError("HTTPConnection(host='localhost', port=58075): Failed to establish a new connection: [Errno 111] Connection refused")': /session/1c612b2bc9a1543242b07fe5d170ae84/element
2026-01-14 13:36:59,597 - WARNING - Retrying (Retry(total=0, connect=None, read=None, redirect=None, status=None)) after connection broken by 'NewConnectionError("HTTPConnection(host='localhost', port=58075): Failed to establish a new connection: [Errno 111] Connection refused")': /session/1c612b2bc9a1543242b07fe5d170ae84/element
2026-01-14 13:36:59,598 - ERROR - Erro ao cadastrar produto NOMI0003612 - HTTPConnectionPool(host='localhost', port=58075): Max retries exceeded with url: /session/1c612b2bc9a1543242b07fe5d170ae84/element (Caused by NewConnectionError("HTTPConnection(host='localhost', port=58075): Failed to establish a new connection: [Errno 111] Connection refused"))
2026-01-14 13:36:59,598 - WARNING - Retrying (Retry(total=2, connect=None, read=None, redirect=None, status=None)) after connection broken by 'NewConnectionError("HTTPConnection(host='localhost', port=58075): Failed to establish a new connection: [Errno 111] Connection refused")': /session/1c612b2bc9a1543242b07fe5d170ae84/element
2026-01-14 13:36:59,599 - WARNING - Retrying (Retry(total=1, connect=None, read=None, redirect=None, status=None)) after connection broken by 'NewConnectionError("HTTPConnection(host='localhost', port=58075): Failed to establish a new connection: [Errno 111] Connection refused")': /session/1c612b2bc9a1543242b07fe5d170ae84/element
2026-01-14 13:36:59,599 - WARNING - Retrying (Retry(total=0, connect=None, read=None, redirect=None, status=None)) after connection broken by 'NewConnectionError("HTTPConnection(host='localhost', port=58075): Failed to establish a new connection: [Errno 111] Connection refused")': /session/1c612b2bc9a1543242b07fe5d170ae84/element
2026-01-14 13:36:59,599 - ERROR - Erro ao cadastrar produto NOLE0009913 - HTTPConnectionPool(host='localhost', port=58075): Max retries exceeded with url: /session/1c612b2bc9a1543242b07fe5d170ae84/element (Caused by NewConnectionError("HTTPConnection(host='localhost', port=58075): Failed to establish a new connection: [Errno 111] Connection refused"))
2026-01-14 13:36:59,599 - WARNING - Retrying (Retry(total=2, connect=None, read=None, redirect=None, status=None)) after connection broken by 'NewConnectionError("HTTPConnection(host='localhost', port=58075): Failed to establish a new connection: [Errno 111] Connection refused")': /session/1c612b2bc9a1543242b07fe5d170ae84/element
2026-01-14 13:36:59,600 - WARNING - Retrying (Retry(total=1, connect=None, read=None, redirect=None, status=None)) after connection broken by 'NewConnectionError("HTTPConnection(host='localhost', port=58075): Failed to establish a new connection: [Errno 111] Connection refused")': /session/1c612b2bc9a1543242b07fe5d170ae84/element
2026-01-14 13:36:59,600 - WARNING - Retrying (Retry(total=0, connect=None, read=None, redirect=None, status=None)) after connection broken by 'NewConnectionError("HTTPConnection(host='localhost', port=58075): Failed to establish a new connection: [Errno 111] Connection refused")': /session/1c612b2bc9a1543242b07fe5d170ae84/element
2026-01-14 13:36:59,600 - ERROR - Erro ao cadastrar produto NOAC0007014 - HTTPConnectionPool(host='localhost', port=58075): Max retries exceeded with url: /session/1c612b2bc9a1543242b07fe5d170ae84/element (Caused by NewConnectionError("HTTPConnection(host='localhost', port=58075): Failed to establish a new connection: [Errno 111] Connection refused"))
2026-01-14 13:36:59,601 - WARNING - Retrying (Retry(total=2, connect=None, read=None, redirect=None, status=None)) after connection broken by 'NewConnectionError("HTTPConnection(host='localhost', port=58075): Failed to establish a new connection: [Errno 111] Connection refused")': /session/1c612b2bc9a1543242b07fe5d170ae84/element
2026-01-14 13:36:59,601 - WARNING - Retrying (Retry(total=1, connect=None, read=None, redirect=None, status=None)) after connection broken by 'NewConnectionError("HTTPConnection(host='localhost', port=58075): Failed to establish a new connection: [Errno 111] Connection refused")': /session/1c612b2bc9a1543242b07fe5d170ae84/element
2026-01-14 13:36:59,601 - WARNING - Retrying (Retry(total=0, connect=None, read=None, redirect=None, status=None)) after connection broken by 'NewConnectionError("HTTPConnection(host='localhost', port=58075): Failed to establish a new connection: [Errno 111] Connection refused")': /session/1c612b2bc9a1543242b07fe5d170ae84/element
2026-01-14 13:36:59,601 - ERROR - Erro ao cadastrar produto NOCO0003815 - HTTPConnectionPool(host='localhost', port=58075): Max retries exceeded with url: /session/1c612b2bc9a1543242b07fe5d170ae84/element (Caused by NewConnectionError("HTTPConnection(host='localhost', port=58075): Failed to establish a new connection: [Errno 111] Connection refused"))
2026-01-14 13:36:59,602 - WARNING - Retrying (Retry(total=2, connect=None, read=None, redirect=None, status=None)) after connection broken by 'NewConnectionError("HTTPConnection(host='localhost', port=58075): Failed to establish a new connection: [Errno 111] Connection refused")': /session/1c612b2bc9a1543242b07fe5d170ae84/element
2026-01-14 13:36:59,602 - WARNING - Retrying (Retry(total=1, connect=None, read=None, redirect=None, status=None)) after connection broken by 'NewConnectionError("HTTPConnection(host='localhost', port=58075): Failed to establish a new connection: [Errno 111] Connection refused")': /session/1c612b2bc9a1543242b07fe5d170ae84/element
2026-01-14 13:36:59,602 - WARNING - Retrying (Retry(total=0, connect=None, read=None, redirect=None, status=None)) after connection broken by 'NewConnectionError("HTTPConnection(host='localhost', port=58075): Failed to establish a new connection: [Errno 111] Connection refused")': /session/1c612b2bc9a1543242b07fe5d170ae84/element
2026-01-14 13:36:59,603 - ERROR - Erro ao cadastrar produto NOPO0003416 - HTTPConnectionPool(host='localhost', port=58075): Max retries exceeded with url: /session/1c612b2bc9a1543242b07fe5d170ae84/element (Caused by NewConnectionError("HTTPConnection(host='localhost', port=58075): Failed to establish a new connection: [Errno 111] Connection refused"))
2026-01-14 13:36:59,603 - WARNING - Retrying (Retry(total=2, connect=None, read=None, redirect=None, status=None)) after connection broken by 'NewConnectionError("HTTPConnection(host='localhost', port=58075): Failed to establish a new connection: [Errno 111] Connection refused")': /session/1c612b2bc9a1543242b07fe5d170ae84/element
2026-01-14 13:36:59,604 - WARNING - Retrying (Retry(total=1, connect=None, read=None, redirect=None, status=None)) after connection broken by 'NewConnectionError("HTTPConnection(host='localhost', port=58075): Failed to establish a new connection: [Errno 111] Connection refused")': /session/1c612b2bc9a1543242b07fe5d170ae84/element
2026-01-14 13:36:59,604 - WARNING - Retrying (Retry(total=0, connect=None, read=None, redirect=None, status=None)) after connection broken by 'NewConnectionError("HTTPConnection(host='localhost', port=58075): Failed to establish a new connection: [Errno 111] Connection refused")': /session/1c612b2bc9a1543242b07fe5d170ae84/element
2026-01-14 13:36:59,605 - ERROR - Erro ao cadastrar produto NOPO0003217 - HTTPConnectionPool(host='localhost', port=58075): Max retries exceeded with url: /session/1c612b2bc9a1543242b07fe5d170ae84/element (Caused by NewConnectionError("HTTPConnection(host='localhost', port=58075): Failed to establish a new connection: [Errno 111] Connection refused"))
2026-01-14 13:36:59,605 - WARNING - Retrying (Retry(total=2, connect=None, read=None, redirect=None, status=None)) after connection broken by 'NewConnectionError("HTTPConnection(host='localhost', port=58075): Failed to establish a new connection: [Errno 111] Connection refused")': /session/1c612b2bc9a1543242b07fe5d170ae84/element
2026-01-14 13:36:59,605 - WARNING - Retrying (Retry(total=1, connect=None, read=None, redirect=None, status=None)) after connection broken by 'NewConnectionError("HTTPConnection(host='localhost', port=58075): Failed to establish a new connection: [Errno 111] Connection refused")': /session/1c612b2bc9a1543242b07fe5d170ae84/element
2026-01-14 13:36:59,606 - WARNING - Retrying (Retry(total=0, connect=None, read=None, redirect=None, status=None)) after connection broken by 'NewConnectionError("HTTPConnection(host='localhost', port=58075): Failed to establish a new connection: [Errno 111] Connection refused")': /session/1c612b2bc9a1543242b07fe5d170ae84/element
2026-01-14 13:36:59,606 - ERROR - Erro ao cadastrar produto NOVA0003118 - HTTPConnectionPool(host='localhost', port=58075): Max retries exceeded with url: /session/1c612b2bc9a1543242b07fe5d170ae84/element (Caused by NewConnectionError("HTTPConnection(host='localhost', port=58075): Failed to establish a new connection: [Errno 111] Connection refused"))
2026-01-14 13:36:59,606 - WARNING - Retrying (Retry(total=2, connect=None, read=None, redirect=None, status=None)) after connection broken by 'NewConnectionError("HTTPConnection(host='localhost', port=58075): Failed to establish a new connection: [Errno 111] Connection refused")': /session/1c612b2bc9a1543242b07fe5d170ae84/element
2026-01-14 13:36:59,607 - WARNING - Retrying (Retry(total=1, connect=None, read=None, redirect=None, status=None)) after connection broken by 'NewConnectionError("HTTPConnection(host='localhost', port=58075): Failed to establish a new connection: [Errno 111] Connection refused")': /session/1c612b2bc9a1543242b07fe5d170ae84/element
2026-01-14 13:36:59,607 - WARNING - Retrying (Retry(total=0, connect=None, read=None, redirect=None, status=None)) after connection broken by 'NewConnectionError("HTTPConnection(host='localhost', port=58075): Failed to establish a new connection: [Errno 111] Connection refused")': /session/1c612b2bc9a1543242b07fe5d170ae84/element
2026-01-14 13:36:59,607 - ERROR - Erro ao cadastrar produto NOHP0004919 - HTTPConnectionPool(host='localhost', port=58075): Max retries exceeded with url: /session/1c612b2bc9a1543242b07fe5d170ae84/element (Caused by NewConnectionError("HTTPConnection(host='localhost', port=58075): Failed to establish a new connection: [Errno 111] Connection refused"))
2026-01-14 13:36:59,608 - WARNING - Retrying (Retry(total=2, connect=None, read=None, redirect=None, status=None)) after connection broken by 'NewConnectionError("HTTPConnection(host='localhost', port=58075): Failed to establish a new connection: [Errno 111] Connection refused")': /session/1c612b2bc9a1543242b07fe5d170ae84/element
2026-01-14 13:36:59,608 - WARNING - Retrying (Retry(total=1, connect=None, read=None, redirect=None, status=None)) after connection broken by 'NewConnectionError("HTTPConnection(host='localhost', port=58075): Failed to establish a new connection: [Errno 111] Connection refused")': /session/1c612b2bc9a1543242b07fe5d170ae84/element
2026-01-14 13:36:59,608 - WARNING - Retrying (Retry(total=0, connect=None, read=None, redirect=None, status=None)) after connection broken by 'NewConnectionError("HTTPConnection(host='localhost', port=58075): Failed to establish a new connection: [Errno 111] Connection refused")': /session/1c612b2bc9a1543242b07fe5d170ae84/element
2026-01-14 13:36:59,608 - ERROR - Erro ao cadastrar produto NOAS0001920 - HTTPConnectionPool(host='localhost', port=58075): Max retries exceeded with url: /session/1c612b2bc9a1543242b07fe5d170ae84/element (Caused by NewConnectionError("HTTPConnection(host='localhost', port=58075): Failed to establish a new connection: [Errno 111] Connection refused"))
2026-01-14 13:36:59,609 - WARNING - Retrying (Retry(total=2, connect=None, read=None, redirect=None, status=None)) after connection broken by 'NewConnectionError("HTTPConnection(host='localhost', port=58075): Failed to establish a new connection: [Errno 111] Connection refused")': /session/1c612b2bc9a1543242b07fe5d170ae84/element
2026-01-14 13:36:59,609 - WARNING - Retrying (Retry(total=1, connect=None, read=None, redirect=None, status=None)) after connection broken by 'NewConnectionError("HTTPConnection(host='localhost', port=58075): Failed to establish a new connection: [Errno 111] Connection refused")': /session/1c612b2bc9a1543242b07fe5d170ae84/element
2026-01-14 13:36:59,609 - WARNING - Retrying (Retry(total=0, connect=None, read=None, redirect=None, status=None)) after connection broken by 'NewConnectionError("HTTPConnection(host='localhost', port=58075): Failed to establish a new connection: [Errno 111] Connection refused")': /session/1c612b2bc9a1543242b07fe5d170ae84/element
2026-01-14 13:36:59,610 - ERROR - Erro ao cadastrar produto CEMO000101 - HTTPConnectionPool(host='localhost', port=58075): Max retries exceeded with url: /session/1c612b2bc9a1543242b07fe5d170ae84/element (Caused by NewConnectionError("HTTPConnection(host='localhost', port=58075): Failed to establish a new connection: [Errno 111] Connection refused"))
2026-01-14 13:36:59,610 - WARNING - Retrying (Retry(total=2, connect=None, read=None, redirect=None, status=None)) after connection broken by 'NewConnectionError("HTTPConnection(host='localhost', port=58075): Failed to establish a new connection: [Errno 111] Connection refused")': /session/1c612b2bc9a1543242b07fe5d170ae84/element
2026-01-14 13:36:59,610 - WARNING - Retrying (Retry(total=1, connect=None, read=None, redirect=None, status=None)) after connection broken by 'NewConnectionError("HTTPConnection(host='localhost', port=58075): Failed to establish a new connection: [Errno 111] Connection refused")': /session/1c612b2bc9a1543242b07fe5d170ae84/element
2026-01-14 13:36:59,611 - WARNING - Retrying (Retry(total=0, connect=None, read=None, redirect=None, status=None)) after connection broken by 'NewConnectionError("HTTPConnection(host='localhost', port=58075): Failed to establish a new connection: [Errno 111] Connection refused")': /session/1c612b2bc9a1543242b07fe5d170ae84/element
2026-01-14 13:36:59,611 - ERROR - Erro ao cadastrar produto CEMO000152 - HTTPConnectionPool(host='localhost', port=58075): Max retries exceeded with url: /session/1c612b2bc9a1543242b07fe5d170ae84/element (Caused by NewConnectionError("HTTPConnection(host='localhost', port=58075): Failed to establish a new connection: [Errno 111] Connection refused"))
2026-01-14 13:36:59,611 - WARNING - Retrying (Retry(total=2, connect=None, read=None, redirect=None, status=None)) after connection broken by 'NewConnectionError("HTTPConnection(host='localhost', port=58075): Failed to establish a new connection: [Errno 111] Connection refused")': /session/1c612b2bc9a1543242b07fe5d170ae84/element
2026-01-14 13:36:59,612 - WARNING - Retrying (Retry(total=1, connect=None, read=None, redirect=None, status=None)) after connection broken by 'NewConnectionError("HTTPConnection(host='localhost', port=58075): Failed to establish a new connection: [Errno 111] Connection refused")': /session/1c612b2bc9a1543242b07fe5d170ae84/element
2026-01-14 13:36:59,612 - WARNING - Retrying (Retry(total=0, connect=None, read=None, redirect=None, status=None)) after connection broken by 'NewConnectionError("HTTPConnection(host='localhost', port=58075): Failed to establish a new connection: [Errno 111] Connection refused")': /session/1c612b2bc9a1543242b07fe5d170ae84/element
2026-01-14 13:36:59,612 - ERROR - Erro ao cadastrar produto CEMO000893 - HTTPConnectionPool(host='localhost', port=58075): Max retries exceeded with url: /session/1c612b2bc9a1543242b07fe5d170ae84/element (Caused by NewConnectionError("HTTPConnection(host='localhost', port=58075): Failed to establish a new connection: [Errno 111] Connection refused"))
2026-01-14 13:36:59,612 - WARNING - Retrying (Retry(total=2, connect=None, read=None, redirect=None, status=None)) after connection broken by 'NewConnectionError("HTTPConnection(host='localhost', port=58075): Failed to establish a new connection: [Errno 111] Connection refused")': /session/1c612b2bc9a1543242b07fe5d170ae84/element
2026-01-14 13:36:59,613 - WARNING - Retrying (Retry(total=1, connect=None, read=None, redirect=None, status=None)) after connection broken by 'NewConnectionError("HTTPConnection(host='localhost', port=58075): Failed to establish a new connection: [Errno 111] Connection refused")': /session/1c612b2bc9a1543242b07fe5d170ae84/element
2026-01-14 13:36:59,613 - WARNING - Retrying (Retry(total=0, connect=None, read=None, redirect=None, status=None)) after connection broken by 'NewConnectionError("HTTPConnection(host='localhost', port=58075): Failed to establish a new connection: [Errno 111] Connection refused")': /session/1c612b2bc9a1543242b07fe5d170ae84/element
2026-01-14 13:36:59,613 - ERROR - Erro ao cadastrar produto CEMO000114 - HTTPConnectionPool(host='localhost', port=58075): Max retries exceeded with url: /session/1c612b2bc9a1543242b07fe5d170ae84/element (Caused by NewConnectionError("HTTPConnection(host='localhost', port=58075): Failed to establish a new connection: [Errno 111] Connection refused"))
2026-01-14 13:36:59,614 - WARNING - Retrying (Retry(total=2, connect=None, read=None, redirect=None, status=None)) after connection broken by 'NewConnectionError("HTTPConnection(host='localhost', port=58075): Failed to establish a new connection: [Errno 111] Connection refused")': /session/1c612b2bc9a1543242b07fe5d170ae84/element
2026-01-14 13:36:59,614 - WARNING - Retrying (Retry(total=1, connect=None, read=None, redirect=None, status=None)) after connection broken by 'NewConnectionError("HTTPConnection(host='localhost', port=58075): Failed to establish a new connection: [Errno 111] Connection refused")': /session/1c612b2bc9a1543242b07fe5d170ae84/element
2026-01-14 13:36:59,614 - WARNING - Retrying (Retry(total=0, connect=None, read=None, redirect=None, status=None)) after connection broken by 'NewConnectionError("HTTPConnection(host='localhost', port=58075): Failed to establish a new connection: [Errno 111] Connection refused")': /session/1c612b2bc9a1543242b07fe5d170ae84/element
2026-01-14 13:36:59,615 - ERROR - Erro ao cadastrar produto CEMO000695 - HTTPConnectionPool(host='localhost', port=58075): Max retries exceeded with url: /session/1c612b2bc9a1543242b07fe5d170ae84/element (Caused by NewConnectionError("HTTPConnection(host='localhost', port=58075): Failed to establish a new connection: [Errno 111] Connection refused"))
2026-01-14 13:36:59,615 - WARNING - Retrying (Retry(total=2, connect=None, read=None, redirect=None, status=None)) after connection broken by 'NewConnectionError("HTTPConnection(host='localhost', port=58075): Failed to establish a new connection: [Errno 111] Connection refused")': /session/1c612b2bc9a1543242b07fe5d170ae84/element
2026-01-14 13:36:59,615 - WARNING - Retrying (Retry(total=1, connect=None, read=None, redirect=None, status=None)) after connection broken by 'NewConnectionError("HTTPConnection(host='localhost', port=58075): Failed to establish a new connection: [Errno 111] Connection refused")': /session/1c612b2bc9a1543242b07fe5d170ae84/element
2026-01-14 13:36:59,616 - WARNING - Retrying (Retry(total=0, connect=None, read=None, redirect=None, status=None)) after connection broken by 'NewConnectionError("HTTPConnection(host='localhost', port=58075): Failed to establish a new connection: [Errno 111] Connection refused")': /session/1c612b2bc9a1543242b07fe5d170ae84/element
2026-01-14 13:36:59,616 - ERROR - Erro ao cadastrar produto CEMO000996 - HTTPConnectionPool(host='localhost', port=58075): Max retries exceeded with url: /session/1c612b2bc9a1543242b07fe5d170ae84/element (Caused by NewConnectionError("HTTPConnection(host='localhost', port=58075): Failed to establish a new connection: [Errno 111] Connection refused"))
2026-01-14 13:36:59,616 - WARNING - Retrying (Retry(total=2, connect=None, read=None, redirect=None, status=None)) after connection broken by 'NewConnectionError("HTTPConnection(host='localhost', port=58075): Failed to establish a new connection: [Errno 111] Connection refused")': /session/1c612b2bc9a1543242b07fe5d170ae84/element
2026-01-14 13:36:59,617 - WARNING - Retrying (Retry(total=1, connect=None, read=None, redirect=None, status=None)) after connection broken by 'NewConnectionError("HTTPConnection(host='localhost', port=58075): Failed to establish a new connection: [Errno 111] Connection refused")': /session/1c612b2bc9a1543242b07fe5d170ae84/element
2026-01-14 13:36:59,617 - WARNING - Retrying (Retry(total=0, connect=None, read=None, redirect=None, status=None)) after connection broken by 'NewConnectionError("HTTPConnection(host='localhost', port=58075): Failed to establish a new connection: [Errno 111] Connection refused")': /session/1c612b2bc9a1543242b07fe5d170ae84/element
2026-01-14 13:36:59,617 - ERROR - Erro ao cadastrar produto CEMO000197 - HTTPConnectionPool(host='localhost', port=58075): Max retries exceeded with url: /session/1c612b2bc9a1543242b07fe5d170ae84/element (Caused by NewConnectionError("HTTPConnection(host='localhost', port=58075): Failed to establish a new connection: [Errno 111] Connection refused"))
2026-01-14 13:36:59,618 - WARNING - Retrying (Retry(total=2, connect=None, read=None, redirect=None, status=None)) after connection broken by 'NewConnectionError("HTTPConnection(host='localhost', port=58075): Failed to establish a new connection: [Errno 111] Connection refused")': /session/1c612b2bc9a1543242b07fe5d170ae84/element
2026-01-14 13:36:59,619 - WARNING - Retrying (Retry(total=1, connect=None, read=None, redirect=None, status=None)) after connection broken by 'NewConnectionError("HTTPConnection(host='localhost', port=58075): Failed to establish a new connection: [Errno 111] Connection refused")': /session/1c612b2bc9a1543242b07fe5d170ae84/element
2026-01-14 13:36:59,619 - WARNING - Retrying (Retry(total=0, connect=None, read=None, redirect=None, status=None)) after connection broken by 'NewConnectionError("HTTPConnection(host='localhost', port=58075): Failed to establish a new connection: [Errno 111] Connection refused")': /session/1c612b2bc9a1543242b07fe5d170ae84/element
2026-01-14 13:36:59,619 - ERROR - Erro ao cadastrar produto NOAS000691 - HTTPConnectionPool(host='localhost', port=58075): Max retries exceeded with url: /session/1c612b2bc9a1543242b07fe5d170ae84/element (Caused by NewConnectionError("HTTPConnection(host='localhost', port=58075): Failed to establish a new connection: [Errno 111] Connection refused"))
2026-01-14 13:36:59,620 - WARNING - Retrying (Retry(total=2, connect=None, read=None, redirect=None, status=None)) after connection broken by 'NewConnectionError("HTTPConnection(host='localhost', port=58075): Failed to establish a new connection: [Errno 111] Connection refused")': /session/1c612b2bc9a1543242b07fe5d170ae84/element
2026-01-14 13:36:59,620 - WARNING - Retrying (Retry(total=1, connect=None, read=None, redirect=None, status=None)) after connection broken by 'NewConnectionError("HTTPConnection(host='localhost', port=58075): Failed to establish a new connection: [Errno 111] Connection refused")': /session/1c612b2bc9a1543242b07fe5d170ae84/element
2026-01-14 13:36:59,620 - WARNING - Retrying (Retry(total=0, connect=None, read=None, redirect=None, status=None)) after connection broken by 'NewConnectionError("HTTPConnection(host='localhost', port=58075): Failed to establish a new connection: [Errno 111] Connection refused")': /session/1c612b2bc9a1543242b07fe5d170ae84/element
2026-01-14 13:36:59,621 - ERROR - Erro ao cadastrar produto NOAS000702 - HTTPConnectionPool(host='localhost', port=58075): Max retries exceeded with url: /session/1c612b2bc9a1543242b07fe5d170ae84/element (Caused by NewConnectionError("HTTPConnection(host='localhost', port=58075): Failed to establish a new connection: [Errno 111] Connection refused"))
2026-01-14 13:36:59,621 - WARNING - Retrying (Retry(total=2, connect=None, read=None, redirect=None, status=None)) after connection broken by 'NewConnectionError("HTTPConnection(host='localhost', port=58075): Failed to establish a new connection: [Errno 111] Connection refused")': /session/1c612b2bc9a1543242b07fe5d170ae84/element
2026-01-14 13:36:59,621 - WARNING - Retrying (Retry(total=1, connect=None, read=None, redirect=None, status=None)) after connection broken by 'NewConnectionError("HTTPConnection(host='localhost', port=58075): Failed to establish a new connection: [Errno 111] Connection refused")': /session/1c612b2bc9a1543242b07fe5d170ae84/element
2026-01-14 13:36:59,622 - WARNING - Retrying (Retry(total=0, connect=None, read=None, redirect=None, status=None)) after connection broken by 'NewConnectionError("HTTPConnection(host='localhost', port=58075): Failed to establish a new connection: [Errno 111] Connection refused")': /session/1c612b2bc9a1543242b07fe5d170ae84/element
2026-01-14 13:36:59,622 - ERROR - Erro ao cadastrar produto NOLG000133 - HTTPConnectionPool(host='localhost', port=58075): Max retries exceeded with url: /session/1c612b2bc9a1543242b07fe5d170ae84/element (Caused by NewConnectionError("HTTPConnection(host='localhost', port=58075): Failed to establish a new connection: [Errno 111] Connection refused"))
2026-01-14 13:36:59,622 - WARNING - Retrying (Retry(total=2, connect=None, read=None, redirect=None, status=None)) after connection broken by 'NewConnectionError("HTTPConnection(host='localhost', port=58075): Failed to establish a new connection: [Errno 111] Connection refused")': /session/1c612b2bc9a1543242b07fe5d170ae84/element
2026-01-14 13:36:59,623 - WARNING - Retrying (Retry(total=1, connect=None, read=None, redirect=None, status=None)) after connection broken by 'NewConnectionError("HTTPConnection(host='localhost', port=58075): Failed to establish a new connection: [Errno 111] Connection refused")': /session/1c612b2bc9a1543242b07fe5d170ae84/element
2026-01-14 13:36:59,623 - WARNING - Retrying (Retry(total=0, connect=None, read=None, redirect=None, status=None)) after connection broken by 'NewConnectionError("HTTPConnection(host='localhost', port=58075): Failed to establish a new connection: [Errno 111] Connection refused")': /session/1c612b2bc9a1543242b07fe5d170ae84/element
2026-01-14 13:36:59,623 - ERROR - Erro ao cadastrar produto NOHP000824 - HTTPConnectionPool(host='localhost', port=58075): Max retries exceeded with url: /session/1c612b2bc9a1543242b07fe5d170ae84/element (Caused by NewConnectionError("HTTPConnection(host='localhost', port=58075): Failed to establish a new connection: [Errno 111] Connection refused"))
2026-01-14 13:36:59,624 - WARNING - Retrying (Retry(total=2, connect=None, read=None, redirect=None, status=None)) after connection broken by 'NewConnectionError("HTTPConnection(host='localhost', port=58075): Failed to establish a new connection: [Errno 111] Connection refused")': /session/1c612b2bc9a1543242b07fe5d170ae84/element
2026-01-14 13:36:59,624 - WARNING - Retrying (Retry(total=1, connect=None, read=None, redirect=None, status=None)) after connection broken by 'NewConnectionError("HTTPConnection(host='localhost', port=58075): Failed to establish a new connection: [Errno 111] Connection refused")': /session/1c612b2bc9a1543242b07fe5d170ae84/element
2026-01-14 13:36:59,624 - WARNING - Retrying (Retry(total=0, connect=None, read=None, redirect=None, status=None)) after connection broken by 'NewConnectionError("HTTPConnection(host='localhost', port=58075): Failed to establish a new connection: [Errno 111] Connection refused")': /session/1c612b2bc9a1543242b07fe5d170ae84/element
2026-01-14 13:36:59,624 - ERROR - Erro ao cadastrar produto NOHP000165 - HTTPConnectionPool(host='localhost', port=58075): Max retries exceeded with url: /session/1c612b2bc9a1543242b07fe5d170ae84/element (Caused by NewConnectionError("HTTPConnection(host='localhost', port=58075): Failed to establish a new connection: [Errno 111] Connection refused"))
2026-01-14 13:36:59,625 - WARNING - Retrying (Retry(total=2, connect=None, read=None, redirect=None, status=None)) after connection broken by 'NewConnectionError("HTTPConnection(host='localhost', port=58075): Failed to establish a new connection: [Errno 111] Connection refused")': /session/1c612b2bc9a1543242b07fe5d170ae84/element
2026-01-14 13:36:59,625 - WARNING - Retrying (Retry(total=1, connect=None, read=None, redirect=None, status=None)) after connection broken by 'NewConnectionError("HTTPConnection(host='localhost', port=58075): Failed to establish a new connection: [Errno 111] Connection refused")': /session/1c612b2bc9a1543242b07fe5d170ae84/element
2026-01-14 13:36:59,625 - WARNING - Retrying (Retry(total=0, connect=None, read=None, redirect=None, status=None)) after connection broken by 'NewConnectionError("HTTPConnection(host='localhost', port=58075): Failed to establish a new connection: [Errno 111] Connection refused")': /session/1c612b2bc9a1543242b07fe5d170ae84/element
2026-01-14 13:36:59,626 - ERROR - Erro ao cadastrar produto NODE000126 - HTTPConnectionPool(host='localhost', port=58075): Max retries exceeded with url: /session/1c612b2bc9a1543242b07fe5d170ae84/element (Caused by NewConnectionError("HTTPConnection(host='localhost', port=58075): Failed to establish a new connection: [Errno 111] Connection refused"))
2026-01-14 13:36:59,626 - WARNING - Retrying (Retry(total=2, connect=None, read=None, redirect=None, status=None)) after connection broken by 'NewConnectionError("HTTPConnection(host='localhost', port=58075): Failed to establish a new connection: [Errno 111] Connection refused")': /session/1c612b2bc9a1543242b07fe5d170ae84/element
2026-01-14 13:36:59,626 - WARNING - Retrying (Retry(total=1, connect=None, read=None, redirect=None, status=None)) after connection broken by 'NewConnectionError("HTTPConnection(host='localhost', port=58075): Failed to establish a new connection: [Errno 111] Connection refused")': /session/1c612b2bc9a1543242b07fe5d170ae84/element
2026-01-14 13:36:59,627 - WARNING - Retrying (Retry(total=0, connect=None, read=None, redirect=None, status=None)) after connection broken by 'NewConnectionError("HTTPConnection(host='localhost', port=58075): Failed to establish a new connection: [Errno 111] Connection refused")': /session/1c612b2bc9a1543242b07fe5d170ae84/element
2026-01-14 13:36:59,627 - ERROR - Erro ao cadastrar produto NOLE000147 - HTTPConnectionPool(host='localhost', port=58075): Max retries exceeded with url: /session/1c612b2bc9a1543242b07fe5d170ae84/element (Caused by NewConnectionError("HTTPConnection(host='localhost', port=58075): Failed to establish a new connection: [Errno 111] Connection refused"))
2026-01-14 13:36:59,627 - WARNING - Retrying (Retry(total=2, connect=None, read=None, redirect=None, status=None)) after connection broken by 'NewConnectionError("HTTPConnection(host='localhost', port=58075): Failed to establish a new connection: [Errno 111] Connection refused")': /session/1c612b2bc9a1543242b07fe5d170ae84/element
2026-01-14 13:36:59,628 - WARNING - Retrying (Retry(total=1, connect=None, read=None, redirect=None, status=None)) after connection broken by 'NewConnectionError("HTTPConnection(host='localhost', port=58075): Failed to establish a new connection: [Errno 111] Connection refused")': /session/1c612b2bc9a1543242b07fe5d170ae84/element
2026-01-14 13:36:59,628 - WARNING - Retrying (Retry(total=0, connect=None, read=None, redirect=None, status=None)) after connection broken by 'NewConnectionError("HTTPConnection(host='localhost', port=58075): Failed to establish a new connection: [Errno 111] Connection refused")': /session/1c612b2bc9a1543242b07fe5d170ae84/element
2026-01-14 13:36:59,628 - ERROR - Erro ao cadastrar produto NOLE000248 - HTTPConnectionPool(host='localhost', port=58075): Max retries exceeded with url: /session/1c612b2bc9a1543242b07fe5d170ae84/element (Caused by NewConnectionError("HTTPConnection(host='localhost', port=58075): Failed to establish a new connection: [Errno 111] Connection refused"))
2026-01-14 13:36:59,629 - WARNING - Retrying (Retry(total=2, connect=None, read=None, redirect=None, status=None)) after connection broken by 'NewConnectionError("HTTPConnection(host='localhost', port=58075): Failed to establish a new connection: [Errno 111] Connection refused")': /session/1c612b2bc9a1543242b07fe5d170ae84/element
2026-01-14 13:36:59,629 - WARNING - Retrying (Retry(total=1, connect=None, read=None, redirect=None, status=None)) after connection broken by 'NewConnectionError("HTTPConnection(host='localhost', port=58075): Failed to establish a new connection: [Errno 111] Connection refused")': /session/1c612b2bc9a1543242b07fe5d170ae84/element
2026-01-14 13:36:59,630 - WARNING - Retrying (Retry(total=0, connect=None, read=None, redirect=None, status=None)) after connection broken by 'NewConnectionError("HTTPConnection(host='localhost', port=58075): Failed to establish a new connection: [Errno 111] Connection refused")': /session/1c612b2bc9a1543242b07fe5d170ae84/element
2026-01-14 13:36:59,630 - ERROR - Erro ao cadastrar produto NORA000399 - HTTPConnectionPool(host='localhost', port=58075): Max retries exceeded with url: /session/1c612b2bc9a1543242b07fe5d170ae84/element (Caused by NewConnectionError("HTTPConnection(host='localhost', port=58075): Failed to establish a new connection: [Errno 111] Connection refused"))
2026-01-14 13:36:59,631 - WARNING - Retrying (Retry(total=2, connect=None, read=None, redirect=None, status=None)) after connection broken by 'NewConnectionError("HTTPConnection(host='localhost', port=58075): Failed to establish a new connection: [Errno 111] Connection refused")': /session/1c612b2bc9a1543242b07fe5d170ae84/element
2026-01-14 13:36:59,631 - WARNING - Retrying (Retry(total=1, connect=None, read=None, redirect=None, status=None)) after connection broken by 'NewConnectionError("HTTPConnection(host='localhost', port=58075): Failed to establish a new connection: [Errno 111] Connection refused")': /session/1c612b2bc9a1543242b07fe5d170ae84/element
2026-01-14 13:36:59,631 - WARNING - Retrying (Retry(total=0, connect=None, read=None, redirect=None, status=None)) after connection broken by 'NewConnectionError("HTTPConnection(host='localhost', port=58075): Failed to establish a new connection: [Errno 111] Connection refused")': /session/1c612b2bc9a1543242b07fe5d170ae84/element
2026-01-14 13:36:59,632 - ERROR - Erro ao cadastrar produto NORA0001110 - HTTPConnectionPool(host='localhost', port=58075): Max retries exceeded with url: /session/1c612b2bc9a1543242b07fe5d170ae84/element (Caused by NewConnectionError("HTTPConnection(host='localhost', port=58075): Failed to establish a new connection: [Errno 111] Connection refused"))
2026-01-14 13:36:59,632 - WARNING - Retrying (Retry(total=2, connect=None, read=None, redirect=None, status=None)) after connection broken by 'NewConnectionError("HTTPConnection(host='localhost', port=58075): Failed to establish a new connection: [Errno 111] Connection refused")': /session/1c612b2bc9a1543242b07fe5d170ae84/element
2026-01-14 13:36:59,632 - WARNING - Retrying (Retry(total=1, connect=None, read=None, redirect=None, status=None)) after connection broken by 'NewConnectionError("HTTPConnection(host='localhost', port=58075): Failed to establish a new connection: [Errno 111] Connection refused")': /session/1c612b2bc9a1543242b07fe5d170ae84/element
2026-01-14 13:36:59,633 - WARNING - Retrying (Retry(total=0, connect=None, read=None, redirect=None, status=None)) after connection broken by 'NewConnectionError("HTTPConnection(host='localhost', port=58075): Failed to establish a new connection: [Errno 111] Connection refused")': /session/1c612b2bc9a1543242b07fe5d170ae84/element
2026-01-14 13:36:59,633 - ERROR - Erro ao cadastrar produto NORA0001911 - HTTPConnectionPool(host='localhost', port=58075): Max retries exceeded with url: /session/1c612b2bc9a1543242b07fe5d170ae84/element (Caused by NewConnectionError("HTTPConnection(host='localhost', port=58075): Failed to establish a new connection: [Errno 111] Connection refused"))
2026-01-14 13:36:59,634 - WARNING - Retrying (Retry(total=2, connect=None, read=None, redirect=None, status=None)) after connection broken by 'NewConnectionError("HTTPConnection(host='localhost', port=58075): Failed to establish a new connection: [Errno 111] Connection refused")': /session/1c612b2bc9a1543242b07fe5d170ae84/element
2026-01-14 13:36:59,634 - WARNING - Retrying (Retry(total=1, connect=None, read=None, redirect=None, status=None)) after connection broken by 'NewConnectionError("HTTPConnection(host='localhost', port=58075): Failed to establish a new connection: [Errno 111] Connection refused")': /session/1c612b2bc9a1543242b07fe5d170ae84/element
2026-01-14 13:36:59,634 - WARNING - Retrying (Retry(total=0, connect=None, read=None, redirect=None, status=None)) after connection broken by 'NewConnectionError("HTTPConnection(host='localhost', port=58075): Failed to establish a new connection: [Errno 111] Connection refused")': /session/1c612b2bc9a1543242b07fe5d170ae84/element
2026-01-14 13:36:59,634 - ERROR - Erro ao cadastrar produto NORA0007912 - HTTPConnectionPool(host='localhost', port=58075): Max retries exceeded with url: /session/1c612b2bc9a1543242b07fe5d170ae84/element (Caused by NewConnectionError("HTTPConnection(host='localhost', port=58075): Failed to establish a new connection: [Errno 111] Connection refused"))
2026-01-14 13:36:59,635 - WARNING - Retrying (Retry(total=2, connect=None, read=None, redirect=None, status=None)) after connection broken by 'NewConnectionError("HTTPConnection(host='localhost', port=58075): Failed to establish a new connection: [Errno 111] Connection refused")': /session/1c612b2bc9a1543242b07fe5d170ae84/element
2026-01-14 13:36:59,635 - WARNING - Retrying (Retry(total=1, connect=None, read=None, redirect=None, status=None)) after connection broken by 'NewConnectionError("HTTPConnection(host='localhost', port=58075): Failed to establish a new connection: [Errno 111] Connection refused")': /session/1c612b2bc9a1543242b07fe5d170ae84/element
2026-01-14 13:36:59,635 - WARNING - Retrying (Retry(total=0, connect=None, read=None, redirect=None, status=None)) after connection broken by 'NewConnectionError("HTTPConnection(host='localhost', port=58075): Failed to establish a new connection: [Errno 111] Connection refused")': /session/1c612b2bc9a1543242b07fe5d170ae84/element
2026-01-14 13:36:59,636 - ERROR - Erro ao cadastrar produto NOLE0001713 - HTTPConnectionPool(host='localhost', port=58075): Max retries exceeded with url: /session/1c612b2bc9a1543242b07fe5d170ae84/element (Caused by NewConnectionError("HTTPConnection(host='localhost', port=58075): Failed to establish a new connection: [Errno 111] Connection refused"))
2026-01-14 13:36:59,636 - WARNING - Retrying (Retry(total=2, connect=None, read=None, redirect=None, status=None)) after connection broken by 'NewConnectionError("HTTPConnection(host='localhost', port=58075): Failed to establish a new connection: [Errno 111] Connection refused")': /session/1c612b2bc9a1543242b07fe5d170ae84/element
2026-01-14 13:36:59,637 - WARNING - Retrying (Retry(total=1, connect=None, read=None, redirect=None, status=None)) after connection broken by 'NewConnectionError("HTTPConnection(host='localhost', port=58075): Failed to establish a new connection: [Errno 111] Connection refused")': /session/1c612b2bc9a1543242b07fe5d170ae84/element
2026-01-14 13:36:59,637 - WARNING - Retrying (Retry(total=0, connect=None, read=None, redirect=None, status=None)) after connection broken by 'NewConnectionError("HTTPConnection(host='localhost', port=58075): Failed to establish a new connection: [Errno 111] Connection refused")': /session/1c612b2bc9a1543242b07fe5d170ae84/element
2026-01-14 13:36:59,637 - ERROR - Erro ao cadastrar produto NODE0001614 - HTTPConnectionPool(host='localhost', port=58075): Max retries exceeded with url: /session/1c612b2bc9a1543242b07fe5d170ae84/element (Caused by NewConnectionError("HTTPConnection(host='localhost', port=58075): Failed to establish a new connection: [Errno 111] Connection refused"))
2026-01-14 13:36:59,638 - WARNING - Retrying (Retry(total=2, connect=None, read=None, redirect=None, status=None)) after connection broken by 'NewConnectionError("HTTPConnection(host='localhost', port=58075): Failed to establish a new connection: [Errno 111] Connection refused")': /session/1c612b2bc9a1543242b07fe5d170ae84/element
2026-01-14 13:36:59,638 - WARNING - Retrying (Retry(total=1, connect=None, read=None, redirect=None, status=None)) after connection broken by 'NewConnectionError("HTTPConnection(host='localhost', port=58075): Failed to establish a new connection: [Errno 111] Connection refused")': /session/1c612b2bc9a1543242b07fe5d170ae84/element
2026-01-14 13:36:59,638 - WARNING - Retrying (Retry(total=0, connect=None, read=None, redirect=None, status=None)) after connection broken by 'NewConnectionError("HTTPConnection(host='localhost', port=58075): Failed to establish a new connection: [Errno 111] Connection refused")': /session/1c612b2bc9a1543242b07fe5d170ae84/element
2026-01-14 13:36:59,639 - ERROR - Erro ao cadastrar produto ACAP000391 - HTTPConnectionPool(host='localhost', port=58075): Max retries exceeded with url: /session/1c612b2bc9a1543242b07fe5d170ae84/element (Caused by NewConnectionError("HTTPConnection(host='localhost', port=58075): Failed to establish a new connection: [Errno 111] Connection refused"))
2026-01-14 13:36:59,639 - WARNING - Retrying (Retry(total=2, connect=None, read=None, redirect=None, status=None)) after connection broken by 'NewConnectionError("HTTPConnection(host='localhost', port=58075): Failed to establish a new connection: [Errno 111] Connection refused")': /session/1c612b2bc9a1543242b07fe5d170ae84/element
2026-01-14 13:36:59,639 - WARNING - Retrying (Retry(total=1, connect=None, read=None, redirect=None, status=None)) after connection broken by 'NewConnectionError("HTTPConnection(host='localhost', port=58075): Failed to establish a new connection: [Errno 111] Connection refused")': /session/1c612b2bc9a1543242b07fe5d170ae84/element
2026-01-14 13:36:59,640 - WARNING - Retrying (Retry(total=0, connect=None, read=None, redirect=None, status=None)) after connection broken by 'NewConnectionError("HTTPConnection(host='localhost', port=58075): Failed to establish a new connection: [Errno 111] Connection refused")': /session/1c612b2bc9a1543242b07fe5d170ae84/element
2026-01-14 13:36:59,640 - ERROR - Erro ao cadastrar produto ACAP000192 - HTTPConnectionPool(host='localhost', port=58075): Max retries exceeded with url: /session/1c612b2bc9a1543242b07fe5d170ae84/element (Caused by NewConnectionError("HTTPConnection(host='localhost', port=58075): Failed to establish a new connection: [Errno 111] Connection refused"))
2026-01-14 13:36:59,640 - WARNING - Retrying (Retry(total=2, connect=None, read=None, redirect=None, status=None)) after connection broken by 'NewConnectionError("HTTPConnection(host='localhost', port=58075): Failed to establish a new connection: [Errno 111] Connection refused")': /session/1c612b2bc9a1543242b07fe5d170ae84/element
2026-01-14 13:36:59,641 - WARNING - Retrying (Retry(total=1, connect=None, read=None, redirect=None, status=None)) after connection broken by 'NewConnectionError("HTTPConnection(host='localhost', port=58075): Failed to establish a new connection: [Errno 111] Connection refused")': /session/1c612b2bc9a1543242b07fe5d170ae84/element
2026-01-14 13:36:59,641 - WARNING - Retrying (Retry(total=0, connect=None, read=None, redirect=None, status=None)) after connection broken by 'NewConnectionError("HTTPConnection(host='localhost', port=58075): Failed to establish a new connection: [Errno 111] Connection refused")': /session/1c612b2bc9a1543242b07fe5d170ae84/element
2026-01-14 13:36:59,641 - ERROR - Erro ao cadastrar produto ACSA0009.3 - HTTPConnectionPool(host='localhost', port=58075): Max retries exceeded with url: /session/1c612b2bc9a1543242b07fe5d170ae84/element (Caused by NewConnectionError("HTTPConnection(host='localhost', port=58075): Failed to establish a new connection: [Errno 111] Connection refused"))
2026-01-14 13:36:59,642 - WARNING - Retrying (Retry(total=2, connect=None, read=None, redirect=None, status=None)) after connection broken by 'NewConnectionError("HTTPConnection(host='localhost', port=58075): Failed to establish a new connection: [Errno 111] Connection refused")': /session/1c612b2bc9a1543242b07fe5d170ae84/element
2026-01-14 13:36:59,642 - WARNING - Retrying (Retry(total=1, connect=None, read=None, redirect=None, status=None)) after connection broken by 'NewConnectionError("HTTPConnection(host='localhost', port=58075): Failed to establish a new connection: [Errno 111] Connection refused")': /session/1c612b2bc9a1543242b07fe5d170ae84/element
2026-01-14 13:36:59,642 - WARNING - Retrying (Retry(total=0, connect=None, read=None, redirect=None, status=None)) after connection broken by 'NewConnectionError("HTTPConnection(host='localhost', port=58075): Failed to establish a new connection: [Errno 111] Connection refused")': /session/1c612b2bc9a1543242b07fe5d170ae84/element
2026-01-14 13:36:59,642 - ERROR - Erro ao cadastrar produto CEMO000271 - HTTPConnectionPool(host='localhost', port=58075): Max retries exceeded with url: /session/1c612b2bc9a1543242b07fe5d170ae84/element (Caused by NewConnectionError("HTTPConnection(host='localhost', port=58075): Failed to establish a new connection: [Errno 111] Connection refused"))
2026-01-14 13:36:59,643 - WARNING - Retrying (Retry(total=2, connect=None, read=None, redirect=None, status=None)) after connection broken by 'NewConnectionError("HTTPConnection(host='localhost', port=58075): Failed to establish a new connection: [Errno 111] Connection refused")': /session/1c612b2bc9a1543242b07fe5d170ae84/element
2026-01-14 13:36:59,643 - WARNING - Retrying (Retry(total=1, connect=None, read=None, redirect=None, status=None)) after connection broken by 'NewConnectionError("HTTPConnection(host='localhost', port=58075): Failed to establish a new connection: [Errno 111] Connection refused")': /session/1c612b2bc9a1543242b07fe5d170ae84/element
2026-01-14 13:36:59,643 - WARNING - Retrying (Retry(total=0, connect=None, read=None, redirect=None, status=None)) after connection broken by 'NewConnectionError("HTTPConnection(host='localhost', port=58075): Failed to establish a new connection: [Errno 111] Connection refused")': /session/1c612b2bc9a1543242b07fe5d170ae84/element
2026-01-14 13:36:59,644 - ERROR - Erro ao cadastrar produto FOMO000152 - HTTPConnectionPool(host='localhost', port=58075): Max retries exceeded with url: /session/1c612b2bc9a1543242b07fe5d170ae84/element (Caused by NewConnectionError("HTTPConnection(host='localhost', port=58075): Failed to establish a new connection: [Errno 111] Connection refused"))
2026-01-14 13:36:59,644 - WARNING - Retrying (Retry(total=2, connect=None, read=None, redirect=None, status=None)) after connection broken by 'NewConnectionError("HTTPConnection(host='localhost', port=58075): Failed to establish a new connection: [Errno 111] Connection refused")': /session/1c612b2bc9a1543242b07fe5d170ae84/element
2026-01-14 13:36:59,644 - WARNING - Retrying (Retry(total=1, connect=None, read=None, redirect=None, status=None)) after connection broken by 'NewConnectionError("HTTPConnection(host='localhost', port=58075): Failed to establish a new connection: [Errno 111] Connection refused")': /session/1c612b2bc9a1543242b07fe5d170ae84/element
2026-01-14 13:36:59,645 - WARNING - Retrying (Retry(total=0, connect=None, read=None, redirect=None, status=None)) after connection broken by 'NewConnectionError("HTTPConnection(host='localhost', port=58075): Failed to establish a new connection: [Errno 111] Connection refused")': /session/1c612b2bc9a1543242b07fe5d170ae84/element
2026-01-14 13:36:59,645 - ERROR - Erro ao cadastrar produto CEMO000223 - HTTPConnectionPool(host='localhost', port=58075): Max retries exceeded with url: /session/1c612b2bc9a1543242b07fe5d170ae84/element (Caused by NewConnectionError("HTTPConnection(host='localhost', port=58075): Failed to establish a new connection: [Errno 111] Connection refused"))
2026-01-14 13:36:59,645 - WARNING - Retrying (Retry(total=2, connect=None, read=None, redirect=None, status=None)) after connection broken by 'NewConnectionError("HTTPConnection(host='localhost', port=58075): Failed to establish a new connection: [Errno 111] Connection refused")': /session/1c612b2bc9a1543242b07fe5d170ae84
2026-01-14 13:36:59,646 - WARNING - Retrying (Retry(total=1, connect=None, read=None, redirect=None, status=None)) after connection broken by 'NewConnectionError("HTTPConnection(host='localhost', port=58075): Failed to establish a new connection: [Errno 111] Connection refused")': /session/1c612b2bc9a1543242b07fe5d170ae84
2026-01-14 13:36:59,646 - WARNING - Retrying (Retry(total=0, connect=None, read=None, redirect=None, status=None)) after connection broken by 'NewConnectionError("HTTPConnection(host='localhost', port=58075): Failed to establish a new connection: [Errno 111] Connection refused")': /session/1c612b2bc9a1543242b07fe5d170ae84
2026-01-14 13:36:59,646 - INFO - Automação finalizada
2026-01-14 13:38:19,193 - INFO - Iniciando automação
2026-01-14 13:38:21,692 - INFO - 293 produtos encontrados
2026-01-14 13:38:22,619 - INFO - Produto cadastrado com sucesso: MOLO000251
2026-01-14 13:38:23,346 - INFO - Produto cadastrado com sucesso: MOLO000192
2026-01-14 13:38:24,060 - INFO - Produto cadastrado com sucesso: CAHA000251
2026-01-14 13:38:24,892 - INFO - Produto cadastrado com sucesso: CAHA000252
2026-01-14 13:38:25,628 - INFO - Produto cadastrado com sucesso: MOMU000111
2026-01-14 13:38:26,313 - INFO - Produto cadastrado com sucesso: BOHA000251
2026-01-14 13:38:26,998 - INFO - Produto cadastrado com sucesso: BOHA000252
2026-01-14 13:38:27,711 - INFO - Produto cadastrado com sucesso: CAHA000273
2026-01-14 13:38:28,395 - INFO - Produto cadastrado com sucesso: CAHA000274
2026-01-14 13:38:29,170 - INFO - Produto cadastrado com sucesso: CAHA000275
2026-01-14 13:38:29,853 - INFO - Produto cadastrado com sucesso: TELG000821
2026-01-14 13:38:30,563 - INFO - Produto cadastrado com sucesso: TELG000252
2026-01-14 13:38:30,808 - ERROR - Erro ao cadastrar produto TELG000373 - Message: target frame detached
  (failed to check if window was closed: disconnected: Unable to receive message from renderer)
  (Session info: chrome=143.0.7499.192)
Stacktrace:
#0 0x618fb8d1740a <unknown>
#1 0x618fb874b598 <unknown>
#2 0x618fb8733351 <unknown>
#3 0x618fb87313a7 <unknown>
#4 0x618fb8731cbf <unknown>
#5 0x618fb8751e7c <unknown>
#6 0x618fb8754b54 <unknown>
#7 0x618fb8754c23 <unknown>
#8 0x618fb879db14 <unknown>
#9 0x618fb87942f7 <unknown>
#10 0x618fb8790fe7 <unknown>
#11 0x618fb87e8760 <unknown>
#12 0x618fb878f7b2 <unknown>
#13 0x618fb8790461 <unknown>
#14 0x618fb8cdfdf9 <unknown>
#15 0x618fb8ce2d5d <unknown>
#16 0x618fb8cc8b41 <unknown>
#17 0x618fb8ce393b <unknown>
#18 0x618fb8caf870 <unknown>
#19 0x618fb8d04828 <unknown>
#20 0x618fb8d049fc <unknown>
#21 0x618fb8d16763 <unknown>
#22 0x7c573a8a3d64 <unknown>
#23 0x7c573a9373bc <unknown>

2026-01-14 13:38:30,820 - ERROR - Erro ao cadastrar produto TELG000524 - Message: no such window: target window already closed
from unknown error: web view not found
  (Session info: chrome=143.0.7499.192)
Stacktrace:
#0 0x618fb8d1740a <unknown>
#1 0x618fb874b76b <unknown>
#2 0x618fb87206d0 <unknown>
#3 0x618fb87cab48 <unknown>
#4 0x618fb87e8191 <unknown>
#5 0x618fb878f7b2 <unknown>
#6 0x618fb8790461 <unknown>
#7 0x618fb8cdfdf9 <unknown>
#8 0x618fb8ce2d5d <unknown>
#9 0x618fb8cc8b41 <unknown>
#10 0x618fb8ce393b <unknown>
#11 0x618fb8caf870 <unknown>
#12 0x618fb8d04828 <unknown>
#13 0x618fb8d049fc <unknown>
#14 0x618fb8d16763 <unknown>
#15 0x7c573a8a3d64 <unknown>
#16 0x7c573a9373bc <unknown>

2026-01-14 13:38:30,825 - ERROR - Erro ao cadastrar produto TESA000125 - Message: no such window: target window already closed
from unknown error: web view not found
  (Session info: chrome=143.0.7499.192)
Stacktrace:
#0 0x618fb8d1740a <unknown>
#1 0x618fb874b76b <unknown>
#2 0x618fb87206d0 <unknown>
#3 0x618fb87cab48 <unknown>
#4 0x618fb87e8191 <unknown>
#5 0x618fb878f7b2 <unknown>
#6 0x618fb8790461 <unknown>
#7 0x618fb8cdfdf9 <unknown>
#8 0x618fb8ce2d5d <unknown>
#9 0x618fb8cc8b41 <unknown>
#10 0x618fb8ce393b <unknown>
#11 0x618fb8caf870 <unknown>
#12 0x618fb8d04828 <unknown>
#13 0x618fb8d049fc <unknown>
#14 0x618fb8d16763 <unknown>
#15 0x7c573a8a3d64 <unknown>
#16 0x7c573a9373bc <unknown>

2026-01-14 13:38:30,833 - ERROR - Erro ao cadastrar produto TESA000346 - Message: no such window: target window already closed
from unknown error: web view not found
  (Session info: chrome=143.0.7499.192)
Stacktrace:
#0 0x618fb8d1740a <unknown>
#1 0x618fb874b76b <unknown>
#2 0x618fb87206d0 <unknown>
#3 0x618fb87cab48 <unknown>
#4 0x618fb87e8191 <unknown>
#5 0x618fb878f7b2 <unknown>
#6 0x618fb8790461 <unknown>
#7 0x618fb8cdfdf9 <unknown>
#8 0x618fb8ce2d5d <unknown>
#9 0x618fb8cc8b41 <unknown>
#10 0x618fb8ce393b <unknown>
#11 0x618fb8caf870 <unknown>
#12 0x618fb8d04828 <unknown>
#13 0x618fb8d049fc <unknown>
#14 0x618fb8d16763 <unknown>
#15 0x7c573a8a3d64 <unknown>
#16 0x7c573a9373bc <unknown>

2026-01-14 13:38:30,839 - ERROR - Erro ao cadastrar produto TESA000747 - Message: no such window: target window already closed
from unknown error: web view not found
  (Session info: chrome=143.0.7499.192)
Stacktrace:
#0 0x618fb8d1740a <unknown>
#1 0x618fb874b76b <unknown>
#2 0x618fb87206d0 <unknown>
#3 0x618fb87cab48 <unknown>
#4 0x618fb87e8191 <unknown>
#5 0x618fb878f7b2 <unknown>
#6 0x618fb8790461 <unknown>
#7 0x618fb8cdfdf9 <unknown>
#8 0x618fb8ce2d5d <unknown>
#9 0x618fb8cc8b41 <unknown>
#10 0x618fb8ce393b <unknown>
#11 0x618fb8caf870 <unknown>
#12 0x618fb8d04828 <unknown>
#13 0x618fb8d049fc <unknown>
#14 0x618fb8d16763 <unknown>
#15 0x7c573a8a3d64 <unknown>
#16 0x7c573a9373bc <unknown>

2026-01-14 13:38:30,847 - ERROR - Erro ao cadastrar produto TESA000108 - Message: no such window: target window already closed
from unknown error: web view not found
  (Session info: chrome=143.0.7499.192)
Stacktrace:
#0 0x618fb8d1740a <unknown>
#1 0x618fb874b76b <unknown>
#2 0x618fb87206d0 <unknown>
#3 0x618fb87cab48 <unknown>
#4 0x618fb87e8191 <unknown>
#5 0x618fb878f7b2 <unknown>
#6 0x618fb8790461 <unknown>
#7 0x618fb8cdfdf9 <unknown>
#8 0x618fb8ce2d5d <unknown>
#9 0x618fb8cc8b41 <unknown>
#10 0x618fb8ce393b <unknown>
#11 0x618fb8caf870 <unknown>
#12 0x618fb8d04828 <unknown>
#13 0x618fb8d049fc <unknown>
#14 0x618fb8d16763 <unknown>
#15 0x7c573a8a3d64 <unknown>
#16 0x7c573a9373bc <unknown>

2026-01-14 13:38:30,853 - ERROR - Erro ao cadastrar produto TESA000729 - Message: no such window: target window already closed
from unknown error: web view not found
  (Session info: chrome=143.0.7499.192)
Stacktrace:
#0 0x618fb8d1740a <unknown>
#1 0x618fb874b76b <unknown>
#2 0x618fb87206d0 <unknown>
#3 0x618fb87cab48 <unknown>
#4 0x618fb87e8191 <unknown>
#5 0x618fb878f7b2 <unknown>
#6 0x618fb8790461 <unknown>
#7 0x618fb8cdfdf9 <unknown>
#8 0x618fb8ce2d5d <unknown>
#9 0x618fb8cc8b41 <unknown>
#10 0x618fb8ce393b <unknown>
#11 0x618fb8caf870 <unknown>
#12 0x618fb8d04828 <unknown>
#13 0x618fb8d049fc <unknown>
#14 0x618fb8d16763 <unknown>
#15 0x7c573a8a3d64 <unknown>
#16 0x7c573a9373bc <unknown>

2026-01-14 13:38:30,859 - ERROR - Erro ao cadastrar produto TESA0002010 - Message: no such window: target window already closed
from unknown error: web view not found
  (Session info: chrome=143.0.7499.192)
Stacktrace:
#0 0x618fb8d1740a <unknown>
#1 0x618fb874b76b <unknown>
#2 0x618fb87206d0 <unknown>
#3 0x618fb87cab48 <unknown>
#4 0x618fb87e8191 <unknown>
#5 0x618fb878f7b2 <unknown>
#6 0x618fb8790461 <unknown>
#7 0x618fb8cdfdf9 <unknown>
#8 0x618fb8ce2d5d <unknown>
#9 0x618fb8cc8b41 <unknown>
#10 0x618fb8ce393b <unknown>
#11 0x618fb8caf870 <unknown>
#12 0x618fb8d04828 <unknown>
#13 0x618fb8d049fc <unknown>
#14 0x618fb8d16763 <unknown>
#15 0x7c573a8a3d64 <unknown>
#16 0x7c573a9373bc <unknown>

2026-01-14 13:38:30,867 - ERROR - Erro ao cadastrar produto TEAO0002511 - Message: no such window: target window already closed
from unknown error: web view not found
  (Session info: chrome=143.0.7499.192)
Stacktrace:
#0 0x618fb8d1740a <unknown>
#1 0x618fb874b76b <unknown>
#2 0x618fb87206d0 <unknown>
#3 0x618fb87cab48 <unknown>
#4 0x618fb87e8191 <unknown>
#5 0x618fb878f7b2 <unknown>
#6 0x618fb8790461 <unknown>
#7 0x618fb8cdfdf9 <unknown>
#8 0x618fb8ce2d5d <unknown>
#9 0x618fb8cc8b41 <unknown>
#10 0x618fb8ce393b <unknown>
#11 0x618fb8caf870 <unknown>
#12 0x618fb8d04828 <unknown>
#13 0x618fb8d049fc <unknown>
#14 0x618fb8d16763 <unknown>
#15 0x7c573a8a3d64 <unknown>
#16 0x7c573a9373bc <unknown>

2026-01-14 13:38:30,872 - ERROR - Erro ao cadastrar produto TEAO0003612 - Message: no such window: target window already closed
from unknown error: web view not found
  (Session info: chrome=143.0.7499.192)
Stacktrace:
#0 0x618fb8d1740a <unknown>
#1 0x618fb874b76b <unknown>
#2 0x618fb87206d0 <unknown>
#3 0x618fb87cab48 <unknown>
#4 0x618fb87e8191 <unknown>
#5 0x618fb878f7b2 <unknown>
#6 0x618fb8790461 <unknown>
#7 0x618fb8cdfdf9 <unknown>
#8 0x618fb8ce2d5d <unknown>
#9 0x618fb8cc8b41 <unknown>
#10 0x618fb8ce393b <unknown>
#11 0x618fb8caf870 <unknown>
#12 0x618fb8d04828 <unknown>
#13 0x618fb8d049fc <unknown>
#14 0x618fb8d16763 <unknown>
#15 0x7c573a8a3d64 <unknown>
#16 0x7c573a9373bc <unknown>

2026-01-14 13:38:30,878 - ERROR - Erro ao cadastrar produto TETO0006413 - Message: no such window: target window already closed
from unknown error: web view not found
  (Session info: chrome=143.0.7499.192)
Stacktrace:
#0 0x618fb8d1740a <unknown>
#1 0x618fb874b76b <unknown>
#2 0x618fb87206d0 <unknown>
#3 0x618fb87cab48 <unknown>
#4 0x618fb87e8191 <unknown>
#5 0x618fb878f7b2 <unknown>
#6 0x618fb8790461 <unknown>
#7 0x618fb8cdfdf9 <unknown>
#8 0x618fb8ce2d5d <unknown>
#9 0x618fb8cc8b41 <unknown>
#10 0x618fb8ce393b <unknown>
#11 0x618fb8caf870 <unknown>
#12 0x618fb8d04828 <unknown>
#13 0x618fb8d049fc <unknown>
#14 0x618fb8d16763 <unknown>
#15 0x7c573a8a3d64 <unknown>
#16 0x7c573a9373bc <unknown>

2026-01-14 13:38:30,885 - ERROR - Erro ao cadastrar produto TETO0008014 - Message: no such window: target window already closed
from unknown error: web view not found
  (Session info: chrome=143.0.7499.192)
Stacktrace:
#0 0x618fb8d1740a <unknown>
#1 0x618fb874b76b <unknown>
#2 0x618fb87206d0 <unknown>
#3 0x618fb87cab48 <unknown>
#4 0x618fb87e8191 <unknown>
#5 0x618fb878f7b2 <unknown>
#6 0x618fb8790461 <unknown>
#7 0x618fb8cdfdf9 <unknown>
#8 0x618fb8ce2d5d <unknown>
#9 0x618fb8cc8b41 <unknown>
#10 0x618fb8ce393b <unknown>
#11 0x618fb8caf870 <unknown>
#12 0x618fb8d04828 <unknown>
#13 0x618fb8d049fc <unknown>
#14 0x618fb8d16763 <unknown>
#15 0x7c573a8a3d64 <unknown>
#16 0x7c573a9373bc <unknown>

2026-01-14 13:38:30,891 - ERROR - Erro ao cadastrar produto TETO0006015 - Message: no such window: target window already closed
from unknown error: web view not found
  (Session info: chrome=143.0.7499.192)
Stacktrace:
#0 0x618fb8d1740a <unknown>
#1 0x618fb874b76b <unknown>
#2 0x618fb87206d0 <unknown>
#3 0x618fb87cab48 <unknown>
#4 0x618fb87e8191 <unknown>
#5 0x618fb878f7b2 <unknown>
#6 0x618fb8790461 <unknown>
#7 0x618fb8cdfdf9 <unknown>
#8 0x618fb8ce2d5d <unknown>
#9 0x618fb8cc8b41 <unknown>
#10 0x618fb8ce393b <unknown>
#11 0x618fb8caf870 <unknown>
#12 0x618fb8d04828 <unknown>
#13 0x618fb8d049fc <unknown>
#14 0x618fb8d16763 <unknown>
#15 0x7c573a8a3d64 <unknown>
#16 0x7c573a9373bc <unknown>

2026-01-14 13:38:30,898 - ERROR - Erro ao cadastrar produto TESE0005016 - Message: no such window: target window already closed
from unknown error: web view not found
  (Session info: chrome=143.0.7499.192)
Stacktrace:
#0 0x618fb8d1740a <unknown>
#1 0x618fb874b76b <unknown>
#2 0x618fb87206d0 <unknown>
#3 0x618fb87cab48 <unknown>
#4 0x618fb87e8191 <unknown>
#5 0x618fb878f7b2 <unknown>
#6 0x618fb8790461 <unknown>
#7 0x618fb8cdfdf9 <unknown>
#8 0x618fb8ce2d5d <unknown>
#9 0x618fb8cc8b41 <unknown>
#10 0x618fb8ce393b <unknown>
#11 0x618fb8caf870 <unknown>
#12 0x618fb8d04828 <unknown>
#13 0x618fb8d049fc <unknown>
#14 0x618fb8d16763 <unknown>
#15 0x7c573a8a3d64 <unknown>
#16 0x7c573a9373bc <unknown>

2026-01-14 13:38:30,903 - ERROR - Erro ao cadastrar produto TESE0003817 - Message: no such window: target window already closed
from unknown error: web view not found
  (Session info: chrome=143.0.7499.192)
Stacktrace:
#0 0x618fb8d1740a <unknown>
#1 0x618fb874b76b <unknown>
#2 0x618fb87206d0 <unknown>
#3 0x618fb87cab48 <unknown>
#4 0x618fb87e8191 <unknown>
#5 0x618fb878f7b2 <unknown>
#6 0x618fb8790461 <unknown>
#7 0x618fb8cdfdf9 <unknown>
#8 0x618fb8ce2d5d <unknown>
#9 0x618fb8cc8b41 <unknown>
#10 0x618fb8ce393b <unknown>
#11 0x618fb8caf870 <unknown>
#12 0x618fb8d04828 <unknown>
#13 0x618fb8d049fc <unknown>
#14 0x618fb8d16763 <unknown>
#15 0x7c573a8a3d64 <unknown>
#16 0x7c573a9373bc <unknown>

2026-01-14 13:38:30,909 - ERROR - Erro ao cadastrar produto TESE0005018 - Message: no such window: target window already closed
from unknown error: web view not found
  (Session info: chrome=143.0.7499.192)
Stacktrace:
#0 0x618fb8d1740a <unknown>
#1 0x618fb874b76b <unknown>
#2 0x618fb87206d0 <unknown>
#3 0x618fb87cab48 <unknown>
#4 0x618fb87e8191 <unknown>
#5 0x618fb878f7b2 <unknown>
#6 0x618fb8790461 <unknown>
#7 0x618fb8cdfdf9 <unknown>
#8 0x618fb8ce2d5d <unknown>
#9 0x618fb8cc8b41 <unknown>
#10 0x618fb8ce393b <unknown>
#11 0x618fb8caf870 <unknown>
#12 0x618fb8d04828 <unknown>
#13 0x618fb8d049fc <unknown>
#14 0x618fb8d16763 <unknown>
#15 0x7c573a8a3d64 <unknown>
#16 0x7c573a9373bc <unknown>

2026-01-14 13:38:30,915 - ERROR - Erro ao cadastrar produto TEPH0004019 - Message: no such window: target window already closed
from unknown error: web view not found
  (Session info: chrome=143.0.7499.192)
Stacktrace:
#0 0x618fb8d1740a <unknown>
#1 0x618fb874b76b <unknown>
#2 0x618fb87206d0 <unknown>
#3 0x618fb87cab48 <unknown>
#4 0x618fb87e8191 <unknown>
#5 0x618fb878f7b2 <unknown>
#6 0x618fb8790461 <unknown>
#7 0x618fb8cdfdf9 <unknown>
#8 0x618fb8ce2d5d <unknown>
#9 0x618fb8cc8b41 <unknown>
#10 0x618fb8ce393b <unknown>
#11 0x618fb8caf870 <unknown>
#12 0x618fb8d04828 <unknown>
#13 0x618fb8d049fc <unknown>
#14 0x618fb8d16763 <unknown>
#15 0x7c573a8a3d64 <unknown>
#16 0x7c573a9373bc <unknown>

2026-01-14 13:38:30,920 - ERROR - Erro ao cadastrar produto TEPH0002720 - Message: no such window: target window already closed
from unknown error: web view not found
  (Session info: chrome=143.0.7499.192)
Stacktrace:
#0 0x618fb8d1740a <unknown>
#1 0x618fb874b76b <unknown>
#2 0x618fb87206d0 <unknown>
#3 0x618fb87cab48 <unknown>
#4 0x618fb87e8191 <unknown>
#5 0x618fb878f7b2 <unknown>
#6 0x618fb8790461 <unknown>
#7 0x618fb8cdfdf9 <unknown>
#8 0x618fb8ce2d5d <unknown>
#9 0x618fb8cc8b41 <unknown>
#10 0x618fb8ce393b <unknown>
#11 0x618fb8caf870 <unknown>
#12 0x618fb8d04828 <unknown>
#13 0x618fb8d049fc <unknown>
#14 0x618fb8d16763 <unknown>
#15 0x7c573a8a3d64 <unknown>
#16 0x7c573a9373bc <unknown>

2026-01-14 13:38:30,927 - ERROR - Erro ao cadastrar produto TETC0001521 - Message: no such window: target window already closed
from unknown error: web view not found
  (Session info: chrome=143.0.7499.192)
Stacktrace:
#0 0x618fb8d1740a <unknown>
#1 0x618fb874b76b <unknown>
#2 0x618fb87206d0 <unknown>
#3 0x618fb87cab48 <unknown>
#4 0x618fb87e8191 <unknown>
#5 0x618fb878f7b2 <unknown>
#6 0x618fb8790461 <unknown>
#7 0x618fb8cdfdf9 <unknown>
#8 0x618fb8ce2d5d <unknown>
#9 0x618fb8cc8b41 <unknown>
#10 0x618fb8ce393b <unknown>
#11 0x618fb8caf870 <unknown>
#12 0x618fb8d04828 <unknown>
#13 0x618fb8d049fc <unknown>
#14 0x618fb8d16763 <unknown>
#15 0x7c573a8a3d64 <unknown>
#16 0x7c573a9373bc <unknown>

2026-01-14 13:38:30,932 - ERROR - Erro ao cadastrar produto TETC0002222 - Message: no such window: target window already closed
from unknown error: web view not found
  (Session info: chrome=143.0.7499.192)
Stacktrace:
#0 0x618fb8d1740a <unknown>
#1 0x618fb874b76b <unknown>
#2 0x618fb87206d0 <unknown>
#3 0x618fb87cab48 <unknown>
#4 0x618fb87e8191 <unknown>
#5 0x618fb878f7b2 <unknown>
#6 0x618fb8790461 <unknown>
#7 0x618fb8cdfdf9 <unknown>
#8 0x618fb8ce2d5d <unknown>
#9 0x618fb8cc8b41 <unknown>
#10 0x618fb8ce393b <unknown>
#11 0x618fb8caf870 <unknown>
#12 0x618fb8d04828 <unknown>
#13 0x618fb8d049fc <unknown>
#14 0x618fb8d16763 <unknown>
#15 0x7c573a8a3d64 <unknown>
#16 0x7c573a9373bc <unknown>

2026-01-14 13:38:30,937 - ERROR - Erro ao cadastrar produto REGA000441 - Message: no such window: target window already closed
from unknown error: web view not found
  (Session info: chrome=143.0.7499.192)
Stacktrace:
#0 0x618fb8d1740a <unknown>
#1 0x618fb874b76b <unknown>
#2 0x618fb87206d0 <unknown>
#3 0x618fb87cab48 <unknown>
#4 0x618fb87e8191 <unknown>
#5 0x618fb878f7b2 <unknown>
#6 0x618fb8790461 <unknown>
#7 0x618fb8cdfdf9 <unknown>
#8 0x618fb8ce2d5d <unknown>
#9 0x618fb8cc8b41 <unknown>
#10 0x618fb8ce393b <unknown>
#11 0x618fb8caf870 <unknown>
#12 0x618fb8d04828 <unknown>
#13 0x618fb8d049fc <unknown>
#14 0x618fb8d16763 <unknown>
#15 0x7c573a8a3d64 <unknown>
#16 0x7c573a9373bc <unknown>

2026-01-14 13:38:30,943 - ERROR - Erro ao cadastrar produto REGA000722 - Message: no such window: target window already closed
from unknown error: web view not found
  (Session info: chrome=143.0.7499.192)
Stacktrace:
#0 0x618fb8d1740a <unknown>
#1 0x618fb874b76b <unknown>
#2 0x618fb87206d0 <unknown>
#3 0x618fb87cab48 <unknown>
#4 0x618fb87e8191 <unknown>
#5 0x618fb878f7b2 <unknown>
#6 0x618fb8790461 <unknown>
#7 0x618fb8cdfdf9 <unknown>
#8 0x618fb8ce2d5d <unknown>
#9 0x618fb8cc8b41 <unknown>
#10 0x618fb8ce393b <unknown>
#11 0x618fb8caf870 <unknown>
#12 0x618fb8d04828 <unknown>
#13 0x618fb8d049fc <unknown>
#14 0x618fb8d16763 <unknown>
#15 0x7c573a8a3d64 <unknown>
#16 0x7c573a9373bc <unknown>

2026-01-14 13:38:30,949 - ERROR - Erro ao cadastrar produto REXI000463 - Message: no such window: target window already closed
from unknown error: web view not found
  (Session info: chrome=143.0.7499.192)
Stacktrace:
#0 0x618fb8d1740a <unknown>
#1 0x618fb874b76b <unknown>
#2 0x618fb87206d0 <unknown>
#3 0x618fb87cab48 <unknown>
#4 0x618fb87e8191 <unknown>
#5 0x618fb878f7b2 <unknown>
#6 0x618fb8790461 <unknown>
#7 0x618fb8cdfdf9 <unknown>
#8 0x618fb8ce2d5d <unknown>
#9 0x618fb8cc8b41 <unknown>
#10 0x618fb8ce393b <unknown>
#11 0x618fb8caf870 <unknown>
#12 0x618fb8d04828 <unknown>
#13 0x618fb8d049fc <unknown>
#14 0x618fb8d16763 <unknown>
#15 0x7c573a8a3d64 <unknown>
#16 0x7c573a9373bc <unknown>

2026-01-14 13:38:30,953 - ERROR - Erro ao cadastrar produto REXI000744 - Message: no such window: target window already closed
from unknown error: web view not found
  (Session info: chrome=143.0.7499.192)
Stacktrace:
#0 0x618fb8d1740a <unknown>
#1 0x618fb874b76b <unknown>
#2 0x618fb87206d0 <unknown>
#3 0x618fb87cab48 <unknown>
#4 0x618fb87e8191 <unknown>
#5 0x618fb878f7b2 <unknown>
#6 0x618fb8790461 <unknown>
#7 0x618fb8cdfdf9 <unknown>
#8 0x618fb8ce2d5d <unknown>
#9 0x618fb8cc8b41 <unknown>
#10 0x618fb8ce393b <unknown>
#11 0x618fb8caf870 <unknown>
#12 0x618fb8d04828 <unknown>
#13 0x618fb8d049fc <unknown>
#14 0x618fb8d16763 <unknown>
#15 0x7c573a8a3d64 <unknown>
#16 0x7c573a9373bc <unknown>

2026-01-14 13:38:30,959 - ERROR - Erro ao cadastrar produto REXI000365 - Message: no such window: target window already closed
from unknown error: web view not found
  (Session info: chrome=143.0.7499.192)
Stacktrace:
#0 0x618fb8d1740a <unknown>
#1 0x618fb874b76b <unknown>
#2 0x618fb87206d0 <unknown>
#3 0x618fb87cab48 <unknown>
#4 0x618fb87e8191 <unknown>
#5 0x618fb878f7b2 <unknown>
#6 0x618fb8790461 <unknown>
#7 0x618fb8cdfdf9 <unknown>
#8 0x618fb8ce2d5d <unknown>
#9 0x618fb8cc8b41 <unknown>
#10 0x618fb8ce393b <unknown>
#11 0x618fb8caf870 <unknown>
#12 0x618fb8d04828 <unknown>
#13 0x618fb8d049fc <unknown>
#14 0x618fb8d16763 <unknown>
#15 0x7c573a8a3d64 <unknown>
#16 0x7c573a9373bc <unknown>

2026-01-14 13:38:30,965 - ERROR - Erro ao cadastrar produto REXI000116 - Message: no such window: target window already closed
from unknown error: web view not found
  (Session info: chrome=143.0.7499.192)
Stacktrace:
#0 0x618fb8d1740a <unknown>
#1 0x618fb874b76b <unknown>
#2 0x618fb87206d0 <unknown>
#3 0x618fb87cab48 <unknown>
#4 0x618fb87e8191 <unknown>
#5 0x618fb878f7b2 <unknown>
#6 0x618fb8790461 <unknown>
#7 0x618fb8cdfdf9 <unknown>
#8 0x618fb8ce2d5d <unknown>
#9 0x618fb8cc8b41 <unknown>
#10 0x618fb8ce393b <unknown>
#11 0x618fb8caf870 <unknown>
#12 0x618fb8d04828 <unknown>
#13 0x618fb8d049fc <unknown>
#14 0x618fb8d16763 <unknown>
#15 0x7c573a8a3d64 <unknown>
#16 0x7c573a9373bc <unknown>

2026-01-14 13:38:30,969 - ERROR - Erro ao cadastrar produto RESA000287 - Message: no such window: target window already closed
from unknown error: web view not found
  (Session info: chrome=143.0.7499.192)
Stacktrace:
#0 0x618fb8d1740a <unknown>
#1 0x618fb874b76b <unknown>
#2 0x618fb87206d0 <unknown>
#3 0x618fb87cab48 <unknown>
#4 0x618fb87e8191 <unknown>
#5 0x618fb878f7b2 <unknown>
#6 0x618fb8790461 <unknown>
#7 0x618fb8cdfdf9 <unknown>
#8 0x618fb8ce2d5d <unknown>
#9 0x618fb8cc8b41 <unknown>
#10 0x618fb8ce393b <unknown>
#11 0x618fb8caf870 <unknown>
#12 0x618fb8d04828 <unknown>
#13 0x618fb8d049fc <unknown>
#14 0x618fb8d16763 <unknown>
#15 0x7c573a8a3d64 <unknown>
#16 0x7c573a9373bc <unknown>

2026-01-14 13:38:30,974 - ERROR - Erro ao cadastrar produto RESA000298 - Message: no such window: target window already closed
from unknown error: web view not found
  (Session info: chrome=143.0.7499.192)
Stacktrace:
#0 0x618fb8d1740a <unknown>
#1 0x618fb874b76b <unknown>
#2 0x618fb87206d0 <unknown>
#3 0x618fb87cab48 <unknown>
#4 0x618fb87e8191 <unknown>
#5 0x618fb878f7b2 <unknown>
#6 0x618fb8790461 <unknown>
#7 0x618fb8cdfdf9 <unknown>
#8 0x618fb8ce2d5d <unknown>
#9 0x618fb8cc8b41 <unknown>
#10 0x618fb8ce393b <unknown>
#11 0x618fb8caf870 <unknown>
#12 0x618fb8d04828 <unknown>
#13 0x618fb8d049fc <unknown>
#14 0x618fb8d16763 <unknown>
#15 0x7c573a8a3d64 <unknown>
#16 0x7c573a9373bc <unknown>

2026-01-14 13:38:30,979 - ERROR - Erro ao cadastrar produto RESA000389 - Message: no such window: target window already closed
from unknown error: web view not found
  (Session info: chrome=143.0.7499.192)
Stacktrace:
#0 0x618fb8d1740a <unknown>
#1 0x618fb874b76b <unknown>
#2 0x618fb87206d0 <unknown>
#3 0x618fb87cab48 <unknown>
#4 0x618fb87e8191 <unknown>
#5 0x618fb878f7b2 <unknown>
#6 0x618fb8790461 <unknown>
#7 0x618fb8cdfdf9 <unknown>
#8 0x618fb8ce2d5d <unknown>
#9 0x618fb8cc8b41 <unknown>
#10 0x618fb8ce393b <unknown>
#11 0x618fb8caf870 <unknown>
#12 0x618fb8d04828 <unknown>
#13 0x618fb8d049fc <unknown>
#14 0x618fb8d16763 <unknown>
#15 0x7c573a8a3d64 <unknown>
#16 0x7c573a9373bc <unknown>

2026-01-14 13:38:30,984 - ERROR - Erro ao cadastrar produto RESA0003210 - Message: no such window: target window already closed
from unknown error: web view not found
  (Session info: chrome=143.0.7499.192)
Stacktrace:
#0 0x618fb8d1740a <unknown>
#1 0x618fb874b76b <unknown>
#2 0x618fb87206d0 <unknown>
#3 0x618fb87cab48 <unknown>
#4 0x618fb87e8191 <unknown>
#5 0x618fb878f7b2 <unknown>
#6 0x618fb8790461 <unknown>
#7 0x618fb8cdfdf9 <unknown>
#8 0x618fb8ce2d5d <unknown>
#9 0x618fb8cc8b41 <unknown>
#10 0x618fb8ce393b <unknown>
#11 0x618fb8caf870 <unknown>
#12 0x618fb8d04828 <unknown>
#13 0x618fb8d049fc <unknown>
#14 0x618fb8d16763 <unknown>
#15 0x7c573a8a3d64 <unknown>
#16 0x7c573a9373bc <unknown>

2026-01-14 13:38:30,988 - ERROR - Erro ao cadastrar produto CEAP000101 - Message: no such window: target window already closed
from unknown error: web view not found
  (Session info: chrome=143.0.7499.192)
Stacktrace:
#0 0x618fb8d1740a <unknown>
#1 0x618fb874b76b <unknown>
#2 0x618fb87206d0 <unknown>
#3 0x618fb87cab48 <unknown>
#4 0x618fb87e8191 <unknown>
#5 0x618fb878f7b2 <unknown>
#6 0x618fb8790461 <unknown>
#7 0x618fb8cdfdf9 <unknown>
#8 0x618fb8ce2d5d <unknown>
#9 0x618fb8cc8b41 <unknown>
#10 0x618fb8ce393b <unknown>
#11 0x618fb8caf870 <unknown>
#12 0x618fb8d04828 <unknown>
#13 0x618fb8d049fc <unknown>
#14 0x618fb8d16763 <unknown>
#15 0x7c573a8a3d64 <unknown>
#16 0x7c573a9373bc <unknown>

2026-01-14 13:38:30,994 - ERROR - Erro ao cadastrar produto CEAP000112 - Message: no such window: target window already closed
from unknown error: web view not found
  (Session info: chrome=143.0.7499.192)
Stacktrace:
#0 0x618fb8d1740a <unknown>
#1 0x618fb874b76b <unknown>
#2 0x618fb87206d0 <unknown>
#3 0x618fb87cab48 <unknown>
#4 0x618fb87e8191 <unknown>
#5 0x618fb878f7b2 <unknown>
#6 0x618fb8790461 <unknown>
#7 0x618fb8cdfdf9 <unknown>
#8 0x618fb8ce2d5d <unknown>
#9 0x618fb8cc8b41 <unknown>
#10 0x618fb8ce393b <unknown>
#11 0x618fb8caf870 <unknown>
#12 0x618fb8d04828 <unknown>
#13 0x618fb8d049fc <unknown>
#14 0x618fb8d16763 <unknown>
#15 0x7c573a8a3d64 <unknown>
#16 0x7c573a9373bc <unknown>

2026-01-14 13:38:30,998 - ERROR - Erro ao cadastrar produto CEAP000133 - Message: no such window: target window already closed
from unknown error: web view not found
  (Session info: chrome=143.0.7499.192)
Stacktrace:
#0 0x618fb8d1740a <unknown>
#1 0x618fb874b76b <unknown>
#2 0x618fb87206d0 <unknown>
#3 0x618fb87cab48 <unknown>
#4 0x618fb87e8191 <unknown>
#5 0x618fb878f7b2 <unknown>
#6 0x618fb8790461 <unknown>
#7 0x618fb8cdfdf9 <unknown>
#8 0x618fb8ce2d5d <unknown>
#9 0x618fb8cc8b41 <unknown>
#10 0x618fb8ce393b <unknown>
#11 0x618fb8caf870 <unknown>
#12 0x618fb8d04828 <unknown>
#13 0x618fb8d049fc <unknown>
#14 0x618fb8d16763 <unknown>
#15 0x7c573a8a3d64 <unknown>
#16 0x7c573a9373bc <unknown>

2026-01-14 13:38:31,003 - ERROR - Erro ao cadastrar produto CEAP000154 - Message: no such window: target window already closed
from unknown error: web view not found
  (Session info: chrome=143.0.7499.192)
Stacktrace:
#0 0x618fb8d1740a <unknown>
#1 0x618fb874b76b <unknown>
#2 0x618fb87206d0 <unknown>
#3 0x618fb87cab48 <unknown>
#4 0x618fb87e8191 <unknown>
#5 0x618fb878f7b2 <unknown>
#6 0x618fb8790461 <unknown>
#7 0x618fb8cdfdf9 <unknown>
#8 0x618fb8ce2d5d <unknown>
#9 0x618fb8cc8b41 <unknown>
#10 0x618fb8ce393b <unknown>
#11 0x618fb8caf870 <unknown>
#12 0x618fb8d04828 <unknown>
#13 0x618fb8d049fc <unknown>
#14 0x618fb8d16763 <unknown>
#15 0x7c573a8a3d64 <unknown>
#16 0x7c573a9373bc <unknown>

2026-01-14 13:38:31,008 - ERROR - Erro ao cadastrar produto CEAP000995 - Message: no such window: target window already closed
from unknown error: web view not found
  (Session info: chrome=143.0.7499.192)
Stacktrace:
#0 0x618fb8d1740a <unknown>
#1 0x618fb874b76b <unknown>
#2 0x618fb87206d0 <unknown>
#3 0x618fb87cab48 <unknown>
#4 0x618fb87e8191 <unknown>
#5 0x618fb878f7b2 <unknown>
#6 0x618fb8790461 <unknown>
#7 0x618fb8cdfdf9 <unknown>
#8 0x618fb8ce2d5d <unknown>
#9 0x618fb8cc8b41 <unknown>
#10 0x618fb8ce393b <unknown>
#11 0x618fb8caf870 <unknown>
#12 0x618fb8d04828 <unknown>
#13 0x618fb8d049fc <unknown>
#14 0x618fb8d16763 <unknown>
#15 0x7c573a8a3d64 <unknown>
#16 0x7c573a9373bc <unknown>

2026-01-14 13:38:31,013 - ERROR - Erro ao cadastrar produto CEAP000106 - Message: no such window: target window already closed
from unknown error: web view not found
  (Session info: chrome=143.0.7499.192)
Stacktrace:
#0 0x618fb8d1740a <unknown>
#1 0x618fb874b76b <unknown>
#2 0x618fb87206d0 <unknown>
#3 0x618fb87cab48 <unknown>
#4 0x618fb87e8191 <unknown>
#5 0x618fb878f7b2 <unknown>
#6 0x618fb8790461 <unknown>
#7 0x618fb8cdfdf9 <unknown>
#8 0x618fb8ce2d5d <unknown>
#9 0x618fb8cc8b41 <unknown>
#10 0x618fb8ce393b <unknown>
#11 0x618fb8caf870 <unknown>
#12 0x618fb8d04828 <unknown>
#13 0x618fb8d049fc <unknown>
#14 0x618fb8d16763 <unknown>
#15 0x7c573a8a3d64 <unknown>
#16 0x7c573a9373bc <unknown>

2026-01-14 13:38:31,018 - ERROR - Erro ao cadastrar produto CEAP000127 - Message: no such window: target window already closed
from unknown error: web view not found
  (Session info: chrome=143.0.7499.192)
Stacktrace:
#0 0x618fb8d1740a <unknown>
#1 0x618fb874b76b <unknown>
#2 0x618fb87206d0 <unknown>
#3 0x618fb87cab48 <unknown>
#4 0x618fb87e8191 <unknown>
#5 0x618fb878f7b2 <unknown>
#6 0x618fb8790461 <unknown>
#7 0x618fb8cdfdf9 <unknown>
#8 0x618fb8ce2d5d <unknown>
#9 0x618fb8cc8b41 <unknown>
#10 0x618fb8ce393b <unknown>
#11 0x618fb8caf870 <unknown>
#12 0x618fb8d04828 <unknown>
#13 0x618fb8d049fc <unknown>
#14 0x618fb8d16763 <unknown>
#15 0x7c573a8a3d64 <unknown>
#16 0x7c573a9373bc <unknown>

2026-01-14 13:38:31,023 - ERROR - Erro ao cadastrar produto CEAP000148 - Message: no such window: target window already closed
from unknown error: web view not found
  (Session info: chrome=143.0.7499.192)
Stacktrace:
#0 0x618fb8d1740a <unknown>
#1 0x618fb874b76b <unknown>
#2 0x618fb87206d0 <unknown>
#3 0x618fb87cab48 <unknown>
#4 0x618fb87e8191 <unknown>
#5 0x618fb878f7b2 <unknown>
#6 0x618fb8790461 <unknown>
#7 0x618fb8cdfdf9 <unknown>
#8 0x618fb8ce2d5d <unknown>
#9 0x618fb8cc8b41 <unknown>
#10 0x618fb8ce393b <unknown>
#11 0x618fb8caf870 <unknown>
#12 0x618fb8d04828 <unknown>
#13 0x618fb8d049fc <unknown>
#14 0x618fb8d16763 <unknown>
#15 0x7c573a8a3d64 <unknown>
#16 0x7c573a9373bc <unknown>

2026-01-14 13:38:31,028 - ERROR - Erro ao cadastrar produto CEAP000799 - Message: no such window: target window already closed
from unknown error: web view not found
  (Session info: chrome=143.0.7499.192)
Stacktrace:
#0 0x618fb8d1740a <unknown>
#1 0x618fb874b76b <unknown>
#2 0x618fb87206d0 <unknown>
#3 0x618fb87cab48 <unknown>
#4 0x618fb87e8191 <unknown>
#5 0x618fb878f7b2 <unknown>
#6 0x618fb8790461 <unknown>
#7 0x618fb8cdfdf9 <unknown>
#8 0x618fb8ce2d5d <unknown>
#9 0x618fb8cc8b41 <unknown>
#10 0x618fb8ce393b <unknown>
#11 0x618fb8caf870 <unknown>
#12 0x618fb8d04828 <unknown>
#13 0x618fb8d049fc <unknown>
#14 0x618fb8d16763 <unknown>
#15 0x7c573a8a3d64 <unknown>
#16 0x7c573a9373bc <unknown>

2026-01-14 13:38:31,033 - ERROR - Erro ao cadastrar produto CEAP0008910 - Message: no such window: target window already closed
from unknown error: web view not found
  (Session info: chrome=143.0.7499.192)
Stacktrace:
#0 0x618fb8d1740a <unknown>
#1 0x618fb874b76b <unknown>
#2 0x618fb87206d0 <unknown>
#3 0x618fb87cab48 <unknown>
#4 0x618fb87e8191 <unknown>
#5 0x618fb878f7b2 <unknown>
#6 0x618fb8790461 <unknown>
#7 0x618fb8cdfdf9 <unknown>
#8 0x618fb8ce2d5d <unknown>
#9 0x618fb8cc8b41 <unknown>
#10 0x618fb8ce393b <unknown>
#11 0x618fb8caf870 <unknown>
#12 0x618fb8d04828 <unknown>
#13 0x618fb8d049fc <unknown>
#14 0x618fb8d16763 <unknown>
#15 0x7c573a8a3d64 <unknown>
#16 0x7c573a9373bc <unknown>

2026-01-14 13:38:31,039 - ERROR - Erro ao cadastrar produto CEAP0001011 - Message: no such window: target window already closed
from unknown error: web view not found
  (Session info: chrome=143.0.7499.192)
Stacktrace:
#0 0x618fb8d1740a <unknown>
#1 0x618fb874b76b <unknown>
#2 0x618fb87206d0 <unknown>
#3 0x618fb87cab48 <unknown>
#4 0x618fb87e8191 <unknown>
#5 0x618fb878f7b2 <unknown>
#6 0x618fb8790461 <unknown>
#7 0x618fb8cdfdf9 <unknown>
#8 0x618fb8ce2d5d <unknown>
#9 0x618fb8cc8b41 <unknown>
#10 0x618fb8ce393b <unknown>
#11 0x618fb8caf870 <unknown>
#12 0x618fb8d04828 <unknown>
#13 0x618fb8d049fc <unknown>
#14 0x618fb8d16763 <unknown>
#15 0x7c573a8a3d64 <unknown>
#16 0x7c573a9373bc <unknown>

2026-01-14 13:38:31,044 - ERROR - Erro ao cadastrar produto CEAP0006912 - Message: no such window: target window already closed
from unknown error: web view not found
  (Session info: chrome=143.0.7499.192)
Stacktrace:
#0 0x618fb8d1740a <unknown>
#1 0x618fb874b76b <unknown>
#2 0x618fb87206d0 <unknown>
#3 0x618fb87cab48 <unknown>
#4 0x618fb87e8191 <unknown>
#5 0x618fb878f7b2 <unknown>
#6 0x618fb8790461 <unknown>
#7 0x618fb8cdfdf9 <unknown>
#8 0x618fb8ce2d5d <unknown>
#9 0x618fb8cc8b41 <unknown>
#10 0x618fb8ce393b <unknown>
#11 0x618fb8caf870 <unknown>
#12 0x618fb8d04828 <unknown>
#13 0x618fb8d049fc <unknown>
#14 0x618fb8d16763 <unknown>
#15 0x7c573a8a3d64 <unknown>
#16 0x7c573a9373bc <unknown>

2026-01-14 13:38:31,049 - ERROR - Erro ao cadastrar produto CEAP0007913 - Message: no such window: target window already closed
from unknown error: web view not found
  (Session info: chrome=143.0.7499.192)
Stacktrace:
#0 0x618fb8d1740a <unknown>
#1 0x618fb874b76b <unknown>
#2 0x618fb87206d0 <unknown>
#3 0x618fb87cab48 <unknown>
#4 0x618fb87e8191 <unknown>
#5 0x618fb878f7b2 <unknown>
#6 0x618fb8790461 <unknown>
#7 0x618fb8cdfdf9 <unknown>
#8 0x618fb8ce2d5d <unknown>
#9 0x618fb8cc8b41 <unknown>
#10 0x618fb8ce393b <unknown>
#11 0x618fb8caf870 <unknown>
#12 0x618fb8d04828 <unknown>
#13 0x618fb8d049fc <unknown>
#14 0x618fb8d16763 <unknown>
#15 0x7c573a8a3d64 <unknown>
#16 0x7c573a9373bc <unknown>

2026-01-14 13:38:31,055 - ERROR - Erro ao cadastrar produto CEAP0009914 - Message: no such window: target window already closed
from unknown error: web view not found
  (Session info: chrome=143.0.7499.192)
Stacktrace:
#0 0x618fb8d1740a <unknown>
#1 0x618fb874b76b <unknown>
#2 0x618fb87206d0 <unknown>
#3 0x618fb87cab48 <unknown>
#4 0x618fb87e8191 <unknown>
#5 0x618fb878f7b2 <unknown>
#6 0x618fb8790461 <unknown>
#7 0x618fb8cdfdf9 <unknown>
#8 0x618fb8ce2d5d <unknown>
#9 0x618fb8cc8b41 <unknown>
#10 0x618fb8ce393b <unknown>
#11 0x618fb8caf870 <unknown>
#12 0x618fb8d04828 <unknown>
#13 0x618fb8d049fc <unknown>
#14 0x618fb8d16763 <unknown>
#15 0x7c573a8a3d64 <unknown>
#16 0x7c573a9373bc <unknown>

2026-01-14 13:38:31,060 - ERROR - Erro ao cadastrar produto CEAP0004215 - Message: no such window: target window already closed
from unknown error: web view not found
  (Session info: chrome=143.0.7499.192)
Stacktrace:
#0 0x618fb8d1740a <unknown>
#1 0x618fb874b76b <unknown>
#2 0x618fb87206d0 <unknown>
#3 0x618fb87cab48 <unknown>
#4 0x618fb87e8191 <unknown>
#5 0x618fb878f7b2 <unknown>
#6 0x618fb8790461 <unknown>
#7 0x618fb8cdfdf9 <unknown>
#8 0x618fb8ce2d5d <unknown>
#9 0x618fb8cc8b41 <unknown>
#10 0x618fb8ce393b <unknown>
#11 0x618fb8caf870 <unknown>
#12 0x618fb8d04828 <unknown>
#13 0x618fb8d049fc <unknown>
#14 0x618fb8d16763 <unknown>
#15 0x7c573a8a3d64 <unknown>
#16 0x7c573a9373bc <unknown>

2026-01-14 13:38:31,066 - ERROR - Erro ao cadastrar produto CEAP0004716 - Message: no such window: target window already closed
from unknown error: web view not found
  (Session info: chrome=143.0.7499.192)
Stacktrace:
#0 0x618fb8d1740a <unknown>
#1 0x618fb874b76b <unknown>
#2 0x618fb87206d0 <unknown>
#3 0x618fb87cab48 <unknown>
#4 0x618fb87e8191 <unknown>
#5 0x618fb878f7b2 <unknown>
#6 0x618fb8790461 <unknown>
#7 0x618fb8cdfdf9 <unknown>
#8 0x618fb8ce2d5d <unknown>
#9 0x618fb8cc8b41 <unknown>
#10 0x618fb8ce393b <unknown>
#11 0x618fb8caf870 <unknown>
#12 0x618fb8d04828 <unknown>
#13 0x618fb8d049fc <unknown>
#14 0x618fb8d16763 <unknown>
#15 0x7c573a8a3d64 <unknown>
#16 0x7c573a9373bc <unknown>

2026-01-14 13:38:31,071 - ERROR - Erro ao cadastrar produto CEAP0005717 - Message: no such window: target window already closed
from unknown error: web view not found
  (Session info: chrome=143.0.7499.192)
Stacktrace:
#0 0x618fb8d1740a <unknown>
#1 0x618fb874b76b <unknown>
#2 0x618fb87206d0 <unknown>
#3 0x618fb87cab48 <unknown>
#4 0x618fb87e8191 <unknown>
#5 0x618fb878f7b2 <unknown>
#6 0x618fb8790461 <unknown>
#7 0x618fb8cdfdf9 <unknown>
#8 0x618fb8ce2d5d <unknown>
#9 0x618fb8cc8b41 <unknown>
#10 0x618fb8ce393b <unknown>
#11 0x618fb8caf870 <unknown>
#12 0x618fb8d04828 <unknown>
#13 0x618fb8d049fc <unknown>
#14 0x618fb8d16763 <unknown>
#15 0x7c573a8a3d64 <unknown>
#16 0x7c573a9373bc <unknown>

2026-01-14 13:38:31,076 - ERROR - Erro ao cadastrar produto CEAP0009418 - Message: no such window: target window already closed
from unknown error: web view not found
  (Session info: chrome=143.0.7499.192)
Stacktrace:
#0 0x618fb8d1740a <unknown>
#1 0x618fb874b76b <unknown>
#2 0x618fb87206d0 <unknown>
#3 0x618fb87cab48 <unknown>
#4 0x618fb87e8191 <unknown>
#5 0x618fb878f7b2 <unknown>
#6 0x618fb8790461 <unknown>
#7 0x618fb8cdfdf9 <unknown>
#8 0x618fb8ce2d5d <unknown>
#9 0x618fb8cc8b41 <unknown>
#10 0x618fb8ce393b <unknown>
#11 0x618fb8caf870 <unknown>
#12 0x618fb8d04828 <unknown>
#13 0x618fb8d049fc <unknown>
#14 0x618fb8d16763 <unknown>
#15 0x7c573a8a3d64 <unknown>
#16 0x7c573a9373bc <unknown>

2026-01-14 13:38:31,081 - ERROR - Erro ao cadastrar produto CEAP0001019 - Message: no such window: target window already closed
from unknown error: web view not found
  (Session info: chrome=143.0.7499.192)
Stacktrace:
#0 0x618fb8d1740a <unknown>
#1 0x618fb874b76b <unknown>
#2 0x618fb87206d0 <unknown>
#3 0x618fb87cab48 <unknown>
#4 0x618fb87e8191 <unknown>
#5 0x618fb878f7b2 <unknown>
#6 0x618fb8790461 <unknown>
#7 0x618fb8cdfdf9 <unknown>
#8 0x618fb8ce2d5d <unknown>
#9 0x618fb8cc8b41 <unknown>
#10 0x618fb8ce393b <unknown>
#11 0x618fb8caf870 <unknown>
#12 0x618fb8d04828 <unknown>
#13 0x618fb8d049fc <unknown>
#14 0x618fb8d16763 <unknown>
#15 0x7c573a8a3d64 <unknown>
#16 0x7c573a9373bc <unknown>

2026-01-14 13:38:31,086 - ERROR - Erro ao cadastrar produto CEAP0001220 - Message: no such window: target window already closed
from unknown error: web view not found
  (Session info: chrome=143.0.7499.192)
Stacktrace:
#0 0x618fb8d1740a <unknown>
#1 0x618fb874b76b <unknown>
#2 0x618fb87206d0 <unknown>
#3 0x618fb87cab48 <unknown>
#4 0x618fb87e8191 <unknown>
#5 0x618fb878f7b2 <unknown>
#6 0x618fb8790461 <unknown>
#7 0x618fb8cdfdf9 <unknown>
#8 0x618fb8ce2d5d <unknown>
#9 0x618fb8cc8b41 <unknown>
#10 0x618fb8ce393b <unknown>
#11 0x618fb8caf870 <unknown>
#12 0x618fb8d04828 <unknown>
#13 0x618fb8d049fc <unknown>
#14 0x618fb8d16763 <unknown>
#15 0x7c573a8a3d64 <unknown>
#16 0x7c573a9373bc <unknown>

2026-01-14 13:38:31,091 - ERROR - Erro ao cadastrar produto CEAP0001421 - Message: no such window: target window already closed
from unknown error: web view not found
  (Session info: chrome=143.0.7499.192)
Stacktrace:
#0 0x618fb8d1740a <unknown>
#1 0x618fb874b76b <unknown>
#2 0x618fb87206d0 <unknown>
#3 0x618fb87cab48 <unknown>
#4 0x618fb87e8191 <unknown>
#5 0x618fb878f7b2 <unknown>
#6 0x618fb8790461 <unknown>
#7 0x618fb8cdfdf9 <unknown>
#8 0x618fb8ce2d5d <unknown>
#9 0x618fb8cc8b41 <unknown>
#10 0x618fb8ce393b <unknown>
#11 0x618fb8caf870 <unknown>
#12 0x618fb8d04828 <unknown>
#13 0x618fb8d049fc <unknown>
#14 0x618fb8d16763 <unknown>
#15 0x7c573a8a3d64 <unknown>
#16 0x7c573a9373bc <unknown>

2026-01-14 13:38:31,096 - ERROR - Erro ao cadastrar produto CEAP0008422 - Message: no such window: target window already closed
from unknown error: web view not found
  (Session info: chrome=143.0.7499.192)
Stacktrace:
#0 0x618fb8d1740a <unknown>
#1 0x618fb874b76b <unknown>
#2 0x618fb87206d0 <unknown>
#3 0x618fb87cab48 <unknown>
#4 0x618fb87e8191 <unknown>
#5 0x618fb878f7b2 <unknown>
#6 0x618fb8790461 <unknown>
#7 0x618fb8cdfdf9 <unknown>
#8 0x618fb8ce2d5d <unknown>
#9 0x618fb8cc8b41 <unknown>
#10 0x618fb8ce393b <unknown>
#11 0x618fb8caf870 <unknown>
#12 0x618fb8d04828 <unknown>
#13 0x618fb8d049fc <unknown>
#14 0x618fb8d16763 <unknown>
#15 0x7c573a8a3d64 <unknown>
#16 0x7c573a9373bc <unknown>

2026-01-14 13:38:31,101 - ERROR - Erro ao cadastrar produto CEAP0009423 - Message: no such window: target window already closed
from unknown error: web view not found
  (Session info: chrome=143.0.7499.192)
Stacktrace:
#0 0x618fb8d1740a <unknown>
#1 0x618fb874b76b <unknown>
#2 0x618fb87206d0 <unknown>
#3 0x618fb87cab48 <unknown>
#4 0x618fb87e8191 <unknown>
#5 0x618fb878f7b2 <unknown>
#6 0x618fb8790461 <unknown>
#7 0x618fb8cdfdf9 <unknown>
#8 0x618fb8ce2d5d <unknown>
#9 0x618fb8cc8b41 <unknown>
#10 0x618fb8ce393b <unknown>
#11 0x618fb8caf870 <unknown>
#12 0x618fb8d04828 <unknown>
#13 0x618fb8d049fc <unknown>
#14 0x618fb8d16763 <unknown>
#15 0x7c573a8a3d64 <unknown>
#16 0x7c573a9373bc <unknown>

2026-01-14 13:38:31,106 - ERROR - Erro ao cadastrar produto CEAP0001124 - Message: no such window: target window already closed
from unknown error: web view not found
  (Session info: chrome=143.0.7499.192)
Stacktrace:
#0 0x618fb8d1740a <unknown>
#1 0x618fb874b76b <unknown>
#2 0x618fb87206d0 <unknown>
#3 0x618fb87cab48 <unknown>
#4 0x618fb87e8191 <unknown>
#5 0x618fb878f7b2 <unknown>
#6 0x618fb8790461 <unknown>
#7 0x618fb8cdfdf9 <unknown>
#8 0x618fb8ce2d5d <unknown>
#9 0x618fb8cc8b41 <unknown>
#10 0x618fb8ce393b <unknown>
#11 0x618fb8caf870 <unknown>
#12 0x618fb8d04828 <unknown>
#13 0x618fb8d049fc <unknown>
#14 0x618fb8d16763 <unknown>
#15 0x7c573a8a3d64 <unknown>
#16 0x7c573a9373bc <unknown>

2026-01-14 13:38:31,110 - ERROR - Erro ao cadastrar produto CEAP0001325 - Message: no such window: target window already closed
from unknown error: web view not found
  (Session info: chrome=143.0.7499.192)
Stacktrace:
#0 0x618fb8d1740a <unknown>
#1 0x618fb874b76b <unknown>
#2 0x618fb87206d0 <unknown>
#3 0x618fb87cab48 <unknown>
#4 0x618fb87e8191 <unknown>
#5 0x618fb878f7b2 <unknown>
#6 0x618fb8790461 <unknown>
#7 0x618fb8cdfdf9 <unknown>
#8 0x618fb8ce2d5d <unknown>
#9 0x618fb8cc8b41 <unknown>
#10 0x618fb8ce393b <unknown>
#11 0x618fb8caf870 <unknown>
#12 0x618fb8d04828 <unknown>
#13 0x618fb8d049fc <unknown>
#14 0x618fb8d16763 <unknown>
#15 0x7c573a8a3d64 <unknown>
#16 0x7c573a9373bc <unknown>

2026-01-14 13:38:31,115 - ERROR - Erro ao cadastrar produto CEAP0006426 - Message: no such window: target window already closed
from unknown error: web view not found
  (Session info: chrome=143.0.7499.192)
Stacktrace:
#0 0x618fb8d1740a <unknown>
#1 0x618fb874b76b <unknown>
#2 0x618fb87206d0 <unknown>
#3 0x618fb87cab48 <unknown>
#4 0x618fb87e8191 <unknown>
#5 0x618fb878f7b2 <unknown>
#6 0x618fb8790461 <unknown>
#7 0x618fb8cdfdf9 <unknown>
#8 0x618fb8ce2d5d <unknown>
#9 0x618fb8cc8b41 <unknown>
#10 0x618fb8ce393b <unknown>
#11 0x618fb8caf870 <unknown>
#12 0x618fb8d04828 <unknown>
#13 0x618fb8d049fc <unknown>
#14 0x618fb8d16763 <unknown>
#15 0x7c573a8a3d64 <unknown>
#16 0x7c573a9373bc <unknown>

2026-01-14 13:38:31,120 - ERROR - Erro ao cadastrar produto CEAP0007427 - Message: no such window: target window already closed
from unknown error: web view not found
  (Session info: chrome=143.0.7499.192)
Stacktrace:
#0 0x618fb8d1740a <unknown>
#1 0x618fb874b76b <unknown>
#2 0x618fb87206d0 <unknown>
#3 0x618fb87cab48 <unknown>
#4 0x618fb87e8191 <unknown>
#5 0x618fb878f7b2 <unknown>
#6 0x618fb8790461 <unknown>
#7 0x618fb8cdfdf9 <unknown>
#8 0x618fb8ce2d5d <unknown>
#9 0x618fb8cc8b41 <unknown>
#10 0x618fb8ce393b <unknown>
#11 0x618fb8caf870 <unknown>
#12 0x618fb8d04828 <unknown>
#13 0x618fb8d049fc <unknown>
#14 0x618fb8d16763 <unknown>
#15 0x7c573a8a3d64 <unknown>
#16 0x7c573a9373bc <unknown>

2026-01-14 13:38:31,124 - ERROR - Erro ao cadastrar produto CEAP0009428 - Message: no such window: target window already closed
from unknown error: web view not found
  (Session info: chrome=143.0.7499.192)
Stacktrace:
#0 0x618fb8d1740a <unknown>
#1 0x618fb874b76b <unknown>
#2 0x618fb87206d0 <unknown>
#3 0x618fb87cab48 <unknown>
#4 0x618fb87e8191 <unknown>
#5 0x618fb878f7b2 <unknown>
#6 0x618fb8790461 <unknown>
#7 0x618fb8cdfdf9 <unknown>
#8 0x618fb8ce2d5d <unknown>
#9 0x618fb8cc8b41 <unknown>
#10 0x618fb8ce393b <unknown>
#11 0x618fb8caf870 <unknown>
#12 0x618fb8d04828 <unknown>
#13 0x618fb8d049fc <unknown>
#14 0x618fb8d16763 <unknown>
#15 0x7c573a8a3d64 <unknown>
#16 0x7c573a9373bc <unknown>

2026-01-14 13:38:31,129 - ERROR - Erro ao cadastrar produto CEAP0005429 - Message: no such window: target window already closed
from unknown error: web view not found
  (Session info: chrome=143.0.7499.192)
Stacktrace:
#0 0x618fb8d1740a <unknown>
#1 0x618fb874b76b <unknown>
#2 0x618fb87206d0 <unknown>
#3 0x618fb87cab48 <unknown>
#4 0x618fb87e8191 <unknown>
#5 0x618fb878f7b2 <unknown>
#6 0x618fb8790461 <unknown>
#7 0x618fb8cdfdf9 <unknown>
#8 0x618fb8ce2d5d <unknown>
#9 0x618fb8cc8b41 <unknown>
#10 0x618fb8ce393b <unknown>
#11 0x618fb8caf870 <unknown>
#12 0x618fb8d04828 <unknown>
#13 0x618fb8d049fc <unknown>
#14 0x618fb8d16763 <unknown>
#15 0x7c573a8a3d64 <unknown>
#16 0x7c573a9373bc <unknown>

2026-01-14 13:38:31,134 - ERROR - Erro ao cadastrar produto CEAP0006430 - Message: no such window: target window already closed
from unknown error: web view not found
  (Session info: chrome=143.0.7499.192)
Stacktrace:
#0 0x618fb8d1740a <unknown>
#1 0x618fb874b76b <unknown>
#2 0x618fb87206d0 <unknown>
#3 0x618fb87cab48 <unknown>
#4 0x618fb87e8191 <unknown>
#5 0x618fb878f7b2 <unknown>
#6 0x618fb8790461 <unknown>
#7 0x618fb8cdfdf9 <unknown>
#8 0x618fb8ce2d5d <unknown>
#9 0x618fb8cc8b41 <unknown>
#10 0x618fb8ce393b <unknown>
#11 0x618fb8caf870 <unknown>
#12 0x618fb8d04828 <unknown>
#13 0x618fb8d049fc <unknown>
#14 0x618fb8d16763 <unknown>
#15 0x7c573a8a3d64 <unknown>
#16 0x7c573a9373bc <unknown>

2026-01-14 13:38:31,139 - ERROR - Erro ao cadastrar produto CEAP0008431 - Message: no such window: target window already closed
from unknown error: web view not found
  (Session info: chrome=143.0.7499.192)
Stacktrace:
#0 0x618fb8d1740a <unknown>
#1 0x618fb874b76b <unknown>
#2 0x618fb87206d0 <unknown>
#3 0x618fb87cab48 <unknown>
#4 0x618fb87e8191 <unknown>
#5 0x618fb878f7b2 <unknown>
#6 0x618fb8790461 <unknown>
#7 0x618fb8cdfdf9 <unknown>
#8 0x618fb8ce2d5d <unknown>
#9 0x618fb8cc8b41 <unknown>
#10 0x618fb8ce393b <unknown>
#11 0x618fb8caf870 <unknown>
#12 0x618fb8d04828 <unknown>
#13 0x618fb8d049fc <unknown>
#14 0x618fb8d16763 <unknown>
#15 0x7c573a8a3d64 <unknown>
#16 0x7c573a9373bc <unknown>

2026-01-14 13:38:31,144 - ERROR - Erro ao cadastrar produto CEAP0005932 - Message: no such window: target window already closed
from unknown error: web view not found
  (Session info: chrome=143.0.7499.192)
Stacktrace:
#0 0x618fb8d1740a <unknown>
#1 0x618fb874b76b <unknown>
#2 0x618fb87206d0 <unknown>
#3 0x618fb87cab48 <unknown>
#4 0x618fb87e8191 <unknown>
#5 0x618fb878f7b2 <unknown>
#6 0x618fb8790461 <unknown>
#7 0x618fb8cdfdf9 <unknown>
#8 0x618fb8ce2d5d <unknown>
#9 0x618fb8cc8b41 <unknown>
#10 0x618fb8ce393b <unknown>
#11 0x618fb8caf870 <unknown>
#12 0x618fb8d04828 <unknown>
#13 0x618fb8d049fc <unknown>
#14 0x618fb8d16763 <unknown>
#15 0x7c573a8a3d64 <unknown>
#16 0x7c573a9373bc <unknown>

2026-01-14 13:38:31,148 - ERROR - Erro ao cadastrar produto CEAP0006933 - Message: no such window: target window already closed
from unknown error: web view not found
  (Session info: chrome=143.0.7499.192)
Stacktrace:
#0 0x618fb8d1740a <unknown>
#1 0x618fb874b76b <unknown>
#2 0x618fb87206d0 <unknown>
#3 0x618fb87cab48 <unknown>
#4 0x618fb87e8191 <unknown>
#5 0x618fb878f7b2 <unknown>
#6 0x618fb8790461 <unknown>
#7 0x618fb8cdfdf9 <unknown>
#8 0x618fb8ce2d5d <unknown>
#9 0x618fb8cc8b41 <unknown>
#10 0x618fb8ce393b <unknown>
#11 0x618fb8caf870 <unknown>
#12 0x618fb8d04828 <unknown>
#13 0x618fb8d049fc <unknown>
#14 0x618fb8d16763 <unknown>
#15 0x7c573a8a3d64 <unknown>
#16 0x7c573a9373bc <unknown>

2026-01-14 13:38:31,153 - ERROR - Erro ao cadastrar produto CEAP0005434 - Message: no such window: target window already closed
from unknown error: web view not found
  (Session info: chrome=143.0.7499.192)
Stacktrace:
#0 0x618fb8d1740a <unknown>
#1 0x618fb874b76b <unknown>
#2 0x618fb87206d0 <unknown>
#3 0x618fb87cab48 <unknown>
#4 0x618fb87e8191 <unknown>
#5 0x618fb878f7b2 <unknown>
#6 0x618fb8790461 <unknown>
#7 0x618fb8cdfdf9 <unknown>
#8 0x618fb8ce2d5d <unknown>
#9 0x618fb8cc8b41 <unknown>
#10 0x618fb8ce393b <unknown>
#11 0x618fb8caf870 <unknown>
#12 0x618fb8d04828 <unknown>
#13 0x618fb8d049fc <unknown>
#14 0x618fb8d16763 <unknown>
#15 0x7c573a8a3d64 <unknown>
#16 0x7c573a9373bc <unknown>

2026-01-14 13:38:31,158 - ERROR - Erro ao cadastrar produto CEAP0006435 - Message: no such window: target window already closed
from unknown error: web view not found
  (Session info: chrome=143.0.7499.192)
Stacktrace:
#0 0x618fb8d1740a <unknown>
#1 0x618fb874b76b <unknown>
#2 0x618fb87206d0 <unknown>
#3 0x618fb87cab48 <unknown>
#4 0x618fb87e8191 <unknown>
#5 0x618fb878f7b2 <unknown>
#6 0x618fb8790461 <unknown>
#7 0x618fb8cdfdf9 <unknown>
#8 0x618fb8ce2d5d <unknown>
#9 0x618fb8cc8b41 <unknown>
#10 0x618fb8ce393b <unknown>
#11 0x618fb8caf870 <unknown>
#12 0x618fb8d04828 <unknown>
#13 0x618fb8d049fc <unknown>
#14 0x618fb8d16763 <unknown>
#15 0x7c573a8a3d64 <unknown>
#16 0x7c573a9373bc <unknown>

2026-01-14 13:38:31,162 - ERROR - Erro ao cadastrar produto CEAP0004436 - Message: no such window: target window already closed
from unknown error: web view not found
  (Session info: chrome=143.0.7499.192)
Stacktrace:
#0 0x618fb8d1740a <unknown>
#1 0x618fb874b76b <unknown>
#2 0x618fb87206d0 <unknown>
#3 0x618fb87cab48 <unknown>
#4 0x618fb87e8191 <unknown>
#5 0x618fb878f7b2 <unknown>
#6 0x618fb8790461 <unknown>
#7 0x618fb8cdfdf9 <unknown>
#8 0x618fb8ce2d5d <unknown>
#9 0x618fb8cc8b41 <unknown>
#10 0x618fb8ce393b <unknown>
#11 0x618fb8caf870 <unknown>
#12 0x618fb8d04828 <unknown>
#13 0x618fb8d049fc <unknown>
#14 0x618fb8d16763 <unknown>
#15 0x7c573a8a3d64 <unknown>
#16 0x7c573a9373bc <unknown>

2026-01-14 13:38:31,167 - ERROR - Erro ao cadastrar produto CEAP0004937 - Message: no such window: target window already closed
from unknown error: web view not found
  (Session info: chrome=143.0.7499.192)
Stacktrace:
#0 0x618fb8d1740a <unknown>
#1 0x618fb874b76b <unknown>
#2 0x618fb87206d0 <unknown>
#3 0x618fb87cab48 <unknown>
#4 0x618fb87e8191 <unknown>
#5 0x618fb878f7b2 <unknown>
#6 0x618fb8790461 <unknown>
#7 0x618fb8cdfdf9 <unknown>
#8 0x618fb8ce2d5d <unknown>
#9 0x618fb8cc8b41 <unknown>
#10 0x618fb8ce393b <unknown>
#11 0x618fb8caf870 <unknown>
#12 0x618fb8d04828 <unknown>
#13 0x618fb8d049fc <unknown>
#14 0x618fb8d16763 <unknown>
#15 0x7c573a8a3d64 <unknown>
#16 0x7c573a9373bc <unknown>

2026-01-14 13:38:31,172 - ERROR - Erro ao cadastrar produto CEAP0004938 - Message: no such window: target window already closed
from unknown error: web view not found
  (Session info: chrome=143.0.7499.192)
Stacktrace:
#0 0x618fb8d1740a <unknown>
#1 0x618fb874b76b <unknown>
#2 0x618fb87206d0 <unknown>
#3 0x618fb87cab48 <unknown>
#4 0x618fb87e8191 <unknown>
#5 0x618fb878f7b2 <unknown>
#6 0x618fb8790461 <unknown>
#7 0x618fb8cdfdf9 <unknown>
#8 0x618fb8ce2d5d <unknown>
#9 0x618fb8cc8b41 <unknown>
#10 0x618fb8ce393b <unknown>
#11 0x618fb8caf870 <unknown>
#12 0x618fb8d04828 <unknown>
#13 0x618fb8d049fc <unknown>
#14 0x618fb8d16763 <unknown>
#15 0x7c573a8a3d64 <unknown>
#16 0x7c573a9373bc <unknown>

2026-01-14 13:38:31,176 - ERROR - Erro ao cadastrar produto CEAP0005439 - Message: no such window: target window already closed
from unknown error: web view not found
  (Session info: chrome=143.0.7499.192)
Stacktrace:
#0 0x618fb8d1740a <unknown>
#1 0x618fb874b76b <unknown>
#2 0x618fb87206d0 <unknown>
#3 0x618fb87cab48 <unknown>
#4 0x618fb87e8191 <unknown>
#5 0x618fb878f7b2 <unknown>
#6 0x618fb8790461 <unknown>
#7 0x618fb8cdfdf9 <unknown>
#8 0x618fb8ce2d5d <unknown>
#9 0x618fb8cc8b41 <unknown>
#10 0x618fb8ce393b <unknown>
#11 0x618fb8caf870 <unknown>
#12 0x618fb8d04828 <unknown>
#13 0x618fb8d049fc <unknown>
#14 0x618fb8d16763 <unknown>
#15 0x7c573a8a3d64 <unknown>
#16 0x7c573a9373bc <unknown>

2026-01-14 13:38:31,181 - ERROR - Erro ao cadastrar produto CESA0002040 - Message: no such window: target window already closed
from unknown error: web view not found
  (Session info: chrome=143.0.7499.192)
Stacktrace:
#0 0x618fb8d1740a <unknown>
#1 0x618fb874b76b <unknown>
#2 0x618fb87206d0 <unknown>
#3 0x618fb87cab48 <unknown>
#4 0x618fb87e8191 <unknown>
#5 0x618fb878f7b2 <unknown>
#6 0x618fb8790461 <unknown>
#7 0x618fb8cdfdf9 <unknown>
#8 0x618fb8ce2d5d <unknown>
#9 0x618fb8cc8b41 <unknown>
#10 0x618fb8ce393b <unknown>
#11 0x618fb8caf870 <unknown>
#12 0x618fb8d04828 <unknown>
#13 0x618fb8d049fc <unknown>
#14 0x618fb8d16763 <unknown>
#15 0x7c573a8a3d64 <unknown>
#16 0x7c573a9373bc <unknown>

2026-01-14 13:38:31,186 - ERROR - Erro ao cadastrar produto NODE000441 - Message: no such window: target window already closed
from unknown error: web view not found
  (Session info: chrome=143.0.7499.192)
Stacktrace:
#0 0x618fb8d1740a <unknown>
#1 0x618fb874b76b <unknown>
#2 0x618fb87206d0 <unknown>
#3 0x618fb87cab48 <unknown>
#4 0x618fb87e8191 <unknown>
#5 0x618fb878f7b2 <unknown>
#6 0x618fb8790461 <unknown>
#7 0x618fb8cdfdf9 <unknown>
#8 0x618fb8ce2d5d <unknown>
#9 0x618fb8cc8b41 <unknown>
#10 0x618fb8ce393b <unknown>
#11 0x618fb8caf870 <unknown>
#12 0x618fb8d04828 <unknown>
#13 0x618fb8d049fc <unknown>
#14 0x618fb8d16763 <unknown>
#15 0x7c573a8a3d64 <unknown>
#16 0x7c573a9373bc <unknown>

2026-01-14 13:38:31,190 - ERROR - Erro ao cadastrar produto NODE000512 - Message: no such window: target window already closed
from unknown error: web view not found
  (Session info: chrome=143.0.7499.192)
Stacktrace:
#0 0x618fb8d1740a <unknown>
#1 0x618fb874b76b <unknown>
#2 0x618fb87206d0 <unknown>
#3 0x618fb87cab48 <unknown>
#4 0x618fb87e8191 <unknown>
#5 0x618fb878f7b2 <unknown>
#6 0x618fb8790461 <unknown>
#7 0x618fb8cdfdf9 <unknown>
#8 0x618fb8ce2d5d <unknown>
#9 0x618fb8cc8b41 <unknown>
#10 0x618fb8ce393b <unknown>
#11 0x618fb8caf870 <unknown>
#12 0x618fb8d04828 <unknown>
#13 0x618fb8d049fc <unknown>
#14 0x618fb8d16763 <unknown>
#15 0x7c573a8a3d64 <unknown>
#16 0x7c573a9373bc <unknown>

2026-01-14 13:38:31,195 - ERROR - Erro ao cadastrar produto NOLE000183 - Message: no such window: target window already closed
from unknown error: web view not found
  (Session info: chrome=143.0.7499.192)
Stacktrace:
#0 0x618fb8d1740a <unknown>
#1 0x618fb874b76b <unknown>
#2 0x618fb87206d0 <unknown>
#3 0x618fb87cab48 <unknown>
#4 0x618fb87e8191 <unknown>
#5 0x618fb878f7b2 <unknown>
#6 0x618fb8790461 <unknown>
#7 0x618fb8cdfdf9 <unknown>
#8 0x618fb8ce2d5d <unknown>
#9 0x618fb8cc8b41 <unknown>
#10 0x618fb8ce393b <unknown>
#11 0x618fb8caf870 <unknown>
#12 0x618fb8d04828 <unknown>
#13 0x618fb8d049fc <unknown>
#14 0x618fb8d16763 <unknown>
#15 0x7c573a8a3d64 <unknown>
#16 0x7c573a9373bc <unknown>

2026-01-14 13:38:31,199 - ERROR - Erro ao cadastrar produto NOAC000224 - Message: no such window: target window already closed
from unknown error: web view not found
  (Session info: chrome=143.0.7499.192)
Stacktrace:
#0 0x618fb8d1740a <unknown>
#1 0x618fb874b76b <unknown>
#2 0x618fb87206d0 <unknown>
#3 0x618fb87cab48 <unknown>
#4 0x618fb87e8191 <unknown>
#5 0x618fb878f7b2 <unknown>
#6 0x618fb8790461 <unknown>
#7 0x618fb8cdfdf9 <unknown>
#8 0x618fb8ce2d5d <unknown>
#9 0x618fb8cc8b41 <unknown>
#10 0x618fb8ce393b <unknown>
#11 0x618fb8caf870 <unknown>
#12 0x618fb8d04828 <unknown>
#13 0x618fb8d049fc <unknown>
#14 0x618fb8d16763 <unknown>
#15 0x7c573a8a3d64 <unknown>
#16 0x7c573a9373bc <unknown>

2026-01-14 13:38:31,204 - ERROR - Erro ao cadastrar produto NOHP000215 - Message: no such window: target window already closed
from unknown error: web view not found
  (Session info: chrome=143.0.7499.192)
Stacktrace:
#0 0x618fb8d1740a <unknown>
#1 0x618fb874b76b <unknown>
#2 0x618fb87206d0 <unknown>
#3 0x618fb87cab48 <unknown>
#4 0x618fb87e8191 <unknown>
#5 0x618fb878f7b2 <unknown>
#6 0x618fb8790461 <unknown>
#7 0x618fb8cdfdf9 <unknown>
#8 0x618fb8ce2d5d <unknown>
#9 0x618fb8cc8b41 <unknown>
#10 0x618fb8ce393b <unknown>
#11 0x618fb8caf870 <unknown>
#12 0x618fb8d04828 <unknown>
#13 0x618fb8d049fc <unknown>
#14 0x618fb8d16763 <unknown>
#15 0x7c573a8a3d64 <unknown>
#16 0x7c573a9373bc <unknown>

2026-01-14 13:38:31,210 - ERROR - Erro ao cadastrar produto NOMI000426 - Message: no such window: target window already closed
from unknown error: web view not found
  (Session info: chrome=143.0.7499.192)
Stacktrace:
#0 0x618fb8d1740a <unknown>
#1 0x618fb874b76b <unknown>
#2 0x618fb87206d0 <unknown>
#3 0x618fb87cab48 <unknown>
#4 0x618fb87e8191 <unknown>
#5 0x618fb878f7b2 <unknown>
#6 0x618fb8790461 <unknown>
#7 0x618fb8cdfdf9 <unknown>
#8 0x618fb8ce2d5d <unknown>
#9 0x618fb8cc8b41 <unknown>
#10 0x618fb8ce393b <unknown>
#11 0x618fb8caf870 <unknown>
#12 0x618fb8d04828 <unknown>
#13 0x618fb8d049fc <unknown>
#14 0x618fb8d16763 <unknown>
#15 0x7c573a8a3d64 <unknown>
#16 0x7c573a9373bc <unknown>

2026-01-14 13:38:31,215 - ERROR - Erro ao cadastrar produto NOHP000797 - Message: no such window: target window already closed
from unknown error: web view not found
  (Session info: chrome=143.0.7499.192)
Stacktrace:
#0 0x618fb8d1740a <unknown>
#1 0x618fb874b76b <unknown>
#2 0x618fb87206d0 <unknown>
#3 0x618fb87cab48 <unknown>
#4 0x618fb87e8191 <unknown>
#5 0x618fb878f7b2 <unknown>
#6 0x618fb8790461 <unknown>
#7 0x618fb8cdfdf9 <unknown>
#8 0x618fb8ce2d5d <unknown>
#9 0x618fb8cc8b41 <unknown>
#10 0x618fb8ce393b <unknown>
#11 0x618fb8caf870 <unknown>
#12 0x618fb8d04828 <unknown>
#13 0x618fb8d049fc <unknown>
#14 0x618fb8d16763 <unknown>
#15 0x7c573a8a3d64 <unknown>
#16 0x7c573a9373bc <unknown>

2026-01-14 13:38:31,219 - ERROR - Erro ao cadastrar produto NOHP000238 - Message: no such window: target window already closed
from unknown error: web view not found
  (Session info: chrome=143.0.7499.192)
Stacktrace:
#0 0x618fb8d1740a <unknown>
#1 0x618fb874b76b <unknown>
#2 0x618fb87206d0 <unknown>
#3 0x618fb87cab48 <unknown>
#4 0x618fb87e8191 <unknown>
#5 0x618fb878f7b2 <unknown>
#6 0x618fb8790461 <unknown>
#7 0x618fb8cdfdf9 <unknown>
#8 0x618fb8ce2d5d <unknown>
#9 0x618fb8cc8b41 <unknown>
#10 0x618fb8ce393b <unknown>
#11 0x618fb8caf870 <unknown>
#12 0x618fb8d04828 <unknown>
#13 0x618fb8d049fc <unknown>
#14 0x618fb8d16763 <unknown>
#15 0x7c573a8a3d64 <unknown>
#16 0x7c573a9373bc <unknown>

2026-01-14 13:38:31,224 - ERROR - Erro ao cadastrar produto NOLE000989 - Message: no such window: target window already closed
from unknown error: web view not found
  (Session info: chrome=143.0.7499.192)
Stacktrace:
#0 0x618fb8d1740a <unknown>
#1 0x618fb874b76b <unknown>
#2 0x618fb87206d0 <unknown>
#3 0x618fb87cab48 <unknown>
#4 0x618fb87e8191 <unknown>
#5 0x618fb878f7b2 <unknown>
#6 0x618fb8790461 <unknown>
#7 0x618fb8cdfdf9 <unknown>
#8 0x618fb8ce2d5d <unknown>
#9 0x618fb8cc8b41 <unknown>
#10 0x618fb8ce393b <unknown>
#11 0x618fb8caf870 <unknown>
#12 0x618fb8d04828 <unknown>
#13 0x618fb8d049fc <unknown>
#14 0x618fb8d16763 <unknown>
#15 0x7c573a8a3d64 <unknown>
#16 0x7c573a9373bc <unknown>

2026-01-14 13:38:31,229 - ERROR - Erro ao cadastrar produto NOHP0005210 - Message: no such window: target window already closed
from unknown error: web view not found
  (Session info: chrome=143.0.7499.192)
Stacktrace:
#0 0x618fb8d1740a <unknown>
#1 0x618fb874b76b <unknown>
#2 0x618fb87206d0 <unknown>
#3 0x618fb87cab48 <unknown>
#4 0x618fb87e8191 <unknown>
#5 0x618fb878f7b2 <unknown>
#6 0x618fb8790461 <unknown>
#7 0x618fb8cdfdf9 <unknown>
#8 0x618fb8ce2d5d <unknown>
#9 0x618fb8cc8b41 <unknown>
#10 0x618fb8ce393b <unknown>
#11 0x618fb8caf870 <unknown>
#12 0x618fb8d04828 <unknown>
#13 0x618fb8d049fc <unknown>
#14 0x618fb8d16763 <unknown>
#15 0x7c573a8a3d64 <unknown>
#16 0x7c573a9373bc <unknown>

2026-01-14 13:38:31,234 - ERROR - Erro ao cadastrar produto NOSA0001311 - Message: no such window: target window already closed
from unknown error: web view not found
  (Session info: chrome=143.0.7499.192)
Stacktrace:
#0 0x618fb8d1740a <unknown>
#1 0x618fb874b76b <unknown>
#2 0x618fb87206d0 <unknown>
#3 0x618fb87cab48 <unknown>
#4 0x618fb87e8191 <unknown>
#5 0x618fb878f7b2 <unknown>
#6 0x618fb8790461 <unknown>
#7 0x618fb8cdfdf9 <unknown>
#8 0x618fb8ce2d5d <unknown>
#9 0x618fb8cc8b41 <unknown>
#10 0x618fb8ce393b <unknown>
#11 0x618fb8caf870 <unknown>
#12 0x618fb8d04828 <unknown>
#13 0x618fb8d049fc <unknown>
#14 0x618fb8d16763 <unknown>
#15 0x7c573a8a3d64 <unknown>
#16 0x7c573a9373bc <unknown>

2026-01-14 13:38:31,238 - ERROR - Erro ao cadastrar produto NOHP0003512 - Message: no such window: target window already closed
from unknown error: web view not found
  (Session info: chrome=143.0.7499.192)
Stacktrace:
#0 0x618fb8d1740a <unknown>
#1 0x618fb874b76b <unknown>
#2 0x618fb87206d0 <unknown>
#3 0x618fb87cab48 <unknown>
#4 0x618fb87e8191 <unknown>
#5 0x618fb878f7b2 <unknown>
#6 0x618fb8790461 <unknown>
#7 0x618fb8cdfdf9 <unknown>
#8 0x618fb8ce2d5d <unknown>
#9 0x618fb8cc8b41 <unknown>
#10 0x618fb8ce393b <unknown>
#11 0x618fb8caf870 <unknown>
#12 0x618fb8d04828 <unknown>
#13 0x618fb8d049fc <unknown>
#14 0x618fb8d16763 <unknown>
#15 0x7c573a8a3d64 <unknown>
#16 0x7c573a9373bc <unknown>

2026-01-14 13:38:31,244 - ERROR - Erro ao cadastrar produto NOAS0006213 - Message: no such window: target window already closed
from unknown error: web view not found
  (Session info: chrome=143.0.7499.192)
Stacktrace:
#0 0x618fb8d1740a <unknown>
#1 0x618fb874b76b <unknown>
#2 0x618fb87206d0 <unknown>
#3 0x618fb87cab48 <unknown>
#4 0x618fb87e8191 <unknown>
#5 0x618fb878f7b2 <unknown>
#6 0x618fb8790461 <unknown>
#7 0x618fb8cdfdf9 <unknown>
#8 0x618fb8ce2d5d <unknown>
#9 0x618fb8cc8b41 <unknown>
#10 0x618fb8ce393b <unknown>
#11 0x618fb8caf870 <unknown>
#12 0x618fb8d04828 <unknown>
#13 0x618fb8d049fc <unknown>
#14 0x618fb8d16763 <unknown>
#15 0x7c573a8a3d64 <unknown>
#16 0x7c573a9373bc <unknown>

2026-01-14 13:38:31,248 - ERROR - Erro ao cadastrar produto RESA000501 - Message: no such window: target window already closed
from unknown error: web view not found
  (Session info: chrome=143.0.7499.192)
Stacktrace:
#0 0x618fb8d1740a <unknown>
#1 0x618fb874b76b <unknown>
#2 0x618fb87206d0 <unknown>
#3 0x618fb87cab48 <unknown>
#4 0x618fb87e8191 <unknown>
#5 0x618fb878f7b2 <unknown>
#6 0x618fb8790461 <unknown>
#7 0x618fb8cdfdf9 <unknown>
#8 0x618fb8ce2d5d <unknown>
#9 0x618fb8cc8b41 <unknown>
#10 0x618fb8ce393b <unknown>
#11 0x618fb8caf870 <unknown>
#12 0x618fb8d04828 <unknown>
#13 0x618fb8d049fc <unknown>
#14 0x618fb8d16763 <unknown>
#15 0x7c573a8a3d64 <unknown>
#16 0x7c573a9373bc <unknown>

2026-01-14 13:38:31,253 - ERROR - Erro ao cadastrar produto RESA000602 - Message: no such window: target window already closed
from unknown error: web view not found
  (Session info: chrome=143.0.7499.192)
Stacktrace:
#0 0x618fb8d1740a <unknown>
#1 0x618fb874b76b <unknown>
#2 0x618fb87206d0 <unknown>
#3 0x618fb87cab48 <unknown>
#4 0x618fb87e8191 <unknown>
#5 0x618fb878f7b2 <unknown>
#6 0x618fb8790461 <unknown>
#7 0x618fb8cdfdf9 <unknown>
#8 0x618fb8ce2d5d <unknown>
#9 0x618fb8cc8b41 <unknown>
#10 0x618fb8ce393b <unknown>
#11 0x618fb8caf870 <unknown>
#12 0x618fb8d04828 <unknown>
#13 0x618fb8d049fc <unknown>
#14 0x618fb8d16763 <unknown>
#15 0x7c573a8a3d64 <unknown>
#16 0x7c573a9373bc <unknown>

2026-01-14 13:38:31,258 - ERROR - Erro ao cadastrar produto REAP000783 - Message: no such window: target window already closed
from unknown error: web view not found
  (Session info: chrome=143.0.7499.192)
Stacktrace:
#0 0x618fb8d1740a <unknown>
#1 0x618fb874b76b <unknown>
#2 0x618fb87206d0 <unknown>
#3 0x618fb87cab48 <unknown>
#4 0x618fb87e8191 <unknown>
#5 0x618fb878f7b2 <unknown>
#6 0x618fb8790461 <unknown>
#7 0x618fb8cdfdf9 <unknown>
#8 0x618fb8ce2d5d <unknown>
#9 0x618fb8cc8b41 <unknown>
#10 0x618fb8ce393b <unknown>
#11 0x618fb8caf870 <unknown>
#12 0x618fb8d04828 <unknown>
#13 0x618fb8d049fc <unknown>
#14 0x618fb8d16763 <unknown>
#15 0x7c573a8a3d64 <unknown>
#16 0x7c573a9373bc <unknown>

2026-01-14 13:38:31,263 - ERROR - Erro ao cadastrar produto CESA000301 - Message: no such window: target window already closed
from unknown error: web view not found
  (Session info: chrome=143.0.7499.192)
Stacktrace:
#0 0x618fb8d1740a <unknown>
#1 0x618fb874b76b <unknown>
#2 0x618fb87206d0 <unknown>
#3 0x618fb87cab48 <unknown>
#4 0x618fb87e8191 <unknown>
#5 0x618fb878f7b2 <unknown>
#6 0x618fb8790461 <unknown>
#7 0x618fb8cdfdf9 <unknown>
#8 0x618fb8ce2d5d <unknown>
#9 0x618fb8cc8b41 <unknown>
#10 0x618fb8ce393b <unknown>
#11 0x618fb8caf870 <unknown>
#12 0x618fb8d04828 <unknown>
#13 0x618fb8d049fc <unknown>
#14 0x618fb8d16763 <unknown>
#15 0x7c573a8a3d64 <unknown>
#16 0x7c573a9373bc <unknown>

2026-01-14 13:38:31,268 - ERROR - Erro ao cadastrar produto CESA000402 - Message: no such window: target window already closed
from unknown error: web view not found
  (Session info: chrome=143.0.7499.192)
Stacktrace:
#0 0x618fb8d1740a <unknown>
#1 0x618fb874b76b <unknown>
#2 0x618fb87206d0 <unknown>
#3 0x618fb87cab48 <unknown>
#4 0x618fb87e8191 <unknown>
#5 0x618fb878f7b2 <unknown>
#6 0x618fb8790461 <unknown>
#7 0x618fb8cdfdf9 <unknown>
#8 0x618fb8ce2d5d <unknown>
#9 0x618fb8cc8b41 <unknown>
#10 0x618fb8ce393b <unknown>
#11 0x618fb8caf870 <unknown>
#12 0x618fb8d04828 <unknown>
#13 0x618fb8d049fc <unknown>
#14 0x618fb8d16763 <unknown>
#15 0x7c573a8a3d64 <unknown>
#16 0x7c573a9373bc <unknown>

2026-01-14 13:38:31,273 - ERROR - Erro ao cadastrar produto CESA000103 - Message: no such window: target window already closed
from unknown error: web view not found
  (Session info: chrome=143.0.7499.192)
Stacktrace:
#0 0x618fb8d1740a <unknown>
#1 0x618fb874b76b <unknown>
#2 0x618fb87206d0 <unknown>
#3 0x618fb87cab48 <unknown>
#4 0x618fb87e8191 <unknown>
#5 0x618fb878f7b2 <unknown>
#6 0x618fb8790461 <unknown>
#7 0x618fb8cdfdf9 <unknown>
#8 0x618fb8ce2d5d <unknown>
#9 0x618fb8cc8b41 <unknown>
#10 0x618fb8ce393b <unknown>
#11 0x618fb8caf870 <unknown>
#12 0x618fb8d04828 <unknown>
#13 0x618fb8d049fc <unknown>
#14 0x618fb8d16763 <unknown>
#15 0x7c573a8a3d64 <unknown>
#16 0x7c573a9373bc <unknown>

2026-01-14 13:38:31,279 - ERROR - Erro ao cadastrar produto CESA000154 - Message: no such window: target window already closed
from unknown error: web view not found
  (Session info: chrome=143.0.7499.192)
Stacktrace:
#0 0x618fb8d1740a <unknown>
#1 0x618fb874b76b <unknown>
#2 0x618fb87206d0 <unknown>
#3 0x618fb87cab48 <unknown>
#4 0x618fb87e8191 <unknown>
#5 0x618fb878f7b2 <unknown>
#6 0x618fb8790461 <unknown>
#7 0x618fb8cdfdf9 <unknown>
#8 0x618fb8ce2d5d <unknown>
#9 0x618fb8cc8b41 <unknown>
#10 0x618fb8ce393b <unknown>
#11 0x618fb8caf870 <unknown>
#12 0x618fb8d04828 <unknown>
#13 0x618fb8d049fc <unknown>
#14 0x618fb8d16763 <unknown>
#15 0x7c573a8a3d64 <unknown>
#16 0x7c573a9373bc <unknown>

2026-01-14 13:38:31,284 - ERROR - Erro ao cadastrar produto CESA000205 - Message: no such window: target window already closed
from unknown error: web view not found
  (Session info: chrome=143.0.7499.192)
Stacktrace:
#0 0x618fb8d1740a <unknown>
#1 0x618fb874b76b <unknown>
#2 0x618fb87206d0 <unknown>
#3 0x618fb87cab48 <unknown>
#4 0x618fb87e8191 <unknown>
#5 0x618fb878f7b2 <unknown>
#6 0x618fb8790461 <unknown>
#7 0x618fb8cdfdf9 <unknown>
#8 0x618fb8ce2d5d <unknown>
#9 0x618fb8cc8b41 <unknown>
#10 0x618fb8ce393b <unknown>
#11 0x618fb8caf870 <unknown>
#12 0x618fb8d04828 <unknown>
#13 0x618fb8d049fc <unknown>
#14 0x618fb8d16763 <unknown>
#15 0x7c573a8a3d64 <unknown>
#16 0x7c573a9373bc <unknown>

2026-01-14 13:38:31,289 - ERROR - Erro ao cadastrar produto CESA000276 - Message: no such window: target window already closed
from unknown error: web view not found
  (Session info: chrome=143.0.7499.192)
Stacktrace:
#0 0x618fb8d1740a <unknown>
#1 0x618fb874b76b <unknown>
#2 0x618fb87206d0 <unknown>
#3 0x618fb87cab48 <unknown>
#4 0x618fb87e8191 <unknown>
#5 0x618fb878f7b2 <unknown>
#6 0x618fb8790461 <unknown>
#7 0x618fb8cdfdf9 <unknown>
#8 0x618fb8ce2d5d <unknown>
#9 0x618fb8cc8b41 <unknown>
#10 0x618fb8ce393b <unknown>
#11 0x618fb8caf870 <unknown>
#12 0x618fb8d04828 <unknown>
#13 0x618fb8d049fc <unknown>
#14 0x618fb8d16763 <unknown>
#15 0x7c573a8a3d64 <unknown>
#16 0x7c573a9373bc <unknown>

2026-01-14 13:38:31,295 - ERROR - Erro ao cadastrar produto CESA000107 - Message: no such window: target window already closed
from unknown error: web view not found
  (Session info: chrome=143.0.7499.192)
Stacktrace:
#0 0x618fb8d1740a <unknown>
#1 0x618fb874b76b <unknown>
#2 0x618fb87206d0 <unknown>
#3 0x618fb87cab48 <unknown>
#4 0x618fb87e8191 <unknown>
#5 0x618fb878f7b2 <unknown>
#6 0x618fb8790461 <unknown>
#7 0x618fb8cdfdf9 <unknown>
#8 0x618fb8ce2d5d <unknown>
#9 0x618fb8cc8b41 <unknown>
#10 0x618fb8ce393b <unknown>
#11 0x618fb8caf870 <unknown>
#12 0x618fb8d04828 <unknown>
#13 0x618fb8d049fc <unknown>
#14 0x618fb8d16763 <unknown>
#15 0x7c573a8a3d64 <unknown>
#16 0x7c573a9373bc <unknown>

2026-01-14 13:38:31,299 - ERROR - Erro ao cadastrar produto CESA000808 - Message: no such window: target window already closed
from unknown error: web view not found
  (Session info: chrome=143.0.7499.192)
Stacktrace:
#0 0x618fb8d1740a <unknown>
#1 0x618fb874b76b <unknown>
#2 0x618fb87206d0 <unknown>
#3 0x618fb87cab48 <unknown>
#4 0x618fb87e8191 <unknown>
#5 0x618fb878f7b2 <unknown>
#6 0x618fb8790461 <unknown>
#7 0x618fb8cdfdf9 <unknown>
#8 0x618fb8ce2d5d <unknown>
#9 0x618fb8cc8b41 <unknown>
#10 0x618fb8ce393b <unknown>
#11 0x618fb8caf870 <unknown>
#12 0x618fb8d04828 <unknown>
#13 0x618fb8d049fc <unknown>
#14 0x618fb8d16763 <unknown>
#15 0x7c573a8a3d64 <unknown>
#16 0x7c573a9373bc <unknown>

2026-01-14 13:38:31,304 - ERROR - Erro ao cadastrar produto CESA000909 - Message: no such window: target window already closed
from unknown error: web view not found
  (Session info: chrome=143.0.7499.192)
Stacktrace:
#0 0x618fb8d1740a <unknown>
#1 0x618fb874b76b <unknown>
#2 0x618fb87206d0 <unknown>
#3 0x618fb87cab48 <unknown>
#4 0x618fb87e8191 <unknown>
#5 0x618fb878f7b2 <unknown>
#6 0x618fb8790461 <unknown>
#7 0x618fb8cdfdf9 <unknown>
#8 0x618fb8ce2d5d <unknown>
#9 0x618fb8cc8b41 <unknown>
#10 0x618fb8ce393b <unknown>
#11 0x618fb8caf870 <unknown>
#12 0x618fb8d04828 <unknown>
#13 0x618fb8d049fc <unknown>
#14 0x618fb8d16763 <unknown>
#15 0x7c573a8a3d64 <unknown>
#16 0x7c573a9373bc <unknown>

2026-01-14 13:38:31,310 - ERROR - Erro ao cadastrar produto CESA0001210 - Message: no such window: target window already closed
from unknown error: web view not found
  (Session info: chrome=143.0.7499.192)
Stacktrace:
#0 0x618fb8d1740a <unknown>
#1 0x618fb874b76b <unknown>
#2 0x618fb87206d0 <unknown>
#3 0x618fb87cab48 <unknown>
#4 0x618fb87e8191 <unknown>
#5 0x618fb878f7b2 <unknown>
#6 0x618fb8790461 <unknown>
#7 0x618fb8cdfdf9 <unknown>
#8 0x618fb8ce2d5d <unknown>
#9 0x618fb8cc8b41 <unknown>
#10 0x618fb8ce393b <unknown>
#11 0x618fb8caf870 <unknown>
#12 0x618fb8d04828 <unknown>
#13 0x618fb8d049fc <unknown>
#14 0x618fb8d16763 <unknown>
#15 0x7c573a8a3d64 <unknown>
#16 0x7c573a9373bc <unknown>

2026-01-14 13:38:31,315 - ERROR - Erro ao cadastrar produto CESA0001511 - Message: no such window: target window already closed
from unknown error: web view not found
  (Session info: chrome=143.0.7499.192)
Stacktrace:
#0 0x618fb8d1740a <unknown>
#1 0x618fb874b76b <unknown>
#2 0x618fb87206d0 <unknown>
#3 0x618fb87cab48 <unknown>
#4 0x618fb87e8191 <unknown>
#5 0x618fb878f7b2 <unknown>
#6 0x618fb8790461 <unknown>
#7 0x618fb8cdfdf9 <unknown>
#8 0x618fb8ce2d5d <unknown>
#9 0x618fb8cc8b41 <unknown>
#10 0x618fb8ce393b <unknown>
#11 0x618fb8caf870 <unknown>
#12 0x618fb8d04828 <unknown>
#13 0x618fb8d049fc <unknown>
#14 0x618fb8d16763 <unknown>
#15 0x7c573a8a3d64 <unknown>
#16 0x7c573a9373bc <unknown>

2026-01-14 13:38:31,320 - ERROR - Erro ao cadastrar produto CESA0002012 - Message: no such window: target window already closed
from unknown error: web view not found
  (Session info: chrome=143.0.7499.192)
Stacktrace:
#0 0x618fb8d1740a <unknown>
#1 0x618fb874b76b <unknown>
#2 0x618fb87206d0 <unknown>
#3 0x618fb87cab48 <unknown>
#4 0x618fb87e8191 <unknown>
#5 0x618fb878f7b2 <unknown>
#6 0x618fb8790461 <unknown>
#7 0x618fb8cdfdf9 <unknown>
#8 0x618fb8ce2d5d <unknown>
#9 0x618fb8cc8b41 <unknown>
#10 0x618fb8ce393b <unknown>
#11 0x618fb8caf870 <unknown>
#12 0x618fb8d04828 <unknown>
#13 0x618fb8d049fc <unknown>
#14 0x618fb8d16763 <unknown>
#15 0x7c573a8a3d64 <unknown>
#16 0x7c573a9373bc <unknown>

2026-01-14 13:38:31,326 - ERROR - Erro ao cadastrar produto CEXI0002513 - Message: no such window: target window already closed
from unknown error: web view not found
  (Session info: chrome=143.0.7499.192)
Stacktrace:
#0 0x618fb8d1740a <unknown>
#1 0x618fb874b76b <unknown>
#2 0x618fb87206d0 <unknown>
#3 0x618fb87cab48 <unknown>
#4 0x618fb87e8191 <unknown>
#5 0x618fb878f7b2 <unknown>
#6 0x618fb8790461 <unknown>
#7 0x618fb8cdfdf9 <unknown>
#8 0x618fb8ce2d5d <unknown>
#9 0x618fb8cc8b41 <unknown>
#10 0x618fb8ce393b <unknown>
#11 0x618fb8caf870 <unknown>
#12 0x618fb8d04828 <unknown>
#13 0x618fb8d049fc <unknown>
#14 0x618fb8d16763 <unknown>
#15 0x7c573a8a3d64 <unknown>
#16 0x7c573a9373bc <unknown>

2026-01-14 13:38:31,331 - ERROR - Erro ao cadastrar produto CEXI0003114 - Message: no such window: target window already closed
from unknown error: web view not found
  (Session info: chrome=143.0.7499.192)
Stacktrace:
#0 0x618fb8d1740a <unknown>
#1 0x618fb874b76b <unknown>
#2 0x618fb87206d0 <unknown>
#3 0x618fb87cab48 <unknown>
#4 0x618fb87e8191 <unknown>
#5 0x618fb878f7b2 <unknown>
#6 0x618fb8790461 <unknown>
#7 0x618fb8cdfdf9 <unknown>
#8 0x618fb8ce2d5d <unknown>
#9 0x618fb8cc8b41 <unknown>
#10 0x618fb8ce393b <unknown>
#11 0x618fb8caf870 <unknown>
#12 0x618fb8d04828 <unknown>
#13 0x618fb8d049fc <unknown>
#14 0x618fb8d16763 <unknown>
#15 0x7c573a8a3d64 <unknown>
#16 0x7c573a9373bc <unknown>

2026-01-14 13:38:31,336 - ERROR - Erro ao cadastrar produto CEXI0001515 - Message: no such window: target window already closed
from unknown error: web view not found
  (Session info: chrome=143.0.7499.192)
Stacktrace:
#0 0x618fb8d1740a <unknown>
#1 0x618fb874b76b <unknown>
#2 0x618fb87206d0 <unknown>
#3 0x618fb87cab48 <unknown>
#4 0x618fb87e8191 <unknown>
#5 0x618fb878f7b2 <unknown>
#6 0x618fb8790461 <unknown>
#7 0x618fb8cdfdf9 <unknown>
#8 0x618fb8ce2d5d <unknown>
#9 0x618fb8cc8b41 <unknown>
#10 0x618fb8ce393b <unknown>
#11 0x618fb8caf870 <unknown>
#12 0x618fb8d04828 <unknown>
#13 0x618fb8d049fc <unknown>
#14 0x618fb8d16763 <unknown>
#15 0x7c573a8a3d64 <unknown>
#16 0x7c573a9373bc <unknown>

2026-01-14 13:38:31,341 - ERROR - Erro ao cadastrar produto CEXI0002116 - Message: no such window: target window already closed
from unknown error: web view not found
  (Session info: chrome=143.0.7499.192)
Stacktrace:
#0 0x618fb8d1740a <unknown>
#1 0x618fb874b76b <unknown>
#2 0x618fb87206d0 <unknown>
#3 0x618fb87cab48 <unknown>
#4 0x618fb87e8191 <unknown>
#5 0x618fb878f7b2 <unknown>
#6 0x618fb8790461 <unknown>
#7 0x618fb8cdfdf9 <unknown>
#8 0x618fb8ce2d5d <unknown>
#9 0x618fb8cc8b41 <unknown>
#10 0x618fb8ce393b <unknown>
#11 0x618fb8caf870 <unknown>
#12 0x618fb8d04828 <unknown>
#13 0x618fb8d049fc <unknown>
#14 0x618fb8d16763 <unknown>
#15 0x7c573a8a3d64 <unknown>
#16 0x7c573a9373bc <unknown>

2026-01-14 13:38:31,347 - ERROR - Erro ao cadastrar produto CEXI0002417 - Message: no such window: target window already closed
from unknown error: web view not found
  (Session info: chrome=143.0.7499.192)
Stacktrace:
#0 0x618fb8d1740a <unknown>
#1 0x618fb874b76b <unknown>
#2 0x618fb87206d0 <unknown>
#3 0x618fb87cab48 <unknown>
#4 0x618fb87e8191 <unknown>
#5 0x618fb878f7b2 <unknown>
#6 0x618fb8790461 <unknown>
#7 0x618fb8cdfdf9 <unknown>
#8 0x618fb8ce2d5d <unknown>
#9 0x618fb8cc8b41 <unknown>
#10 0x618fb8ce393b <unknown>
#11 0x618fb8caf870 <unknown>
#12 0x618fb8d04828 <unknown>
#13 0x618fb8d049fc <unknown>
#14 0x618fb8d16763 <unknown>
#15 0x7c573a8a3d64 <unknown>
#16 0x7c573a9373bc <unknown>

2026-01-14 13:38:31,351 - ERROR - Erro ao cadastrar produto CEXI0003218 - Message: no such window: target window already closed
from unknown error: web view not found
  (Session info: chrome=143.0.7499.192)
Stacktrace:
#0 0x618fb8d1740a <unknown>
#1 0x618fb874b76b <unknown>
#2 0x618fb87206d0 <unknown>
#3 0x618fb87cab48 <unknown>
#4 0x618fb87e8191 <unknown>
#5 0x618fb878f7b2 <unknown>
#6 0x618fb8790461 <unknown>
#7 0x618fb8cdfdf9 <unknown>
#8 0x618fb8ce2d5d <unknown>
#9 0x618fb8cc8b41 <unknown>
#10 0x618fb8ce393b <unknown>
#11 0x618fb8caf870 <unknown>
#12 0x618fb8d04828 <unknown>
#13 0x618fb8d049fc <unknown>
#14 0x618fb8d16763 <unknown>
#15 0x7c573a8a3d64 <unknown>
#16 0x7c573a9373bc <unknown>

2026-01-14 13:38:31,356 - ERROR - Erro ao cadastrar produto CEXI0002919 - Message: no such window: target window already closed
from unknown error: web view not found
  (Session info: chrome=143.0.7499.192)
Stacktrace:
#0 0x618fb8d1740a <unknown>
#1 0x618fb874b76b <unknown>
#2 0x618fb87206d0 <unknown>
#3 0x618fb87cab48 <unknown>
#4 0x618fb87e8191 <unknown>
#5 0x618fb878f7b2 <unknown>
#6 0x618fb8790461 <unknown>
#7 0x618fb8cdfdf9 <unknown>
#8 0x618fb8ce2d5d <unknown>
#9 0x618fb8cc8b41 <unknown>
#10 0x618fb8ce393b <unknown>
#11 0x618fb8caf870 <unknown>
#12 0x618fb8d04828 <unknown>
#13 0x618fb8d049fc <unknown>
#14 0x618fb8d16763 <unknown>
#15 0x7c573a8a3d64 <unknown>
#16 0x7c573a9373bc <unknown>

2026-01-14 13:38:31,362 - ERROR - Erro ao cadastrar produto CEXI0002420 - Message: no such window: target window already closed
from unknown error: web view not found
  (Session info: chrome=143.0.7499.192)
Stacktrace:
#0 0x618fb8d1740a <unknown>
#1 0x618fb874b76b <unknown>
#2 0x618fb87206d0 <unknown>
#3 0x618fb87cab48 <unknown>
#4 0x618fb87e8191 <unknown>
#5 0x618fb878f7b2 <unknown>
#6 0x618fb8790461 <unknown>
#7 0x618fb8cdfdf9 <unknown>
#8 0x618fb8ce2d5d <unknown>
#9 0x618fb8cc8b41 <unknown>
#10 0x618fb8ce393b <unknown>
#11 0x618fb8caf870 <unknown>
#12 0x618fb8d04828 <unknown>
#13 0x618fb8d049fc <unknown>
#14 0x618fb8d16763 <unknown>
#15 0x7c573a8a3d64 <unknown>
#16 0x7c573a9373bc <unknown>

2026-01-14 13:38:31,366 - ERROR - Erro ao cadastrar produto CEXI0002521 - Message: no such window: target window already closed
from unknown error: web view not found
  (Session info: chrome=143.0.7499.192)
Stacktrace:
#0 0x618fb8d1740a <unknown>
#1 0x618fb874b76b <unknown>
#2 0x618fb87206d0 <unknown>
#3 0x618fb87cab48 <unknown>
#4 0x618fb87e8191 <unknown>
#5 0x618fb878f7b2 <unknown>
#6 0x618fb8790461 <unknown>
#7 0x618fb8cdfdf9 <unknown>
#8 0x618fb8ce2d5d <unknown>
#9 0x618fb8cc8b41 <unknown>
#10 0x618fb8ce393b <unknown>
#11 0x618fb8caf870 <unknown>
#12 0x618fb8d04828 <unknown>
#13 0x618fb8d049fc <unknown>
#14 0x618fb8d16763 <unknown>
#15 0x7c573a8a3d64 <unknown>
#16 0x7c573a9373bc <unknown>

2026-01-14 13:38:31,371 - ERROR - Erro ao cadastrar produto CEXI0002722 - Message: no such window: target window already closed
from unknown error: web view not found
  (Session info: chrome=143.0.7499.192)
Stacktrace:
#0 0x618fb8d1740a <unknown>
#1 0x618fb874b76b <unknown>
#2 0x618fb87206d0 <unknown>
#3 0x618fb87cab48 <unknown>
#4 0x618fb87e8191 <unknown>
#5 0x618fb878f7b2 <unknown>
#6 0x618fb8790461 <unknown>
#7 0x618fb8cdfdf9 <unknown>
#8 0x618fb8ce2d5d <unknown>
#9 0x618fb8cc8b41 <unknown>
#10 0x618fb8ce393b <unknown>
#11 0x618fb8caf870 <unknown>
#12 0x618fb8d04828 <unknown>
#13 0x618fb8d049fc <unknown>
#14 0x618fb8d16763 <unknown>
#15 0x7c573a8a3d64 <unknown>
#16 0x7c573a9373bc <unknown>

2026-01-14 13:38:31,377 - ERROR - Erro ao cadastrar produto CEXI0003523 - Message: no such window: target window already closed
from unknown error: web view not found
  (Session info: chrome=143.0.7499.192)
Stacktrace:
#0 0x618fb8d1740a <unknown>
#1 0x618fb874b76b <unknown>
#2 0x618fb87206d0 <unknown>
#3 0x618fb87cab48 <unknown>
#4 0x618fb87e8191 <unknown>
#5 0x618fb878f7b2 <unknown>
#6 0x618fb8790461 <unknown>
#7 0x618fb8cdfdf9 <unknown>
#8 0x618fb8ce2d5d <unknown>
#9 0x618fb8cc8b41 <unknown>
#10 0x618fb8ce393b <unknown>
#11 0x618fb8caf870 <unknown>
#12 0x618fb8d04828 <unknown>
#13 0x618fb8d049fc <unknown>
#14 0x618fb8d16763 <unknown>
#15 0x7c573a8a3d64 <unknown>
#16 0x7c573a9373bc <unknown>

2026-01-14 13:38:31,382 - ERROR - Erro ao cadastrar produto CEMO0006924 - Message: no such window: target window already closed
from unknown error: web view not found
  (Session info: chrome=143.0.7499.192)
Stacktrace:
#0 0x618fb8d1740a <unknown>
#1 0x618fb874b76b <unknown>
#2 0x618fb87206d0 <unknown>
#3 0x618fb87cab48 <unknown>
#4 0x618fb87e8191 <unknown>
#5 0x618fb878f7b2 <unknown>
#6 0x618fb8790461 <unknown>
#7 0x618fb8cdfdf9 <unknown>
#8 0x618fb8ce2d5d <unknown>
#9 0x618fb8cc8b41 <unknown>
#10 0x618fb8ce393b <unknown>
#11 0x618fb8caf870 <unknown>
#12 0x618fb8d04828 <unknown>
#13 0x618fb8d049fc <unknown>
#14 0x618fb8d16763 <unknown>
#15 0x7c573a8a3d64 <unknown>
#16 0x7c573a9373bc <unknown>

2026-01-14 13:38:31,387 - ERROR - Erro ao cadastrar produto CEMO0009925 - Message: no such window: target window already closed
from unknown error: web view not found
  (Session info: chrome=143.0.7499.192)
Stacktrace:
#0 0x618fb8d1740a <unknown>
#1 0x618fb874b76b <unknown>
#2 0x618fb87206d0 <unknown>
#3 0x618fb87cab48 <unknown>
#4 0x618fb87e8191 <unknown>
#5 0x618fb878f7b2 <unknown>
#6 0x618fb8790461 <unknown>
#7 0x618fb8cdfdf9 <unknown>
#8 0x618fb8ce2d5d <unknown>
#9 0x618fb8cc8b41 <unknown>
#10 0x618fb8ce393b <unknown>
#11 0x618fb8caf870 <unknown>
#12 0x618fb8d04828 <unknown>
#13 0x618fb8d049fc <unknown>
#14 0x618fb8d16763 <unknown>
#15 0x7c573a8a3d64 <unknown>
#16 0x7c573a9373bc <unknown>

2026-01-14 13:38:31,392 - ERROR - Erro ao cadastrar produto NOLE000741 - Message: no such window: target window already closed
from unknown error: web view not found
  (Session info: chrome=143.0.7499.192)
Stacktrace:
#0 0x618fb8d1740a <unknown>
#1 0x618fb874b76b <unknown>
#2 0x618fb87206d0 <unknown>
#3 0x618fb87cab48 <unknown>
#4 0x618fb87e8191 <unknown>
#5 0x618fb878f7b2 <unknown>
#6 0x618fb8790461 <unknown>
#7 0x618fb8cdfdf9 <unknown>
#8 0x618fb8ce2d5d <unknown>
#9 0x618fb8cc8b41 <unknown>
#10 0x618fb8ce393b <unknown>
#11 0x618fb8caf870 <unknown>
#12 0x618fb8d04828 <unknown>
#13 0x618fb8d049fc <unknown>
#14 0x618fb8d16763 <unknown>
#15 0x7c573a8a3d64 <unknown>
#16 0x7c573a9373bc <unknown>

2026-01-14 13:38:31,397 - ERROR - Erro ao cadastrar produto NODE000492 - Message: no such window: target window already closed
from unknown error: web view not found
  (Session info: chrome=143.0.7499.192)
Stacktrace:
#0 0x618fb8d1740a <unknown>
#1 0x618fb874b76b <unknown>
#2 0x618fb87206d0 <unknown>
#3 0x618fb87cab48 <unknown>
#4 0x618fb87e8191 <unknown>
#5 0x618fb878f7b2 <unknown>
#6 0x618fb8790461 <unknown>
#7 0x618fb8cdfdf9 <unknown>
#8 0x618fb8ce2d5d <unknown>
#9 0x618fb8cc8b41 <unknown>
#10 0x618fb8ce393b <unknown>
#11 0x618fb8caf870 <unknown>
#12 0x618fb8d04828 <unknown>
#13 0x618fb8d049fc <unknown>
#14 0x618fb8d16763 <unknown>
#15 0x7c573a8a3d64 <unknown>
#16 0x7c573a9373bc <unknown>

2026-01-14 13:38:31,402 - ERROR - Erro ao cadastrar produto NOAS000153 - Message: no such window: target window already closed
from unknown error: web view not found
  (Session info: chrome=143.0.7499.192)
Stacktrace:
#0 0x618fb8d1740a <unknown>
#1 0x618fb874b76b <unknown>
#2 0x618fb87206d0 <unknown>
#3 0x618fb87cab48 <unknown>
#4 0x618fb87e8191 <unknown>
#5 0x618fb878f7b2 <unknown>
#6 0x618fb8790461 <unknown>
#7 0x618fb8cdfdf9 <unknown>
#8 0x618fb8ce2d5d <unknown>
#9 0x618fb8cc8b41 <unknown>
#10 0x618fb8ce393b <unknown>
#11 0x618fb8caf870 <unknown>
#12 0x618fb8d04828 <unknown>
#13 0x618fb8d049fc <unknown>
#14 0x618fb8d16763 <unknown>
#15 0x7c573a8a3d64 <unknown>
#16 0x7c573a9373bc <unknown>

2026-01-14 13:38:31,406 - ERROR - Erro ao cadastrar produto NOHP000594 - Message: no such window: target window already closed
from unknown error: web view not found
  (Session info: chrome=143.0.7499.192)
Stacktrace:
#0 0x618fb8d1740a <unknown>
#1 0x618fb874b76b <unknown>
#2 0x618fb87206d0 <unknown>
#3 0x618fb87cab48 <unknown>
#4 0x618fb87e8191 <unknown>
#5 0x618fb878f7b2 <unknown>
#6 0x618fb8790461 <unknown>
#7 0x618fb8cdfdf9 <unknown>
#8 0x618fb8ce2d5d <unknown>
#9 0x618fb8cc8b41 <unknown>
#10 0x618fb8ce393b <unknown>
#11 0x618fb8caf870 <unknown>
#12 0x618fb8d04828 <unknown>
#13 0x618fb8d049fc <unknown>
#14 0x618fb8d16763 <unknown>
#15 0x7c573a8a3d64 <unknown>
#16 0x7c573a9373bc <unknown>

2026-01-14 13:38:31,411 - ERROR - Erro ao cadastrar produto NOAC000525 - Message: no such window: target window already closed
from unknown error: web view not found
  (Session info: chrome=143.0.7499.192)
Stacktrace:
#0 0x618fb8d1740a <unknown>
#1 0x618fb874b76b <unknown>
#2 0x618fb87206d0 <unknown>
#3 0x618fb87cab48 <unknown>
#4 0x618fb87e8191 <unknown>
#5 0x618fb878f7b2 <unknown>
#6 0x618fb8790461 <unknown>
#7 0x618fb8cdfdf9 <unknown>
#8 0x618fb8ce2d5d <unknown>
#9 0x618fb8cc8b41 <unknown>
#10 0x618fb8ce393b <unknown>
#11 0x618fb8caf870 <unknown>
#12 0x618fb8d04828 <unknown>
#13 0x618fb8d049fc <unknown>
#14 0x618fb8d16763 <unknown>
#15 0x7c573a8a3d64 <unknown>
#16 0x7c573a9373bc <unknown>

2026-01-14 13:38:31,416 - ERROR - Erro ao cadastrar produto NOAC000216 - Message: no such window: target window already closed
from unknown error: web view not found
  (Session info: chrome=143.0.7499.192)
Stacktrace:
#0 0x618fb8d1740a <unknown>
#1 0x618fb874b76b <unknown>
#2 0x618fb87206d0 <unknown>
#3 0x618fb87cab48 <unknown>
#4 0x618fb87e8191 <unknown>
#5 0x618fb878f7b2 <unknown>
#6 0x618fb8790461 <unknown>
#7 0x618fb8cdfdf9 <unknown>
#8 0x618fb8ce2d5d <unknown>
#9 0x618fb8cc8b41 <unknown>
#10 0x618fb8ce393b <unknown>
#11 0x618fb8caf870 <unknown>
#12 0x618fb8d04828 <unknown>
#13 0x618fb8d049fc <unknown>
#14 0x618fb8d16763 <unknown>
#15 0x7c573a8a3d64 <unknown>
#16 0x7c573a9373bc <unknown>

2026-01-14 13:38:31,421 - ERROR - Erro ao cadastrar produto NOAC000127 - Message: no such window: target window already closed
from unknown error: web view not found
  (Session info: chrome=143.0.7499.192)
Stacktrace:
#0 0x618fb8d1740a <unknown>
#1 0x618fb874b76b <unknown>
#2 0x618fb87206d0 <unknown>
#3 0x618fb87cab48 <unknown>
#4 0x618fb87e8191 <unknown>
#5 0x618fb878f7b2 <unknown>
#6 0x618fb8790461 <unknown>
#7 0x618fb8cdfdf9 <unknown>
#8 0x618fb8ce2d5d <unknown>
#9 0x618fb8cc8b41 <unknown>
#10 0x618fb8ce393b <unknown>
#11 0x618fb8caf870 <unknown>
#12 0x618fb8d04828 <unknown>
#13 0x618fb8d049fc <unknown>
#14 0x618fb8d16763 <unknown>
#15 0x7c573a8a3d64 <unknown>
#16 0x7c573a9373bc <unknown>

2026-01-14 13:38:31,426 - ERROR - Erro ao cadastrar produto NODE000608 - Message: no such window: target window already closed
from unknown error: web view not found
  (Session info: chrome=143.0.7499.192)
Stacktrace:
#0 0x618fb8d1740a <unknown>
#1 0x618fb874b76b <unknown>
#2 0x618fb87206d0 <unknown>
#3 0x618fb87cab48 <unknown>
#4 0x618fb87e8191 <unknown>
#5 0x618fb878f7b2 <unknown>
#6 0x618fb8790461 <unknown>
#7 0x618fb8cdfdf9 <unknown>
#8 0x618fb8ce2d5d <unknown>
#9 0x618fb8cc8b41 <unknown>
#10 0x618fb8ce393b <unknown>
#11 0x618fb8caf870 <unknown>
#12 0x618fb8d04828 <unknown>
#13 0x618fb8d049fc <unknown>
#14 0x618fb8d16763 <unknown>
#15 0x7c573a8a3d64 <unknown>
#16 0x7c573a9373bc <unknown>

2026-01-14 13:38:31,431 - ERROR - Erro ao cadastrar produto NODE000749 - Message: no such window: target window already closed
from unknown error: web view not found
  (Session info: chrome=143.0.7499.192)
Stacktrace:
#0 0x618fb8d1740a <unknown>
#1 0x618fb874b76b <unknown>
#2 0x618fb87206d0 <unknown>
#3 0x618fb87cab48 <unknown>
#4 0x618fb87e8191 <unknown>
#5 0x618fb878f7b2 <unknown>
#6 0x618fb8790461 <unknown>
#7 0x618fb8cdfdf9 <unknown>
#8 0x618fb8ce2d5d <unknown>
#9 0x618fb8cc8b41 <unknown>
#10 0x618fb8ce393b <unknown>
#11 0x618fb8caf870 <unknown>
#12 0x618fb8d04828 <unknown>
#13 0x618fb8d049fc <unknown>
#14 0x618fb8d16763 <unknown>
#15 0x7c573a8a3d64 <unknown>
#16 0x7c573a9373bc <unknown>

2026-01-14 13:38:31,436 - ERROR - Erro ao cadastrar produto NOHP0007510 - Message: no such window: target window already closed
from unknown error: web view not found
  (Session info: chrome=143.0.7499.192)
Stacktrace:
#0 0x618fb8d1740a <unknown>
#1 0x618fb874b76b <unknown>
#2 0x618fb87206d0 <unknown>
#3 0x618fb87cab48 <unknown>
#4 0x618fb87e8191 <unknown>
#5 0x618fb878f7b2 <unknown>
#6 0x618fb8790461 <unknown>
#7 0x618fb8cdfdf9 <unknown>
#8 0x618fb8ce2d5d <unknown>
#9 0x618fb8cc8b41 <unknown>
#10 0x618fb8ce393b <unknown>
#11 0x618fb8caf870 <unknown>
#12 0x618fb8d04828 <unknown>
#13 0x618fb8d049fc <unknown>
#14 0x618fb8d16763 <unknown>
#15 0x7c573a8a3d64 <unknown>
#16 0x7c573a9373bc <unknown>

2026-01-14 13:38:31,441 - ERROR - Erro ao cadastrar produto NOLE0009911 - Message: no such window: target window already closed
from unknown error: web view not found
  (Session info: chrome=143.0.7499.192)
Stacktrace:
#0 0x618fb8d1740a <unknown>
#1 0x618fb874b76b <unknown>
#2 0x618fb87206d0 <unknown>
#3 0x618fb87cab48 <unknown>
#4 0x618fb87e8191 <unknown>
#5 0x618fb878f7b2 <unknown>
#6 0x618fb8790461 <unknown>
#7 0x618fb8cdfdf9 <unknown>
#8 0x618fb8ce2d5d <unknown>
#9 0x618fb8cc8b41 <unknown>
#10 0x618fb8ce393b <unknown>
#11 0x618fb8caf870 <unknown>
#12 0x618fb8d04828 <unknown>
#13 0x618fb8d049fc <unknown>
#14 0x618fb8d16763 <unknown>
#15 0x7c573a8a3d64 <unknown>
#16 0x7c573a9373bc <unknown>

2026-01-14 13:38:31,447 - ERROR - Erro ao cadastrar produto CAHA000271 - Message: no such window: target window already closed
from unknown error: web view not found
  (Session info: chrome=143.0.7499.192)
Stacktrace:
#0 0x618fb8d1740a <unknown>
#1 0x618fb874b76b <unknown>
#2 0x618fb87206d0 <unknown>
#3 0x618fb87cab48 <unknown>
#4 0x618fb87e8191 <unknown>
#5 0x618fb878f7b2 <unknown>
#6 0x618fb8790461 <unknown>
#7 0x618fb8cdfdf9 <unknown>
#8 0x618fb8ce2d5d <unknown>
#9 0x618fb8cc8b41 <unknown>
#10 0x618fb8ce393b <unknown>
#11 0x618fb8caf870 <unknown>
#12 0x618fb8d04828 <unknown>
#13 0x618fb8d049fc <unknown>
#14 0x618fb8d16763 <unknown>
#15 0x7c573a8a3d64 <unknown>
#16 0x7c573a9373bc <unknown>

2026-01-14 13:38:31,451 - ERROR - Erro ao cadastrar produto TELO000131 - Message: no such window: target window already closed
from unknown error: web view not found
  (Session info: chrome=143.0.7499.192)
Stacktrace:
#0 0x618fb8d1740a <unknown>
#1 0x618fb874b76b <unknown>
#2 0x618fb87206d0 <unknown>
#3 0x618fb87cab48 <unknown>
#4 0x618fb87e8191 <unknown>
#5 0x618fb878f7b2 <unknown>
#6 0x618fb8790461 <unknown>
#7 0x618fb8cdfdf9 <unknown>
#8 0x618fb8ce2d5d <unknown>
#9 0x618fb8cc8b41 <unknown>
#10 0x618fb8ce393b <unknown>
#11 0x618fb8caf870 <unknown>
#12 0x618fb8d04828 <unknown>
#13 0x618fb8d049fc <unknown>
#14 0x618fb8d16763 <unknown>
#15 0x7c573a8a3d64 <unknown>
#16 0x7c573a9373bc <unknown>

2026-01-14 13:38:31,456 - ERROR - Erro ao cadastrar produto TEDE000362 - Message: no such window: target window already closed
from unknown error: web view not found
  (Session info: chrome=143.0.7499.192)
Stacktrace:
#0 0x618fb8d1740a <unknown>
#1 0x618fb874b76b <unknown>
#2 0x618fb87206d0 <unknown>
#3 0x618fb87cab48 <unknown>
#4 0x618fb87e8191 <unknown>
#5 0x618fb878f7b2 <unknown>
#6 0x618fb8790461 <unknown>
#7 0x618fb8cdfdf9 <unknown>
#8 0x618fb8ce2d5d <unknown>
#9 0x618fb8cc8b41 <unknown>
#10 0x618fb8ce393b <unknown>
#11 0x618fb8caf870 <unknown>
#12 0x618fb8d04828 <unknown>
#13 0x618fb8d049fc <unknown>
#14 0x618fb8d16763 <unknown>
#15 0x7c573a8a3d64 <unknown>
#16 0x7c573a9373bc <unknown>

2026-01-14 13:38:31,461 - ERROR - Erro ao cadastrar produto TELO000443 - Message: no such window: target window already closed
from unknown error: web view not found
  (Session info: chrome=143.0.7499.192)
Stacktrace:
#0 0x618fb8d1740a <unknown>
#1 0x618fb874b76b <unknown>
#2 0x618fb87206d0 <unknown>
#3 0x618fb87cab48 <unknown>
#4 0x618fb87e8191 <unknown>
#5 0x618fb878f7b2 <unknown>
#6 0x618fb8790461 <unknown>
#7 0x618fb8cdfdf9 <unknown>
#8 0x618fb8ce2d5d <unknown>
#9 0x618fb8cc8b41 <unknown>
#10 0x618fb8ce393b <unknown>
#11 0x618fb8caf870 <unknown>
#12 0x618fb8d04828 <unknown>
#13 0x618fb8d049fc <unknown>
#14 0x618fb8d16763 <unknown>
#15 0x7c573a8a3d64 <unknown>
#16 0x7c573a9373bc <unknown>

2026-01-14 13:38:31,466 - ERROR - Erro ao cadastrar produto TEDE000484 - Message: no such window: target window already closed
from unknown error: web view not found
  (Session info: chrome=143.0.7499.192)
Stacktrace:
#0 0x618fb8d1740a <unknown>
#1 0x618fb874b76b <unknown>
#2 0x618fb87206d0 <unknown>
#3 0x618fb87cab48 <unknown>
#4 0x618fb87e8191 <unknown>
#5 0x618fb878f7b2 <unknown>
#6 0x618fb8790461 <unknown>
#7 0x618fb8cdfdf9 <unknown>
#8 0x618fb8ce2d5d <unknown>
#9 0x618fb8cc8b41 <unknown>
#10 0x618fb8ce393b <unknown>
#11 0x618fb8caf870 <unknown>
#12 0x618fb8d04828 <unknown>
#13 0x618fb8d049fc <unknown>
#14 0x618fb8d16763 <unknown>
#15 0x7c573a8a3d64 <unknown>
#16 0x7c573a9373bc <unknown>

2026-01-14 13:38:31,471 - ERROR - Erro ao cadastrar produto MOLG000121 - Message: no such window: target window already closed
from unknown error: web view not found
  (Session info: chrome=143.0.7499.192)
Stacktrace:
#0 0x618fb8d1740a <unknown>
#1 0x618fb874b76b <unknown>
#2 0x618fb87206d0 <unknown>
#3 0x618fb87cab48 <unknown>
#4 0x618fb87e8191 <unknown>
#5 0x618fb878f7b2 <unknown>
#6 0x618fb8790461 <unknown>
#7 0x618fb8cdfdf9 <unknown>
#8 0x618fb8ce2d5d <unknown>
#9 0x618fb8cc8b41 <unknown>
#10 0x618fb8ce393b <unknown>
#11 0x618fb8caf870 <unknown>
#12 0x618fb8d04828 <unknown>
#13 0x618fb8d049fc <unknown>
#14 0x618fb8d16763 <unknown>
#15 0x7c573a8a3d64 <unknown>
#16 0x7c573a9373bc <unknown>

2026-01-14 13:38:31,476 - ERROR - Erro ao cadastrar produto MOSA000152 - Message: no such window: target window already closed
from unknown error: web view not found
  (Session info: chrome=143.0.7499.192)
Stacktrace:
#0 0x618fb8d1740a <unknown>
#1 0x618fb874b76b <unknown>
#2 0x618fb87206d0 <unknown>
#3 0x618fb87cab48 <unknown>
#4 0x618fb87e8191 <unknown>
#5 0x618fb878f7b2 <unknown>
#6 0x618fb8790461 <unknown>
#7 0x618fb8cdfdf9 <unknown>
#8 0x618fb8ce2d5d <unknown>
#9 0x618fb8cc8b41 <unknown>
#10 0x618fb8ce393b <unknown>
#11 0x618fb8caf870 <unknown>
#12 0x618fb8d04828 <unknown>
#13 0x618fb8d049fc <unknown>
#14 0x618fb8d16763 <unknown>
#15 0x7c573a8a3d64 <unknown>
#16 0x7c573a9373bc <unknown>

2026-01-14 13:38:31,481 - ERROR - Erro ao cadastrar produto MOLG000173 - Message: no such window: target window already closed
from unknown error: web view not found
  (Session info: chrome=143.0.7499.192)
Stacktrace:
#0 0x618fb8d1740a <unknown>
#1 0x618fb874b76b <unknown>
#2 0x618fb87206d0 <unknown>
#3 0x618fb87cab48 <unknown>
#4 0x618fb87e8191 <unknown>
#5 0x618fb878f7b2 <unknown>
#6 0x618fb8790461 <unknown>
#7 0x618fb8cdfdf9 <unknown>
#8 0x618fb8ce2d5d <unknown>
#9 0x618fb8cc8b41 <unknown>
#10 0x618fb8ce393b <unknown>
#11 0x618fb8caf870 <unknown>
#12 0x618fb8d04828 <unknown>
#13 0x618fb8d049fc <unknown>
#14 0x618fb8d16763 <unknown>
#15 0x7c573a8a3d64 <unknown>
#16 0x7c573a9373bc <unknown>

2026-01-14 13:38:31,486 - ERROR - Erro ao cadastrar produto MOHA000251 - Message: no such window: target window already closed
from unknown error: web view not found
  (Session info: chrome=143.0.7499.192)
Stacktrace:
#0 0x618fb8d1740a <unknown>
#1 0x618fb874b76b <unknown>
#2 0x618fb87206d0 <unknown>
#3 0x618fb87cab48 <unknown>
#4 0x618fb87e8191 <unknown>
#5 0x618fb878f7b2 <unknown>
#6 0x618fb8790461 <unknown>
#7 0x618fb8cdfdf9 <unknown>
#8 0x618fb8ce2d5d <unknown>
#9 0x618fb8cc8b41 <unknown>
#10 0x618fb8ce393b <unknown>
#11 0x618fb8caf870 <unknown>
#12 0x618fb8d04828 <unknown>
#13 0x618fb8d049fc <unknown>
#14 0x618fb8d16763 <unknown>
#15 0x7c573a8a3d64 <unknown>
#16 0x7c573a9373bc <unknown>

2026-01-14 13:38:31,491 - ERROR - Erro ao cadastrar produto MOHA000252 - Message: no such window: target window already closed
from unknown error: web view not found
  (Session info: chrome=143.0.7499.192)
Stacktrace:
#0 0x618fb8d1740a <unknown>
#1 0x618fb874b76b <unknown>
#2 0x618fb87206d0 <unknown>
#3 0x618fb87cab48 <unknown>
#4 0x618fb87e8191 <unknown>
#5 0x618fb878f7b2 <unknown>
#6 0x618fb8790461 <unknown>
#7 0x618fb8cdfdf9 <unknown>
#8 0x618fb8ce2d5d <unknown>
#9 0x618fb8cc8b41 <unknown>
#10 0x618fb8ce393b <unknown>
#11 0x618fb8caf870 <unknown>
#12 0x618fb8d04828 <unknown>
#13 0x618fb8d049fc <unknown>
#14 0x618fb8d16763 <unknown>
#15 0x7c573a8a3d64 <unknown>
#16 0x7c573a9373bc <unknown>

2026-01-14 13:38:31,497 - ERROR - Erro ao cadastrar produto CAHA000253 - Message: no such window: target window already closed
from unknown error: web view not found
  (Session info: chrome=143.0.7499.192)
Stacktrace:
#0 0x618fb8d1740a <unknown>
#1 0x618fb874b76b <unknown>
#2 0x618fb87206d0 <unknown>
#3 0x618fb87cab48 <unknown>
#4 0x618fb87e8191 <unknown>
#5 0x618fb878f7b2 <unknown>
#6 0x618fb8790461 <unknown>
#7 0x618fb8cdfdf9 <unknown>
#8 0x618fb8ce2d5d <unknown>
#9 0x618fb8cc8b41 <unknown>
#10 0x618fb8ce393b <unknown>
#11 0x618fb8caf870 <unknown>
#12 0x618fb8d04828 <unknown>
#13 0x618fb8d049fc <unknown>
#14 0x618fb8d16763 <unknown>
#15 0x7c573a8a3d64 <unknown>
#16 0x7c573a9373bc <unknown>

2026-01-14 13:38:31,501 - ERROR - Erro ao cadastrar produto CAHA000254 - Message: no such window: target window already closed
from unknown error: web view not found
  (Session info: chrome=143.0.7499.192)
Stacktrace:
#0 0x618fb8d1740a <unknown>
#1 0x618fb874b76b <unknown>
#2 0x618fb87206d0 <unknown>
#3 0x618fb87cab48 <unknown>
#4 0x618fb87e8191 <unknown>
#5 0x618fb878f7b2 <unknown>
#6 0x618fb8790461 <unknown>
#7 0x618fb8cdfdf9 <unknown>
#8 0x618fb8ce2d5d <unknown>
#9 0x618fb8cc8b41 <unknown>
#10 0x618fb8ce393b <unknown>
#11 0x618fb8caf870 <unknown>
#12 0x618fb8d04828 <unknown>
#13 0x618fb8d049fc <unknown>
#14 0x618fb8d16763 <unknown>
#15 0x7c573a8a3d64 <unknown>
#16 0x7c573a9373bc <unknown>

2026-01-14 13:38:31,507 - ERROR - Erro ao cadastrar produto CHHA000275 - Message: no such window: target window already closed
from unknown error: web view not found
  (Session info: chrome=143.0.7499.192)
Stacktrace:
#0 0x618fb8d1740a <unknown>
#1 0x618fb874b76b <unknown>
#2 0x618fb87206d0 <unknown>
#3 0x618fb87cab48 <unknown>
#4 0x618fb87e8191 <unknown>
#5 0x618fb878f7b2 <unknown>
#6 0x618fb8790461 <unknown>
#7 0x618fb8cdfdf9 <unknown>
#8 0x618fb8ce2d5d <unknown>
#9 0x618fb8cc8b41 <unknown>
#10 0x618fb8ce393b <unknown>
#11 0x618fb8caf870 <unknown>
#12 0x618fb8d04828 <unknown>
#13 0x618fb8d049fc <unknown>
#14 0x618fb8d16763 <unknown>
#15 0x7c573a8a3d64 <unknown>
#16 0x7c573a9373bc <unknown>

2026-01-14 13:38:31,512 - ERROR - Erro ao cadastrar produto CAHA000276 - Message: no such window: target window already closed
from unknown error: web view not found
  (Session info: chrome=143.0.7499.192)
Stacktrace:
#0 0x618fb8d1740a <unknown>
#1 0x618fb874b76b <unknown>
#2 0x618fb87206d0 <unknown>
#3 0x618fb87cab48 <unknown>
#4 0x618fb87e8191 <unknown>
#5 0x618fb878f7b2 <unknown>
#6 0x618fb8790461 <unknown>
#7 0x618fb8cdfdf9 <unknown>
#8 0x618fb8ce2d5d <unknown>
#9 0x618fb8cc8b41 <unknown>
#10 0x618fb8ce393b <unknown>
#11 0x618fb8caf870 <unknown>
#12 0x618fb8d04828 <unknown>
#13 0x618fb8d049fc <unknown>
#14 0x618fb8d16763 <unknown>
#15 0x7c573a8a3d64 <unknown>
#16 0x7c573a9373bc <unknown>

2026-01-14 13:38:31,517 - ERROR - Erro ao cadastrar produto CAHA000277 - Message: no such window: target window already closed
from unknown error: web view not found
  (Session info: chrome=143.0.7499.192)
Stacktrace:
#0 0x618fb8d1740a <unknown>
#1 0x618fb874b76b <unknown>
#2 0x618fb87206d0 <unknown>
#3 0x618fb87cab48 <unknown>
#4 0x618fb87e8191 <unknown>
#5 0x618fb878f7b2 <unknown>
#6 0x618fb8790461 <unknown>
#7 0x618fb8cdfdf9 <unknown>
#8 0x618fb8ce2d5d <unknown>
#9 0x618fb8cc8b41 <unknown>
#10 0x618fb8ce393b <unknown>
#11 0x618fb8caf870 <unknown>
#12 0x618fb8d04828 <unknown>
#13 0x618fb8d049fc <unknown>
#14 0x618fb8d16763 <unknown>
#15 0x7c573a8a3d64 <unknown>
#16 0x7c573a9373bc <unknown>

2026-01-14 13:38:31,522 - ERROR - Erro ao cadastrar produto CAHA000278 - Message: no such window: target window already closed
from unknown error: web view not found
  (Session info: chrome=143.0.7499.192)
Stacktrace:
#0 0x618fb8d1740a <unknown>
#1 0x618fb874b76b <unknown>
#2 0x618fb87206d0 <unknown>
#3 0x618fb87cab48 <unknown>
#4 0x618fb87e8191 <unknown>
#5 0x618fb878f7b2 <unknown>
#6 0x618fb8790461 <unknown>
#7 0x618fb8cdfdf9 <unknown>
#8 0x618fb8ce2d5d <unknown>
#9 0x618fb8cc8b41 <unknown>
#10 0x618fb8ce393b <unknown>
#11 0x618fb8caf870 <unknown>
#12 0x618fb8d04828 <unknown>
#13 0x618fb8d049fc <unknown>
#14 0x618fb8d16763 <unknown>
#15 0x7c573a8a3d64 <unknown>
#16 0x7c573a9373bc <unknown>

2026-01-14 13:38:31,527 - ERROR - Erro ao cadastrar produto CAHA0009.9 - Message: no such window: target window already closed
from unknown error: web view not found
  (Session info: chrome=143.0.7499.192)
Stacktrace:
#0 0x618fb8d1740a <unknown>
#1 0x618fb874b76b <unknown>
#2 0x618fb87206d0 <unknown>
#3 0x618fb87cab48 <unknown>
#4 0x618fb87e8191 <unknown>
#5 0x618fb878f7b2 <unknown>
#6 0x618fb8790461 <unknown>
#7 0x618fb8cdfdf9 <unknown>
#8 0x618fb8ce2d5d <unknown>
#9 0x618fb8cc8b41 <unknown>
#10 0x618fb8ce393b <unknown>
#11 0x618fb8caf870 <unknown>
#12 0x618fb8d04828 <unknown>
#13 0x618fb8d049fc <unknown>
#14 0x618fb8d16763 <unknown>
#15 0x7c573a8a3d64 <unknown>
#16 0x7c573a9373bc <unknown>

2026-01-14 13:38:31,532 - ERROR - Erro ao cadastrar produto CAHA0004510 - Message: no such window: target window already closed
from unknown error: web view not found
  (Session info: chrome=143.0.7499.192)
Stacktrace:
#0 0x618fb8d1740a <unknown>
#1 0x618fb874b76b <unknown>
#2 0x618fb87206d0 <unknown>
#3 0x618fb87cab48 <unknown>
#4 0x618fb87e8191 <unknown>
#5 0x618fb878f7b2 <unknown>
#6 0x618fb8790461 <unknown>
#7 0x618fb8cdfdf9 <unknown>
#8 0x618fb8ce2d5d <unknown>
#9 0x618fb8cc8b41 <unknown>
#10 0x618fb8ce393b <unknown>
#11 0x618fb8caf870 <unknown>
#12 0x618fb8d04828 <unknown>
#13 0x618fb8d049fc <unknown>
#14 0x618fb8d16763 <unknown>
#15 0x7c573a8a3d64 <unknown>
#16 0x7c573a9373bc <unknown>

2026-01-14 13:38:31,536 - ERROR - Erro ao cadastrar produto CAHA0004511 - Message: no such window: target window already closed
from unknown error: web view not found
  (Session info: chrome=143.0.7499.192)
Stacktrace:
#0 0x618fb8d1740a <unknown>
#1 0x618fb874b76b <unknown>
#2 0x618fb87206d0 <unknown>
#3 0x618fb87cab48 <unknown>
#4 0x618fb87e8191 <unknown>
#5 0x618fb878f7b2 <unknown>
#6 0x618fb8790461 <unknown>
#7 0x618fb8cdfdf9 <unknown>
#8 0x618fb8ce2d5d <unknown>
#9 0x618fb8cc8b41 <unknown>
#10 0x618fb8ce393b <unknown>
#11 0x618fb8caf870 <unknown>
#12 0x618fb8d04828 <unknown>
#13 0x618fb8d049fc <unknown>
#14 0x618fb8d16763 <unknown>
#15 0x7c573a8a3d64 <unknown>
#16 0x7c573a9373bc <unknown>

2026-01-14 13:38:31,542 - ERROR - Erro ao cadastrar produto CAHA0004512 - Message: no such window: target window already closed
from unknown error: web view not found
  (Session info: chrome=143.0.7499.192)
Stacktrace:
#0 0x618fb8d1740a <unknown>
#1 0x618fb874b76b <unknown>
#2 0x618fb87206d0 <unknown>
#3 0x618fb87cab48 <unknown>
#4 0x618fb87e8191 <unknown>
#5 0x618fb878f7b2 <unknown>
#6 0x618fb8790461 <unknown>
#7 0x618fb8cdfdf9 <unknown>
#8 0x618fb8ce2d5d <unknown>
#9 0x618fb8cc8b41 <unknown>
#10 0x618fb8ce393b <unknown>
#11 0x618fb8caf870 <unknown>
#12 0x618fb8d04828 <unknown>
#13 0x618fb8d049fc <unknown>
#14 0x618fb8d16763 <unknown>
#15 0x7c573a8a3d64 <unknown>
#16 0x7c573a9373bc <unknown>

2026-01-14 13:38:31,547 - ERROR - Erro ao cadastrar produto CAHA0004513 - Message: no such window: target window already closed
from unknown error: web view not found
  (Session info: chrome=143.0.7499.192)
Stacktrace:
#0 0x618fb8d1740a <unknown>
#1 0x618fb874b76b <unknown>
#2 0x618fb87206d0 <unknown>
#3 0x618fb87cab48 <unknown>
#4 0x618fb87e8191 <unknown>
#5 0x618fb878f7b2 <unknown>
#6 0x618fb8790461 <unknown>
#7 0x618fb8cdfdf9 <unknown>
#8 0x618fb8ce2d5d <unknown>
#9 0x618fb8cc8b41 <unknown>
#10 0x618fb8ce393b <unknown>
#11 0x618fb8caf870 <unknown>
#12 0x618fb8d04828 <unknown>
#13 0x618fb8d049fc <unknown>
#14 0x618fb8d16763 <unknown>
#15 0x7c573a8a3d64 <unknown>
#16 0x7c573a9373bc <unknown>

2026-01-14 13:38:31,551 - ERROR - Erro ao cadastrar produto CAHA0004814 - Message: no such window: target window already closed
from unknown error: web view not found
  (Session info: chrome=143.0.7499.192)
Stacktrace:
#0 0x618fb8d1740a <unknown>
#1 0x618fb874b76b <unknown>
#2 0x618fb87206d0 <unknown>
#3 0x618fb87cab48 <unknown>
#4 0x618fb87e8191 <unknown>
#5 0x618fb878f7b2 <unknown>
#6 0x618fb8790461 <unknown>
#7 0x618fb8cdfdf9 <unknown>
#8 0x618fb8ce2d5d <unknown>
#9 0x618fb8cc8b41 <unknown>
#10 0x618fb8ce393b <unknown>
#11 0x618fb8caf870 <unknown>
#12 0x618fb8d04828 <unknown>
#13 0x618fb8d049fc <unknown>
#14 0x618fb8d16763 <unknown>
#15 0x7c573a8a3d64 <unknown>
#16 0x7c573a9373bc <unknown>

2026-01-14 13:38:31,557 - ERROR - Erro ao cadastrar produto CAHA0004815 - Message: no such window: target window already closed
from unknown error: web view not found
  (Session info: chrome=143.0.7499.192)
Stacktrace:
#0 0x618fb8d1740a <unknown>
#1 0x618fb874b76b <unknown>
#2 0x618fb87206d0 <unknown>
#3 0x618fb87cab48 <unknown>
#4 0x618fb87e8191 <unknown>
#5 0x618fb878f7b2 <unknown>
#6 0x618fb8790461 <unknown>
#7 0x618fb8cdfdf9 <unknown>
#8 0x618fb8ce2d5d <unknown>
#9 0x618fb8cc8b41 <unknown>
#10 0x618fb8ce393b <unknown>
#11 0x618fb8caf870 <unknown>
#12 0x618fb8d04828 <unknown>
#13 0x618fb8d049fc <unknown>
#14 0x618fb8d16763 <unknown>
#15 0x7c573a8a3d64 <unknown>
#16 0x7c573a9373bc <unknown>

2026-01-14 13:38:31,562 - ERROR - Erro ao cadastrar produto CAHA0004816 - Message: no such window: target window already closed
from unknown error: web view not found
  (Session info: chrome=143.0.7499.192)
Stacktrace:
#0 0x618fb8d1740a <unknown>
#1 0x618fb874b76b <unknown>
#2 0x618fb87206d0 <unknown>
#3 0x618fb87cab48 <unknown>
#4 0x618fb87e8191 <unknown>
#5 0x618fb878f7b2 <unknown>
#6 0x618fb8790461 <unknown>
#7 0x618fb8cdfdf9 <unknown>
#8 0x618fb8ce2d5d <unknown>
#9 0x618fb8cc8b41 <unknown>
#10 0x618fb8ce393b <unknown>
#11 0x618fb8caf870 <unknown>
#12 0x618fb8d04828 <unknown>
#13 0x618fb8d049fc <unknown>
#14 0x618fb8d16763 <unknown>
#15 0x7c573a8a3d64 <unknown>
#16 0x7c573a9373bc <unknown>

2026-01-14 13:38:31,567 - ERROR - Erro ao cadastrar produto CAHA0004817 - Message: no such window: target window already closed
from unknown error: web view not found
  (Session info: chrome=143.0.7499.192)
Stacktrace:
#0 0x618fb8d1740a <unknown>
#1 0x618fb874b76b <unknown>
#2 0x618fb87206d0 <unknown>
#3 0x618fb87cab48 <unknown>
#4 0x618fb87e8191 <unknown>
#5 0x618fb878f7b2 <unknown>
#6 0x618fb8790461 <unknown>
#7 0x618fb8cdfdf9 <unknown>
#8 0x618fb8ce2d5d <unknown>
#9 0x618fb8cc8b41 <unknown>
#10 0x618fb8ce393b <unknown>
#11 0x618fb8caf870 <unknown>
#12 0x618fb8d04828 <unknown>
#13 0x618fb8d049fc <unknown>
#14 0x618fb8d16763 <unknown>
#15 0x7c573a8a3d64 <unknown>
#16 0x7c573a9373bc <unknown>

2026-01-14 13:38:31,572 - ERROR - Erro ao cadastrar produto CAHA0004518 - Message: no such window: target window already closed
from unknown error: web view not found
  (Session info: chrome=143.0.7499.192)
Stacktrace:
#0 0x618fb8d1740a <unknown>
#1 0x618fb874b76b <unknown>
#2 0x618fb87206d0 <unknown>
#3 0x618fb87cab48 <unknown>
#4 0x618fb87e8191 <unknown>
#5 0x618fb878f7b2 <unknown>
#6 0x618fb8790461 <unknown>
#7 0x618fb8cdfdf9 <unknown>
#8 0x618fb8ce2d5d <unknown>
#9 0x618fb8cc8b41 <unknown>
#10 0x618fb8ce393b <unknown>
#11 0x618fb8caf870 <unknown>
#12 0x618fb8d04828 <unknown>
#13 0x618fb8d049fc <unknown>
#14 0x618fb8d16763 <unknown>
#15 0x7c573a8a3d64 <unknown>
#16 0x7c573a9373bc <unknown>

2026-01-14 13:38:31,577 - ERROR - Erro ao cadastrar produto CAHA0004519 - Message: no such window: target window already closed
from unknown error: web view not found
  (Session info: chrome=143.0.7499.192)
Stacktrace:
#0 0x618fb8d1740a <unknown>
#1 0x618fb874b76b <unknown>
#2 0x618fb87206d0 <unknown>
#3 0x618fb87cab48 <unknown>
#4 0x618fb87e8191 <unknown>
#5 0x618fb878f7b2 <unknown>
#6 0x618fb8790461 <unknown>
#7 0x618fb8cdfdf9 <unknown>
#8 0x618fb8ce2d5d <unknown>
#9 0x618fb8cc8b41 <unknown>
#10 0x618fb8ce393b <unknown>
#11 0x618fb8caf870 <unknown>
#12 0x618fb8d04828 <unknown>
#13 0x618fb8d049fc <unknown>
#14 0x618fb8d16763 <unknown>
#15 0x7c573a8a3d64 <unknown>
#16 0x7c573a9373bc <unknown>

2026-01-14 13:38:31,583 - ERROR - Erro ao cadastrar produto CAHA0004520 - Message: no such window: target window already closed
from unknown error: web view not found
  (Session info: chrome=143.0.7499.192)
Stacktrace:
#0 0x618fb8d1740a <unknown>
#1 0x618fb874b76b <unknown>
#2 0x618fb87206d0 <unknown>
#3 0x618fb87cab48 <unknown>
#4 0x618fb87e8191 <unknown>
#5 0x618fb878f7b2 <unknown>
#6 0x618fb8790461 <unknown>
#7 0x618fb8cdfdf9 <unknown>
#8 0x618fb8ce2d5d <unknown>
#9 0x618fb8cc8b41 <unknown>
#10 0x618fb8ce393b <unknown>
#11 0x618fb8caf870 <unknown>
#12 0x618fb8d04828 <unknown>
#13 0x618fb8d049fc <unknown>
#14 0x618fb8d16763 <unknown>
#15 0x7c573a8a3d64 <unknown>
#16 0x7c573a9373bc <unknown>

2026-01-14 13:38:31,588 - ERROR - Erro ao cadastrar produto CAHA0004521 - Message: no such window: target window already closed
from unknown error: web view not found
  (Session info: chrome=143.0.7499.192)
Stacktrace:
#0 0x618fb8d1740a <unknown>
#1 0x618fb874b76b <unknown>
#2 0x618fb87206d0 <unknown>
#3 0x618fb87cab48 <unknown>
#4 0x618fb87e8191 <unknown>
#5 0x618fb878f7b2 <unknown>
#6 0x618fb8790461 <unknown>
#7 0x618fb8cdfdf9 <unknown>
#8 0x618fb8ce2d5d <unknown>
#9 0x618fb8cc8b41 <unknown>
#10 0x618fb8ce393b <unknown>
#11 0x618fb8caf870 <unknown>
#12 0x618fb8d04828 <unknown>
#13 0x618fb8d049fc <unknown>
#14 0x618fb8d16763 <unknown>
#15 0x7c573a8a3d64 <unknown>
#16 0x7c573a9373bc <unknown>

2026-01-14 13:38:31,593 - ERROR - Erro ao cadastrar produto MOMU0004.1 - Message: no such window: target window already closed
from unknown error: web view not found
  (Session info: chrome=143.0.7499.192)
Stacktrace:
#0 0x618fb8d1740a <unknown>
#1 0x618fb874b76b <unknown>
#2 0x618fb87206d0 <unknown>
#3 0x618fb87cab48 <unknown>
#4 0x618fb87e8191 <unknown>
#5 0x618fb878f7b2 <unknown>
#6 0x618fb8790461 <unknown>
#7 0x618fb8cdfdf9 <unknown>
#8 0x618fb8ce2d5d <unknown>
#9 0x618fb8cc8b41 <unknown>
#10 0x618fb8ce393b <unknown>
#11 0x618fb8caf870 <unknown>
#12 0x618fb8d04828 <unknown>
#13 0x618fb8d049fc <unknown>
#14 0x618fb8d16763 <unknown>
#15 0x7c573a8a3d64 <unknown>
#16 0x7c573a9373bc <unknown>

2026-01-14 13:38:31,598 - ERROR - Erro ao cadastrar produto MOMU0003.2 - Message: no such window: target window already closed
from unknown error: web view not found
  (Session info: chrome=143.0.7499.192)
Stacktrace:
#0 0x618fb8d1740a <unknown>
#1 0x618fb874b76b <unknown>
#2 0x618fb87206d0 <unknown>
#3 0x618fb87cab48 <unknown>
#4 0x618fb87e8191 <unknown>
#5 0x618fb878f7b2 <unknown>
#6 0x618fb8790461 <unknown>
#7 0x618fb8cdfdf9 <unknown>
#8 0x618fb8ce2d5d <unknown>
#9 0x618fb8cc8b41 <unknown>
#10 0x618fb8ce393b <unknown>
#11 0x618fb8caf870 <unknown>
#12 0x618fb8d04828 <unknown>
#13 0x618fb8d049fc <unknown>
#14 0x618fb8d16763 <unknown>
#15 0x7c573a8a3d64 <unknown>
#16 0x7c573a9373bc <unknown>

2026-01-14 13:38:31,602 - ERROR - Erro ao cadastrar produto MOLO0006.3 - Message: no such window: target window already closed
from unknown error: web view not found
  (Session info: chrome=143.0.7499.192)
Stacktrace:
#0 0x618fb8d1740a <unknown>
#1 0x618fb874b76b <unknown>
#2 0x618fb87206d0 <unknown>
#3 0x618fb87cab48 <unknown>
#4 0x618fb87e8191 <unknown>
#5 0x618fb878f7b2 <unknown>
#6 0x618fb8790461 <unknown>
#7 0x618fb8cdfdf9 <unknown>
#8 0x618fb8ce2d5d <unknown>
#9 0x618fb8cc8b41 <unknown>
#10 0x618fb8ce393b <unknown>
#11 0x618fb8caf870 <unknown>
#12 0x618fb8d04828 <unknown>
#13 0x618fb8d049fc <unknown>
#14 0x618fb8d16763 <unknown>
#15 0x7c573a8a3d64 <unknown>
#16 0x7c573a9373bc <unknown>

2026-01-14 13:38:31,608 - ERROR - Erro ao cadastrar produto TELG000111 - Message: no such window: target window already closed
from unknown error: web view not found
  (Session info: chrome=143.0.7499.192)
Stacktrace:
#0 0x618fb8d1740a <unknown>
#1 0x618fb874b76b <unknown>
#2 0x618fb87206d0 <unknown>
#3 0x618fb87cab48 <unknown>
#4 0x618fb87e8191 <unknown>
#5 0x618fb878f7b2 <unknown>
#6 0x618fb8790461 <unknown>
#7 0x618fb8cdfdf9 <unknown>
#8 0x618fb8ce2d5d <unknown>
#9 0x618fb8cc8b41 <unknown>
#10 0x618fb8ce393b <unknown>
#11 0x618fb8caf870 <unknown>
#12 0x618fb8d04828 <unknown>
#13 0x618fb8d049fc <unknown>
#14 0x618fb8d16763 <unknown>
#15 0x7c573a8a3d64 <unknown>
#16 0x7c573a9373bc <unknown>

2026-01-14 13:38:31,613 - ERROR - Erro ao cadastrar produto CAHA000481 - Message: no such window: target window already closed
from unknown error: web view not found
  (Session info: chrome=143.0.7499.192)
Stacktrace:
#0 0x618fb8d1740a <unknown>
#1 0x618fb874b76b <unknown>
#2 0x618fb87206d0 <unknown>
#3 0x618fb87cab48 <unknown>
#4 0x618fb87e8191 <unknown>
#5 0x618fb878f7b2 <unknown>
#6 0x618fb8790461 <unknown>
#7 0x618fb8cdfdf9 <unknown>
#8 0x618fb8ce2d5d <unknown>
#9 0x618fb8cc8b41 <unknown>
#10 0x618fb8ce393b <unknown>
#11 0x618fb8caf870 <unknown>
#12 0x618fb8d04828 <unknown>
#13 0x618fb8d049fc <unknown>
#14 0x618fb8d16763 <unknown>
#15 0x7c573a8a3d64 <unknown>
#16 0x7c573a9373bc <unknown>

2026-01-14 13:38:31,618 - ERROR - Erro ao cadastrar produto CAHA000482 - Message: no such window: target window already closed
from unknown error: web view not found
  (Session info: chrome=143.0.7499.192)
Stacktrace:
#0 0x618fb8d1740a <unknown>
#1 0x618fb874b76b <unknown>
#2 0x618fb87206d0 <unknown>
#3 0x618fb87cab48 <unknown>
#4 0x618fb87e8191 <unknown>
#5 0x618fb878f7b2 <unknown>
#6 0x618fb8790461 <unknown>
#7 0x618fb8cdfdf9 <unknown>
#8 0x618fb8ce2d5d <unknown>
#9 0x618fb8cc8b41 <unknown>
#10 0x618fb8ce393b <unknown>
#11 0x618fb8caf870 <unknown>
#12 0x618fb8d04828 <unknown>
#13 0x618fb8d049fc <unknown>
#14 0x618fb8d16763 <unknown>
#15 0x7c573a8a3d64 <unknown>
#16 0x7c573a9373bc <unknown>

2026-01-14 13:38:31,623 - ERROR - Erro ao cadastrar produto MOSP000221 - Message: no such window: target window already closed
from unknown error: web view not found
  (Session info: chrome=143.0.7499.192)
Stacktrace:
#0 0x618fb8d1740a <unknown>
#1 0x618fb874b76b <unknown>
#2 0x618fb87206d0 <unknown>
#3 0x618fb87cab48 <unknown>
#4 0x618fb87e8191 <unknown>
#5 0x618fb878f7b2 <unknown>
#6 0x618fb8790461 <unknown>
#7 0x618fb8cdfdf9 <unknown>
#8 0x618fb8ce2d5d <unknown>
#9 0x618fb8cc8b41 <unknown>
#10 0x618fb8ce393b <unknown>
#11 0x618fb8caf870 <unknown>
#12 0x618fb8d04828 <unknown>
#13 0x618fb8d049fc <unknown>
#14 0x618fb8d16763 <unknown>
#15 0x7c573a8a3d64 <unknown>
#16 0x7c573a9373bc <unknown>

2026-01-14 13:38:31,629 - ERROR - Erro ao cadastrar produto MOSP000132 - Message: no such window: target window already closed
from unknown error: web view not found
  (Session info: chrome=143.0.7499.192)
Stacktrace:
#0 0x618fb8d1740a <unknown>
#1 0x618fb874b76b <unknown>
#2 0x618fb87206d0 <unknown>
#3 0x618fb87cab48 <unknown>
#4 0x618fb87e8191 <unknown>
#5 0x618fb878f7b2 <unknown>
#6 0x618fb8790461 <unknown>
#7 0x618fb8cdfdf9 <unknown>
#8 0x618fb8ce2d5d <unknown>
#9 0x618fb8cc8b41 <unknown>
#10 0x618fb8ce393b <unknown>
#11 0x618fb8caf870 <unknown>
#12 0x618fb8d04828 <unknown>
#13 0x618fb8d049fc <unknown>
#14 0x618fb8d16763 <unknown>
#15 0x7c573a8a3d64 <unknown>
#16 0x7c573a9373bc <unknown>

2026-01-14 13:38:31,634 - ERROR - Erro ao cadastrar produto MOSP0007.3 - Message: no such window: target window already closed
from unknown error: web view not found
  (Session info: chrome=143.0.7499.192)
Stacktrace:
#0 0x618fb8d1740a <unknown>
#1 0x618fb874b76b <unknown>
#2 0x618fb87206d0 <unknown>
#3 0x618fb87cab48 <unknown>
#4 0x618fb87e8191 <unknown>
#5 0x618fb878f7b2 <unknown>
#6 0x618fb8790461 <unknown>
#7 0x618fb8cdfdf9 <unknown>
#8 0x618fb8ce2d5d <unknown>
#9 0x618fb8cc8b41 <unknown>
#10 0x618fb8ce393b <unknown>
#11 0x618fb8caf870 <unknown>
#12 0x618fb8d04828 <unknown>
#13 0x618fb8d049fc <unknown>
#14 0x618fb8d16763 <unknown>
#15 0x7c573a8a3d64 <unknown>
#16 0x7c573a9373bc <unknown>

2026-01-14 13:38:31,639 - ERROR - Erro ao cadastrar produto TELG000201 - Message: no such window: target window already closed
from unknown error: web view not found
  (Session info: chrome=143.0.7499.192)
Stacktrace:
#0 0x618fb8d1740a <unknown>
#1 0x618fb874b76b <unknown>
#2 0x618fb87206d0 <unknown>
#3 0x618fb87cab48 <unknown>
#4 0x618fb87e8191 <unknown>
#5 0x618fb878f7b2 <unknown>
#6 0x618fb8790461 <unknown>
#7 0x618fb8cdfdf9 <unknown>
#8 0x618fb8ce2d5d <unknown>
#9 0x618fb8cc8b41 <unknown>
#10 0x618fb8ce393b <unknown>
#11 0x618fb8caf870 <unknown>
#12 0x618fb8d04828 <unknown>
#13 0x618fb8d049fc <unknown>
#14 0x618fb8d16763 <unknown>
#15 0x7c573a8a3d64 <unknown>
#16 0x7c573a9373bc <unknown>

2026-01-14 13:38:31,645 - ERROR - Erro ao cadastrar produto MOLG000782 - Message: no such window: target window already closed
from unknown error: web view not found
  (Session info: chrome=143.0.7499.192)
Stacktrace:
#0 0x618fb8d1740a <unknown>
#1 0x618fb874b76b <unknown>
#2 0x618fb87206d0 <unknown>
#3 0x618fb87cab48 <unknown>
#4 0x618fb87e8191 <unknown>
#5 0x618fb878f7b2 <unknown>
#6 0x618fb8790461 <unknown>
#7 0x618fb8cdfdf9 <unknown>
#8 0x618fb8ce2d5d <unknown>
#9 0x618fb8cc8b41 <unknown>
#10 0x618fb8ce393b <unknown>
#11 0x618fb8caf870 <unknown>
#12 0x618fb8d04828 <unknown>
#13 0x618fb8d049fc <unknown>
#14 0x618fb8d16763 <unknown>
#15 0x7c573a8a3d64 <unknown>
#16 0x7c573a9373bc <unknown>

2026-01-14 13:38:31,650 - ERROR - Erro ao cadastrar produto BEHA000481 - Message: no such window: target window already closed
from unknown error: web view not found
  (Session info: chrome=143.0.7499.192)
Stacktrace:
#0 0x618fb8d1740a <unknown>
#1 0x618fb874b76b <unknown>
#2 0x618fb87206d0 <unknown>
#3 0x618fb87cab48 <unknown>
#4 0x618fb87e8191 <unknown>
#5 0x618fb878f7b2 <unknown>
#6 0x618fb8790461 <unknown>
#7 0x618fb8cdfdf9 <unknown>
#8 0x618fb8ce2d5d <unknown>
#9 0x618fb8cc8b41 <unknown>
#10 0x618fb8ce393b <unknown>
#11 0x618fb8caf870 <unknown>
#12 0x618fb8d04828 <unknown>
#13 0x618fb8d049fc <unknown>
#14 0x618fb8d16763 <unknown>
#15 0x7c573a8a3d64 <unknown>
#16 0x7c573a9373bc <unknown>

2026-01-14 13:38:31,656 - ERROR - Erro ao cadastrar produto BEHA000482 - Message: no such window: target window already closed
from unknown error: web view not found
  (Session info: chrome=143.0.7499.192)
Stacktrace:
#0 0x618fb8d1740a <unknown>
#1 0x618fb874b76b <unknown>
#2 0x618fb87206d0 <unknown>
#3 0x618fb87cab48 <unknown>
#4 0x618fb87e8191 <unknown>
#5 0x618fb878f7b2 <unknown>
#6 0x618fb8790461 <unknown>
#7 0x618fb8cdfdf9 <unknown>
#8 0x618fb8ce2d5d <unknown>
#9 0x618fb8cc8b41 <unknown>
#10 0x618fb8ce393b <unknown>
#11 0x618fb8caf870 <unknown>
#12 0x618fb8d04828 <unknown>
#13 0x618fb8d049fc <unknown>
#14 0x618fb8d16763 <unknown>
#15 0x7c573a8a3d64 <unknown>
#16 0x7c573a9373bc <unknown>

2026-01-14 13:38:31,661 - ERROR - Erro ao cadastrar produto CAHA000123 - Message: no such window: target window already closed
from unknown error: web view not found
  (Session info: chrome=143.0.7499.192)
Stacktrace:
#0 0x618fb8d1740a <unknown>
#1 0x618fb874b76b <unknown>
#2 0x618fb87206d0 <unknown>
#3 0x618fb87cab48 <unknown>
#4 0x618fb87e8191 <unknown>
#5 0x618fb878f7b2 <unknown>
#6 0x618fb8790461 <unknown>
#7 0x618fb8cdfdf9 <unknown>
#8 0x618fb8ce2d5d <unknown>
#9 0x618fb8cc8b41 <unknown>
#10 0x618fb8ce393b <unknown>
#11 0x618fb8caf870 <unknown>
#12 0x618fb8d04828 <unknown>
#13 0x618fb8d049fc <unknown>
#14 0x618fb8d16763 <unknown>
#15 0x7c573a8a3d64 <unknown>
#16 0x7c573a9373bc <unknown>

2026-01-14 13:38:31,665 - ERROR - Erro ao cadastrar produto CAHA000124 - Message: no such window: target window already closed
from unknown error: web view not found
  (Session info: chrome=143.0.7499.192)
Stacktrace:
#0 0x618fb8d1740a <unknown>
#1 0x618fb874b76b <unknown>
#2 0x618fb87206d0 <unknown>
#3 0x618fb87cab48 <unknown>
#4 0x618fb87e8191 <unknown>
#5 0x618fb878f7b2 <unknown>
#6 0x618fb8790461 <unknown>
#7 0x618fb8cdfdf9 <unknown>
#8 0x618fb8ce2d5d <unknown>
#9 0x618fb8cc8b41 <unknown>
#10 0x618fb8ce393b <unknown>
#11 0x618fb8caf870 <unknown>
#12 0x618fb8d04828 <unknown>
#13 0x618fb8d049fc <unknown>
#14 0x618fb8d16763 <unknown>
#15 0x7c573a8a3d64 <unknown>
#16 0x7c573a9373bc <unknown>

2026-01-14 13:38:31,670 - ERROR - Erro ao cadastrar produto NOAC000791 - Message: no such window: target window already closed
from unknown error: web view not found
  (Session info: chrome=143.0.7499.192)
Stacktrace:
#0 0x618fb8d1740a <unknown>
#1 0x618fb874b76b <unknown>
#2 0x618fb87206d0 <unknown>
#3 0x618fb87cab48 <unknown>
#4 0x618fb87e8191 <unknown>
#5 0x618fb878f7b2 <unknown>
#6 0x618fb8790461 <unknown>
#7 0x618fb8cdfdf9 <unknown>
#8 0x618fb8ce2d5d <unknown>
#9 0x618fb8cc8b41 <unknown>
#10 0x618fb8ce393b <unknown>
#11 0x618fb8caf870 <unknown>
#12 0x618fb8d04828 <unknown>
#13 0x618fb8d049fc <unknown>
#14 0x618fb8d16763 <unknown>
#15 0x7c573a8a3d64 <unknown>
#16 0x7c573a9373bc <unknown>

2026-01-14 13:38:31,676 - ERROR - Erro ao cadastrar produto NOMU000192 - Message: no such window: target window already closed
from unknown error: web view not found
  (Session info: chrome=143.0.7499.192)
Stacktrace:
#0 0x618fb8d1740a <unknown>
#1 0x618fb874b76b <unknown>
#2 0x618fb87206d0 <unknown>
#3 0x618fb87cab48 <unknown>
#4 0x618fb87e8191 <unknown>
#5 0x618fb878f7b2 <unknown>
#6 0x618fb8790461 <unknown>
#7 0x618fb8cdfdf9 <unknown>
#8 0x618fb8ce2d5d <unknown>
#9 0x618fb8cc8b41 <unknown>
#10 0x618fb8ce393b <unknown>
#11 0x618fb8caf870 <unknown>
#12 0x618fb8d04828 <unknown>
#13 0x618fb8d049fc <unknown>
#14 0x618fb8d16763 <unknown>
#15 0x7c573a8a3d64 <unknown>
#16 0x7c573a9373bc <unknown>

2026-01-14 13:38:31,682 - ERROR - Erro ao cadastrar produto NOHP000943 - Message: no such window: target window already closed
from unknown error: web view not found
  (Session info: chrome=143.0.7499.192)
Stacktrace:
#0 0x618fb8d1740a <unknown>
#1 0x618fb874b76b <unknown>
#2 0x618fb87206d0 <unknown>
#3 0x618fb87cab48 <unknown>
#4 0x618fb87e8191 <unknown>
#5 0x618fb878f7b2 <unknown>
#6 0x618fb8790461 <unknown>
#7 0x618fb8cdfdf9 <unknown>
#8 0x618fb8ce2d5d <unknown>
#9 0x618fb8cc8b41 <unknown>
#10 0x618fb8ce393b <unknown>
#11 0x618fb8caf870 <unknown>
#12 0x618fb8d04828 <unknown>
#13 0x618fb8d049fc <unknown>
#14 0x618fb8d16763 <unknown>
#15 0x7c573a8a3d64 <unknown>
#16 0x7c573a9373bc <unknown>

2026-01-14 13:38:31,687 - ERROR - Erro ao cadastrar produto NOAP000144 - Message: no such window: target window already closed
from unknown error: web view not found
  (Session info: chrome=143.0.7499.192)
Stacktrace:
#0 0x618fb8d1740a <unknown>
#1 0x618fb874b76b <unknown>
#2 0x618fb87206d0 <unknown>
#3 0x618fb87cab48 <unknown>
#4 0x618fb87e8191 <unknown>
#5 0x618fb878f7b2 <unknown>
#6 0x618fb8790461 <unknown>
#7 0x618fb8cdfdf9 <unknown>
#8 0x618fb8ce2d5d <unknown>
#9 0x618fb8cc8b41 <unknown>
#10 0x618fb8ce393b <unknown>
#11 0x618fb8caf870 <unknown>
#12 0x618fb8d04828 <unknown>
#13 0x618fb8d049fc <unknown>
#14 0x618fb8d16763 <unknown>
#15 0x7c573a8a3d64 <unknown>
#16 0x7c573a9373bc <unknown>

2026-01-14 13:38:31,692 - ERROR - Erro ao cadastrar produto NOAP000255 - Message: no such window: target window already closed
from unknown error: web view not found
  (Session info: chrome=143.0.7499.192)
Stacktrace:
#0 0x618fb8d1740a <unknown>
#1 0x618fb874b76b <unknown>
#2 0x618fb87206d0 <unknown>
#3 0x618fb87cab48 <unknown>
#4 0x618fb87e8191 <unknown>
#5 0x618fb878f7b2 <unknown>
#6 0x618fb8790461 <unknown>
#7 0x618fb8cdfdf9 <unknown>
#8 0x618fb8ce2d5d <unknown>
#9 0x618fb8cc8b41 <unknown>
#10 0x618fb8ce393b <unknown>
#11 0x618fb8caf870 <unknown>
#12 0x618fb8d04828 <unknown>
#13 0x618fb8d049fc <unknown>
#14 0x618fb8d16763 <unknown>
#15 0x7c573a8a3d64 <unknown>
#16 0x7c573a9373bc <unknown>

2026-01-14 13:38:31,698 - ERROR - Erro ao cadastrar produto NOAP000646 - Message: no such window: target window already closed
from unknown error: web view not found
  (Session info: chrome=143.0.7499.192)
Stacktrace:
#0 0x618fb8d1740a <unknown>
#1 0x618fb874b76b <unknown>
#2 0x618fb87206d0 <unknown>
#3 0x618fb87cab48 <unknown>
#4 0x618fb87e8191 <unknown>
#5 0x618fb878f7b2 <unknown>
#6 0x618fb8790461 <unknown>
#7 0x618fb8cdfdf9 <unknown>
#8 0x618fb8ce2d5d <unknown>
#9 0x618fb8cc8b41 <unknown>
#10 0x618fb8ce393b <unknown>
#11 0x618fb8caf870 <unknown>
#12 0x618fb8d04828 <unknown>
#13 0x618fb8d049fc <unknown>
#14 0x618fb8d16763 <unknown>
#15 0x7c573a8a3d64 <unknown>
#16 0x7c573a9373bc <unknown>

2026-01-14 13:38:31,702 - ERROR - Erro ao cadastrar produto NOAP000247 - Message: no such window: target window already closed
from unknown error: web view not found
  (Session info: chrome=143.0.7499.192)
Stacktrace:
#0 0x618fb8d1740a <unknown>
#1 0x618fb874b76b <unknown>
#2 0x618fb87206d0 <unknown>
#3 0x618fb87cab48 <unknown>
#4 0x618fb87e8191 <unknown>
#5 0x618fb878f7b2 <unknown>
#6 0x618fb8790461 <unknown>
#7 0x618fb8cdfdf9 <unknown>
#8 0x618fb8ce2d5d <unknown>
#9 0x618fb8cc8b41 <unknown>
#10 0x618fb8ce393b <unknown>
#11 0x618fb8caf870 <unknown>
#12 0x618fb8d04828 <unknown>
#13 0x618fb8d049fc <unknown>
#14 0x618fb8d16763 <unknown>
#15 0x7c573a8a3d64 <unknown>
#16 0x7c573a9373bc <unknown>

2026-01-14 13:38:31,708 - ERROR - Erro ao cadastrar produto NOAP000128 - Message: no such window: target window already closed
from unknown error: web view not found
  (Session info: chrome=143.0.7499.192)
Stacktrace:
#0 0x618fb8d1740a <unknown>
#1 0x618fb874b76b <unknown>
#2 0x618fb87206d0 <unknown>
#3 0x618fb87cab48 <unknown>
#4 0x618fb87e8191 <unknown>
#5 0x618fb878f7b2 <unknown>
#6 0x618fb8790461 <unknown>
#7 0x618fb8cdfdf9 <unknown>
#8 0x618fb8ce2d5d <unknown>
#9 0x618fb8cc8b41 <unknown>
#10 0x618fb8ce393b <unknown>
#11 0x618fb8caf870 <unknown>
#12 0x618fb8d04828 <unknown>
#13 0x618fb8d049fc <unknown>
#14 0x618fb8d16763 <unknown>
#15 0x7c573a8a3d64 <unknown>
#16 0x7c573a9373bc <unknown>

2026-01-14 13:38:31,713 - ERROR - Erro ao cadastrar produto NOAP000599 - Message: no such window: target window already closed
from unknown error: web view not found
  (Session info: chrome=143.0.7499.192)
Stacktrace:
#0 0x618fb8d1740a <unknown>
#1 0x618fb874b76b <unknown>
#2 0x618fb87206d0 <unknown>
#3 0x618fb87cab48 <unknown>
#4 0x618fb87e8191 <unknown>
#5 0x618fb878f7b2 <unknown>
#6 0x618fb8790461 <unknown>
#7 0x618fb8cdfdf9 <unknown>
#8 0x618fb8ce2d5d <unknown>
#9 0x618fb8cc8b41 <unknown>
#10 0x618fb8ce393b <unknown>
#11 0x618fb8caf870 <unknown>
#12 0x618fb8d04828 <unknown>
#13 0x618fb8d049fc <unknown>
#14 0x618fb8d16763 <unknown>
#15 0x7c573a8a3d64 <unknown>
#16 0x7c573a9373bc <unknown>

2026-01-14 13:38:31,718 - ERROR - Erro ao cadastrar produto TETC000121 - Message: no such window: target window already closed
from unknown error: web view not found
  (Session info: chrome=143.0.7499.192)
Stacktrace:
#0 0x618fb8d1740a <unknown>
#1 0x618fb874b76b <unknown>
#2 0x618fb87206d0 <unknown>
#3 0x618fb87cab48 <unknown>
#4 0x618fb87e8191 <unknown>
#5 0x618fb878f7b2 <unknown>
#6 0x618fb8790461 <unknown>
#7 0x618fb8cdfdf9 <unknown>
#8 0x618fb8ce2d5d <unknown>
#9 0x618fb8cc8b41 <unknown>
#10 0x618fb8ce393b <unknown>
#11 0x618fb8caf870 <unknown>
#12 0x618fb8d04828 <unknown>
#13 0x618fb8d049fc <unknown>
#14 0x618fb8d16763 <unknown>
#15 0x7c573a8a3d64 <unknown>
#16 0x7c573a9373bc <unknown>

2026-01-14 13:38:31,724 - ERROR - Erro ao cadastrar produto TEVI000152 - Message: no such window: target window already closed
from unknown error: web view not found
  (Session info: chrome=143.0.7499.192)
Stacktrace:
#0 0x618fb8d1740a <unknown>
#1 0x618fb874b76b <unknown>
#2 0x618fb87206d0 <unknown>
#3 0x618fb87cab48 <unknown>
#4 0x618fb87e8191 <unknown>
#5 0x618fb878f7b2 <unknown>
#6 0x618fb8790461 <unknown>
#7 0x618fb8cdfdf9 <unknown>
#8 0x618fb8ce2d5d <unknown>
#9 0x618fb8cc8b41 <unknown>
#10 0x618fb8ce393b <unknown>
#11 0x618fb8caf870 <unknown>
#12 0x618fb8d04828 <unknown>
#13 0x618fb8d049fc <unknown>
#14 0x618fb8d16763 <unknown>
#15 0x7c573a8a3d64 <unknown>
#16 0x7c573a9373bc <unknown>

2026-01-14 13:38:31,729 - ERROR - Erro ao cadastrar produto TEVI000443 - Message: no such window: target window already closed
from unknown error: web view not found
  (Session info: chrome=143.0.7499.192)
Stacktrace:
#0 0x618fb8d1740a <unknown>
#1 0x618fb874b76b <unknown>
#2 0x618fb87206d0 <unknown>
#3 0x618fb87cab48 <unknown>
#4 0x618fb87e8191 <unknown>
#5 0x618fb878f7b2 <unknown>
#6 0x618fb8790461 <unknown>
#7 0x618fb8cdfdf9 <unknown>
#8 0x618fb8ce2d5d <unknown>
#9 0x618fb8cc8b41 <unknown>
#10 0x618fb8ce393b <unknown>
#11 0x618fb8caf870 <unknown>
#12 0x618fb8d04828 <unknown>
#13 0x618fb8d049fc <unknown>
#14 0x618fb8d16763 <unknown>
#15 0x7c573a8a3d64 <unknown>
#16 0x7c573a9373bc <unknown>

2026-01-14 13:38:31,734 - ERROR - Erro ao cadastrar produto TEVI000244 - Message: no such window: target window already closed
from unknown error: web view not found
  (Session info: chrome=143.0.7499.192)
Stacktrace:
#0 0x618fb8d1740a <unknown>
#1 0x618fb874b76b <unknown>
#2 0x618fb87206d0 <unknown>
#3 0x618fb87cab48 <unknown>
#4 0x618fb87e8191 <unknown>
#5 0x618fb878f7b2 <unknown>
#6 0x618fb8790461 <unknown>
#7 0x618fb8cdfdf9 <unknown>
#8 0x618fb8ce2d5d <unknown>
#9 0x618fb8cc8b41 <unknown>
#10 0x618fb8ce393b <unknown>
#11 0x618fb8caf870 <unknown>
#12 0x618fb8d04828 <unknown>
#13 0x618fb8d049fc <unknown>
#14 0x618fb8d16763 <unknown>
#15 0x7c573a8a3d64 <unknown>
#16 0x7c573a9373bc <unknown>

2026-01-14 13:38:31,739 - ERROR - Erro ao cadastrar produto TEIN000255 - Message: no such window: target window already closed
from unknown error: web view not found
  (Session info: chrome=143.0.7499.192)
Stacktrace:
#0 0x618fb8d1740a <unknown>
#1 0x618fb874b76b <unknown>
#2 0x618fb87206d0 <unknown>
#3 0x618fb87cab48 <unknown>
#4 0x618fb87e8191 <unknown>
#5 0x618fb878f7b2 <unknown>
#6 0x618fb8790461 <unknown>
#7 0x618fb8cdfdf9 <unknown>
#8 0x618fb8ce2d5d <unknown>
#9 0x618fb8cc8b41 <unknown>
#10 0x618fb8ce393b <unknown>
#11 0x618fb8caf870 <unknown>
#12 0x618fb8d04828 <unknown>
#13 0x618fb8d049fc <unknown>
#14 0x618fb8d16763 <unknown>
#15 0x7c573a8a3d64 <unknown>
#16 0x7c573a9373bc <unknown>

2026-01-14 13:38:31,744 - ERROR - Erro ao cadastrar produto TEIN000346 - Message: no such window: target window already closed
from unknown error: web view not found
  (Session info: chrome=143.0.7499.192)
Stacktrace:
#0 0x618fb8d1740a <unknown>
#1 0x618fb874b76b <unknown>
#2 0x618fb87206d0 <unknown>
#3 0x618fb87cab48 <unknown>
#4 0x618fb87e8191 <unknown>
#5 0x618fb878f7b2 <unknown>
#6 0x618fb8790461 <unknown>
#7 0x618fb8cdfdf9 <unknown>
#8 0x618fb8ce2d5d <unknown>
#9 0x618fb8cc8b41 <unknown>
#10 0x618fb8ce393b <unknown>
#11 0x618fb8caf870 <unknown>
#12 0x618fb8d04828 <unknown>
#13 0x618fb8d049fc <unknown>
#14 0x618fb8d16763 <unknown>
#15 0x7c573a8a3d64 <unknown>
#16 0x7c573a9373bc <unknown>

2026-01-14 13:38:31,749 - ERROR - Erro ao cadastrar produto TEIN000187 - Message: no such window: target window already closed
from unknown error: web view not found
  (Session info: chrome=143.0.7499.192)
Stacktrace:
#0 0x618fb8d1740a <unknown>
#1 0x618fb874b76b <unknown>
#2 0x618fb87206d0 <unknown>
#3 0x618fb87cab48 <unknown>
#4 0x618fb87e8191 <unknown>
#5 0x618fb878f7b2 <unknown>
#6 0x618fb8790461 <unknown>
#7 0x618fb8cdfdf9 <unknown>
#8 0x618fb8ce2d5d <unknown>
#9 0x618fb8cc8b41 <unknown>
#10 0x618fb8ce393b <unknown>
#11 0x618fb8caf870 <unknown>
#12 0x618fb8d04828 <unknown>
#13 0x618fb8d049fc <unknown>
#14 0x618fb8d16763 <unknown>
#15 0x7c573a8a3d64 <unknown>
#16 0x7c573a9373bc <unknown>

2026-01-14 13:38:31,754 - ERROR - Erro ao cadastrar produto TELG000398 - Message: no such window: target window already closed
from unknown error: web view not found
  (Session info: chrome=143.0.7499.192)
Stacktrace:
#0 0x618fb8d1740a <unknown>
#1 0x618fb874b76b <unknown>
#2 0x618fb87206d0 <unknown>
#3 0x618fb87cab48 <unknown>
#4 0x618fb87e8191 <unknown>
#5 0x618fb878f7b2 <unknown>
#6 0x618fb8790461 <unknown>
#7 0x618fb8cdfdf9 <unknown>
#8 0x618fb8ce2d5d <unknown>
#9 0x618fb8cc8b41 <unknown>
#10 0x618fb8ce393b <unknown>
#11 0x618fb8caf870 <unknown>
#12 0x618fb8d04828 <unknown>
#13 0x618fb8d049fc <unknown>
#14 0x618fb8d16763 <unknown>
#15 0x7c573a8a3d64 <unknown>
#16 0x7c573a9373bc <unknown>

2026-01-14 13:38:31,759 - ERROR - Erro ao cadastrar produto TELG000559 - Message: no such window: target window already closed
from unknown error: web view not found
  (Session info: chrome=143.0.7499.192)
Stacktrace:
#0 0x618fb8d1740a <unknown>
#1 0x618fb874b76b <unknown>
#2 0x618fb87206d0 <unknown>
#3 0x618fb87cab48 <unknown>
#4 0x618fb87e8191 <unknown>
#5 0x618fb878f7b2 <unknown>
#6 0x618fb8790461 <unknown>
#7 0x618fb8cdfdf9 <unknown>
#8 0x618fb8ce2d5d <unknown>
#9 0x618fb8cc8b41 <unknown>
#10 0x618fb8ce393b <unknown>
#11 0x618fb8caf870 <unknown>
#12 0x618fb8d04828 <unknown>
#13 0x618fb8d049fc <unknown>
#14 0x618fb8d16763 <unknown>
#15 0x7c573a8a3d64 <unknown>
#16 0x7c573a9373bc <unknown>

2026-01-14 13:38:31,764 - ERROR - Erro ao cadastrar produto TESO0001210 - Message: no such window: target window already closed
from unknown error: web view not found
  (Session info: chrome=143.0.7499.192)
Stacktrace:
#0 0x618fb8d1740a <unknown>
#1 0x618fb874b76b <unknown>
#2 0x618fb87206d0 <unknown>
#3 0x618fb87cab48 <unknown>
#4 0x618fb87e8191 <unknown>
#5 0x618fb878f7b2 <unknown>
#6 0x618fb8790461 <unknown>
#7 0x618fb8cdfdf9 <unknown>
#8 0x618fb8ce2d5d <unknown>
#9 0x618fb8cc8b41 <unknown>
#10 0x618fb8ce393b <unknown>
#11 0x618fb8caf870 <unknown>
#12 0x618fb8d04828 <unknown>
#13 0x618fb8d049fc <unknown>
#14 0x618fb8d16763 <unknown>
#15 0x7c573a8a3d64 <unknown>
#16 0x7c573a9373bc <unknown>

2026-01-14 13:38:31,769 - ERROR - Erro ao cadastrar produto TESO0003311 - Message: no such window: target window already closed
from unknown error: web view not found
  (Session info: chrome=143.0.7499.192)
Stacktrace:
#0 0x618fb8d1740a <unknown>
#1 0x618fb874b76b <unknown>
#2 0x618fb87206d0 <unknown>
#3 0x618fb87cab48 <unknown>
#4 0x618fb87e8191 <unknown>
#5 0x618fb878f7b2 <unknown>
#6 0x618fb8790461 <unknown>
#7 0x618fb8cdfdf9 <unknown>
#8 0x618fb8ce2d5d <unknown>
#9 0x618fb8cc8b41 <unknown>
#10 0x618fb8ce393b <unknown>
#11 0x618fb8caf870 <unknown>
#12 0x618fb8d04828 <unknown>
#13 0x618fb8d049fc <unknown>
#14 0x618fb8d16763 <unknown>
#15 0x7c573a8a3d64 <unknown>
#16 0x7c573a9373bc <unknown>

2026-01-14 13:38:31,775 - ERROR - Erro ao cadastrar produto TESO0006012 - Message: no such window: target window already closed
from unknown error: web view not found
  (Session info: chrome=143.0.7499.192)
Stacktrace:
#0 0x618fb8d1740a <unknown>
#1 0x618fb874b76b <unknown>
#2 0x618fb87206d0 <unknown>
#3 0x618fb87cab48 <unknown>
#4 0x618fb87e8191 <unknown>
#5 0x618fb878f7b2 <unknown>
#6 0x618fb8790461 <unknown>
#7 0x618fb8cdfdf9 <unknown>
#8 0x618fb8ce2d5d <unknown>
#9 0x618fb8cc8b41 <unknown>
#10 0x618fb8ce393b <unknown>
#11 0x618fb8caf870 <unknown>
#12 0x618fb8d04828 <unknown>
#13 0x618fb8d049fc <unknown>
#14 0x618fb8d16763 <unknown>
#15 0x7c573a8a3d64 <unknown>
#16 0x7c573a9373bc <unknown>

2026-01-14 13:38:31,780 - ERROR - Erro ao cadastrar produto TESO0005913 - Message: no such window: target window already closed
from unknown error: web view not found
  (Session info: chrome=143.0.7499.192)
Stacktrace:
#0 0x618fb8d1740a <unknown>
#1 0x618fb874b76b <unknown>
#2 0x618fb87206d0 <unknown>
#3 0x618fb87cab48 <unknown>
#4 0x618fb87e8191 <unknown>
#5 0x618fb878f7b2 <unknown>
#6 0x618fb8790461 <unknown>
#7 0x618fb8cdfdf9 <unknown>
#8 0x618fb8ce2d5d <unknown>
#9 0x618fb8cc8b41 <unknown>
#10 0x618fb8ce393b <unknown>
#11 0x618fb8caf870 <unknown>
#12 0x618fb8d04828 <unknown>
#13 0x618fb8d049fc <unknown>
#14 0x618fb8d16763 <unknown>
#15 0x7c573a8a3d64 <unknown>
#16 0x7c573a9373bc <unknown>

2026-01-14 13:38:31,785 - ERROR - Erro ao cadastrar produto REAP000101 - Message: no such window: target window already closed
from unknown error: web view not found
  (Session info: chrome=143.0.7499.192)
Stacktrace:
#0 0x618fb8d1740a <unknown>
#1 0x618fb874b76b <unknown>
#2 0x618fb87206d0 <unknown>
#3 0x618fb87cab48 <unknown>
#4 0x618fb87e8191 <unknown>
#5 0x618fb878f7b2 <unknown>
#6 0x618fb8790461 <unknown>
#7 0x618fb8cdfdf9 <unknown>
#8 0x618fb8ce2d5d <unknown>
#9 0x618fb8cc8b41 <unknown>
#10 0x618fb8ce393b <unknown>
#11 0x618fb8caf870 <unknown>
#12 0x618fb8d04828 <unknown>
#13 0x618fb8d049fc <unknown>
#14 0x618fb8d16763 <unknown>
#15 0x7c573a8a3d64 <unknown>
#16 0x7c573a9373bc <unknown>

2026-01-14 13:38:31,790 - ERROR - Erro ao cadastrar produto REAP000702 - Message: no such window: target window already closed
from unknown error: web view not found
  (Session info: chrome=143.0.7499.192)
Stacktrace:
#0 0x618fb8d1740a <unknown>
#1 0x618fb874b76b <unknown>
#2 0x618fb87206d0 <unknown>
#3 0x618fb87cab48 <unknown>
#4 0x618fb87e8191 <unknown>
#5 0x618fb878f7b2 <unknown>
#6 0x618fb8790461 <unknown>
#7 0x618fb8cdfdf9 <unknown>
#8 0x618fb8ce2d5d <unknown>
#9 0x618fb8cc8b41 <unknown>
#10 0x618fb8ce393b <unknown>
#11 0x618fb8caf870 <unknown>
#12 0x618fb8d04828 <unknown>
#13 0x618fb8d049fc <unknown>
#14 0x618fb8d16763 <unknown>
#15 0x7c573a8a3d64 <unknown>
#16 0x7c573a9373bc <unknown>

2026-01-14 13:38:31,795 - ERROR - Erro ao cadastrar produto REAP000643 - Message: no such window: target window already closed
from unknown error: web view not found
  (Session info: chrome=143.0.7499.192)
Stacktrace:
#0 0x618fb8d1740a <unknown>
#1 0x618fb874b76b <unknown>
#2 0x618fb87206d0 <unknown>
#3 0x618fb87cab48 <unknown>
#4 0x618fb87e8191 <unknown>
#5 0x618fb878f7b2 <unknown>
#6 0x618fb8790461 <unknown>
#7 0x618fb8cdfdf9 <unknown>
#8 0x618fb8ce2d5d <unknown>
#9 0x618fb8cc8b41 <unknown>
#10 0x618fb8ce393b <unknown>
#11 0x618fb8caf870 <unknown>
#12 0x618fb8d04828 <unknown>
#13 0x618fb8d049fc <unknown>
#14 0x618fb8d16763 <unknown>
#15 0x7c573a8a3d64 <unknown>
#16 0x7c573a9373bc <unknown>

2026-01-14 13:38:31,800 - ERROR - Erro ao cadastrar produto REAP000504 - Message: no such window: target window already closed
from unknown error: web view not found
  (Session info: chrome=143.0.7499.192)
Stacktrace:
#0 0x618fb8d1740a <unknown>
#1 0x618fb874b76b <unknown>
#2 0x618fb87206d0 <unknown>
#3 0x618fb87cab48 <unknown>
#4 0x618fb87e8191 <unknown>
#5 0x618fb878f7b2 <unknown>
#6 0x618fb8790461 <unknown>
#7 0x618fb8cdfdf9 <unknown>
#8 0x618fb8ce2d5d <unknown>
#9 0x618fb8cc8b41 <unknown>
#10 0x618fb8ce393b <unknown>
#11 0x618fb8caf870 <unknown>
#12 0x618fb8d04828 <unknown>
#13 0x618fb8d049fc <unknown>
#14 0x618fb8d16763 <unknown>
#15 0x7c573a8a3d64 <unknown>
#16 0x7c573a9373bc <unknown>

2026-01-14 13:38:31,805 - ERROR - Erro ao cadastrar produto REAP000485 - Message: no such window: target window already closed
from unknown error: web view not found
  (Session info: chrome=143.0.7499.192)
Stacktrace:
#0 0x618fb8d1740a <unknown>
#1 0x618fb874b76b <unknown>
#2 0x618fb87206d0 <unknown>
#3 0x618fb87cab48 <unknown>
#4 0x618fb87e8191 <unknown>
#5 0x618fb878f7b2 <unknown>
#6 0x618fb8790461 <unknown>
#7 0x618fb8cdfdf9 <unknown>
#8 0x618fb8ce2d5d <unknown>
#9 0x618fb8cc8b41 <unknown>
#10 0x618fb8ce393b <unknown>
#11 0x618fb8caf870 <unknown>
#12 0x618fb8d04828 <unknown>
#13 0x618fb8d049fc <unknown>
#14 0x618fb8d16763 <unknown>
#15 0x7c573a8a3d64 <unknown>
#16 0x7c573a9373bc <unknown>

2026-01-14 13:38:31,810 - ERROR - Erro ao cadastrar produto REAP000446 - Message: no such window: target window already closed
from unknown error: web view not found
  (Session info: chrome=143.0.7499.192)
Stacktrace:
#0 0x618fb8d1740a <unknown>
#1 0x618fb874b76b <unknown>
#2 0x618fb87206d0 <unknown>
#3 0x618fb87cab48 <unknown>
#4 0x618fb87e8191 <unknown>
#5 0x618fb878f7b2 <unknown>
#6 0x618fb8790461 <unknown>
#7 0x618fb8cdfdf9 <unknown>
#8 0x618fb8ce2d5d <unknown>
#9 0x618fb8cc8b41 <unknown>
#10 0x618fb8ce393b <unknown>
#11 0x618fb8caf870 <unknown>
#12 0x618fb8d04828 <unknown>
#13 0x618fb8d049fc <unknown>
#14 0x618fb8d16763 <unknown>
#15 0x7c573a8a3d64 <unknown>
#16 0x7c573a9373bc <unknown>

2026-01-14 13:38:31,815 - ERROR - Erro ao cadastrar produto REAP000327 - Message: no such window: target window already closed
from unknown error: web view not found
  (Session info: chrome=143.0.7499.192)
Stacktrace:
#0 0x618fb8d1740a <unknown>
#1 0x618fb874b76b <unknown>
#2 0x618fb87206d0 <unknown>
#3 0x618fb87cab48 <unknown>
#4 0x618fb87e8191 <unknown>
#5 0x618fb878f7b2 <unknown>
#6 0x618fb8790461 <unknown>
#7 0x618fb8cdfdf9 <unknown>
#8 0x618fb8ce2d5d <unknown>
#9 0x618fb8cc8b41 <unknown>
#10 0x618fb8ce393b <unknown>
#11 0x618fb8caf870 <unknown>
#12 0x618fb8d04828 <unknown>
#13 0x618fb8d049fc <unknown>
#14 0x618fb8d16763 <unknown>
#15 0x7c573a8a3d64 <unknown>
#16 0x7c573a9373bc <unknown>

2026-01-14 13:38:31,820 - ERROR - Erro ao cadastrar produto REGA000928 - Message: no such window: target window already closed
from unknown error: web view not found
  (Session info: chrome=143.0.7499.192)
Stacktrace:
#0 0x618fb8d1740a <unknown>
#1 0x618fb874b76b <unknown>
#2 0x618fb87206d0 <unknown>
#3 0x618fb87cab48 <unknown>
#4 0x618fb87e8191 <unknown>
#5 0x618fb878f7b2 <unknown>
#6 0x618fb8790461 <unknown>
#7 0x618fb8cdfdf9 <unknown>
#8 0x618fb8ce2d5d <unknown>
#9 0x618fb8cc8b41 <unknown>
#10 0x618fb8ce393b <unknown>
#11 0x618fb8caf870 <unknown>
#12 0x618fb8d04828 <unknown>
#13 0x618fb8d049fc <unknown>
#14 0x618fb8d16763 <unknown>
#15 0x7c573a8a3d64 <unknown>
#16 0x7c573a9373bc <unknown>

2026-01-14 13:38:31,825 - ERROR - Erro ao cadastrar produto REGA000809 - Message: no such window: target window already closed
from unknown error: web view not found
  (Session info: chrome=143.0.7499.192)
Stacktrace:
#0 0x618fb8d1740a <unknown>
#1 0x618fb874b76b <unknown>
#2 0x618fb87206d0 <unknown>
#3 0x618fb87cab48 <unknown>
#4 0x618fb87e8191 <unknown>
#5 0x618fb878f7b2 <unknown>
#6 0x618fb8790461 <unknown>
#7 0x618fb8cdfdf9 <unknown>
#8 0x618fb8ce2d5d <unknown>
#9 0x618fb8cc8b41 <unknown>
#10 0x618fb8ce393b <unknown>
#11 0x618fb8caf870 <unknown>
#12 0x618fb8d04828 <unknown>
#13 0x618fb8d049fc <unknown>
#14 0x618fb8d16763 <unknown>
#15 0x7c573a8a3d64 <unknown>
#16 0x7c573a9373bc <unknown>

2026-01-14 13:38:31,830 - ERROR - Erro ao cadastrar produto RESA0002410 - Message: no such window: target window already closed
from unknown error: web view not found
  (Session info: chrome=143.0.7499.192)
Stacktrace:
#0 0x618fb8d1740a <unknown>
#1 0x618fb874b76b <unknown>
#2 0x618fb87206d0 <unknown>
#3 0x618fb87cab48 <unknown>
#4 0x618fb87e8191 <unknown>
#5 0x618fb878f7b2 <unknown>
#6 0x618fb8790461 <unknown>
#7 0x618fb8cdfdf9 <unknown>
#8 0x618fb8ce2d5d <unknown>
#9 0x618fb8cc8b41 <unknown>
#10 0x618fb8ce393b <unknown>
#11 0x618fb8caf870 <unknown>
#12 0x618fb8d04828 <unknown>
#13 0x618fb8d049fc <unknown>
#14 0x618fb8d16763 <unknown>
#15 0x7c573a8a3d64 <unknown>
#16 0x7c573a9373bc <unknown>

2026-01-14 13:38:31,835 - ERROR - Erro ao cadastrar produto CaCA000581 - Message: no such window: target window already closed
from unknown error: web view not found
  (Session info: chrome=143.0.7499.192)
Stacktrace:
#0 0x618fb8d1740a <unknown>
#1 0x618fb874b76b <unknown>
#2 0x618fb87206d0 <unknown>
#3 0x618fb87cab48 <unknown>
#4 0x618fb87e8191 <unknown>
#5 0x618fb878f7b2 <unknown>
#6 0x618fb8790461 <unknown>
#7 0x618fb8cdfdf9 <unknown>
#8 0x618fb8ce2d5d <unknown>
#9 0x618fb8cc8b41 <unknown>
#10 0x618fb8ce393b <unknown>
#11 0x618fb8caf870 <unknown>
#12 0x618fb8d04828 <unknown>
#13 0x618fb8d049fc <unknown>
#14 0x618fb8d16763 <unknown>
#15 0x7c573a8a3d64 <unknown>
#16 0x7c573a9373bc <unknown>

2026-01-14 13:38:31,840 - ERROR - Erro ao cadastrar produto CaCA000502 - Message: no such window: target window already closed
from unknown error: web view not found
  (Session info: chrome=143.0.7499.192)
Stacktrace:
#0 0x618fb8d1740a <unknown>
#1 0x618fb874b76b <unknown>
#2 0x618fb87206d0 <unknown>
#3 0x618fb87cab48 <unknown>
#4 0x618fb87e8191 <unknown>
#5 0x618fb878f7b2 <unknown>
#6 0x618fb8790461 <unknown>
#7 0x618fb8cdfdf9 <unknown>
#8 0x618fb8ce2d5d <unknown>
#9 0x618fb8cc8b41 <unknown>
#10 0x618fb8ce393b <unknown>
#11 0x618fb8caf870 <unknown>
#12 0x618fb8d04828 <unknown>
#13 0x618fb8d049fc <unknown>
#14 0x618fb8d16763 <unknown>
#15 0x7c573a8a3d64 <unknown>
#16 0x7c573a9373bc <unknown>

2026-01-14 13:38:31,845 - ERROR - Erro ao cadastrar produto CaCA000483 - Message: no such window: target window already closed
from unknown error: web view not found
  (Session info: chrome=143.0.7499.192)
Stacktrace:
#0 0x618fb8d1740a <unknown>
#1 0x618fb874b76b <unknown>
#2 0x618fb87206d0 <unknown>
#3 0x618fb87cab48 <unknown>
#4 0x618fb87e8191 <unknown>
#5 0x618fb878f7b2 <unknown>
#6 0x618fb8790461 <unknown>
#7 0x618fb8cdfdf9 <unknown>
#8 0x618fb8ce2d5d <unknown>
#9 0x618fb8cc8b41 <unknown>
#10 0x618fb8ce393b <unknown>
#11 0x618fb8caf870 <unknown>
#12 0x618fb8d04828 <unknown>
#13 0x618fb8d049fc <unknown>
#14 0x618fb8d16763 <unknown>
#15 0x7c573a8a3d64 <unknown>
#16 0x7c573a9373bc <unknown>

2026-01-14 13:38:31,850 - ERROR - Erro ao cadastrar produto CaCA000894 - Message: no such window: target window already closed
from unknown error: web view not found
  (Session info: chrome=143.0.7499.192)
Stacktrace:
#0 0x618fb8d1740a <unknown>
#1 0x618fb874b76b <unknown>
#2 0x618fb87206d0 <unknown>
#3 0x618fb87cab48 <unknown>
#4 0x618fb87e8191 <unknown>
#5 0x618fb878f7b2 <unknown>
#6 0x618fb8790461 <unknown>
#7 0x618fb8cdfdf9 <unknown>
#8 0x618fb8ce2d5d <unknown>
#9 0x618fb8cc8b41 <unknown>
#10 0x618fb8ce393b <unknown>
#11 0x618fb8caf870 <unknown>
#12 0x618fb8d04828 <unknown>
#13 0x618fb8d049fc <unknown>
#14 0x618fb8d16763 <unknown>
#15 0x7c573a8a3d64 <unknown>
#16 0x7c573a9373bc <unknown>

2026-01-14 13:38:31,856 - ERROR - Erro ao cadastrar produto MOLO000151 - Message: no such window: target window already closed
from unknown error: web view not found
  (Session info: chrome=143.0.7499.192)
Stacktrace:
#0 0x618fb8d1740a <unknown>
#1 0x618fb874b76b <unknown>
#2 0x618fb87206d0 <unknown>
#3 0x618fb87cab48 <unknown>
#4 0x618fb87e8191 <unknown>
#5 0x618fb878f7b2 <unknown>
#6 0x618fb8790461 <unknown>
#7 0x618fb8cdfdf9 <unknown>
#8 0x618fb8ce2d5d <unknown>
#9 0x618fb8cc8b41 <unknown>
#10 0x618fb8ce393b <unknown>
#11 0x618fb8caf870 <unknown>
#12 0x618fb8d04828 <unknown>
#13 0x618fb8d049fc <unknown>
#14 0x618fb8d16763 <unknown>
#15 0x7c573a8a3d64 <unknown>
#16 0x7c573a9373bc <unknown>

2026-01-14 13:38:31,861 - ERROR - Erro ao cadastrar produto TELG000101 - Message: no such window: target window already closed
from unknown error: web view not found
  (Session info: chrome=143.0.7499.192)
Stacktrace:
#0 0x618fb8d1740a <unknown>
#1 0x618fb874b76b <unknown>
#2 0x618fb87206d0 <unknown>
#3 0x618fb87cab48 <unknown>
#4 0x618fb87e8191 <unknown>
#5 0x618fb878f7b2 <unknown>
#6 0x618fb8790461 <unknown>
#7 0x618fb8cdfdf9 <unknown>
#8 0x618fb8ce2d5d <unknown>
#9 0x618fb8cc8b41 <unknown>
#10 0x618fb8ce393b <unknown>
#11 0x618fb8caf870 <unknown>
#12 0x618fb8d04828 <unknown>
#13 0x618fb8d049fc <unknown>
#14 0x618fb8d16763 <unknown>
#15 0x7c573a8a3d64 <unknown>
#16 0x7c573a9373bc <unknown>

2026-01-14 13:38:31,866 - ERROR - Erro ao cadastrar produto MOSA000191 - Message: no such window: target window already closed
from unknown error: web view not found
  (Session info: chrome=143.0.7499.192)
Stacktrace:
#0 0x618fb8d1740a <unknown>
#1 0x618fb874b76b <unknown>
#2 0x618fb87206d0 <unknown>
#3 0x618fb87cab48 <unknown>
#4 0x618fb87e8191 <unknown>
#5 0x618fb878f7b2 <unknown>
#6 0x618fb8790461 <unknown>
#7 0x618fb8cdfdf9 <unknown>
#8 0x618fb8ce2d5d <unknown>
#9 0x618fb8cc8b41 <unknown>
#10 0x618fb8ce393b <unknown>
#11 0x618fb8caf870 <unknown>
#12 0x618fb8d04828 <unknown>
#13 0x618fb8d049fc <unknown>
#14 0x618fb8d16763 <unknown>
#15 0x7c573a8a3d64 <unknown>
#16 0x7c573a9373bc <unknown>

2026-01-14 13:38:31,871 - ERROR - Erro ao cadastrar produto CaNI000131 - Message: no such window: target window already closed
from unknown error: web view not found
  (Session info: chrome=143.0.7499.192)
Stacktrace:
#0 0x618fb8d1740a <unknown>
#1 0x618fb874b76b <unknown>
#2 0x618fb87206d0 <unknown>
#3 0x618fb87cab48 <unknown>
#4 0x618fb87e8191 <unknown>
#5 0x618fb878f7b2 <unknown>
#6 0x618fb8790461 <unknown>
#7 0x618fb8cdfdf9 <unknown>
#8 0x618fb8ce2d5d <unknown>
#9 0x618fb8cc8b41 <unknown>
#10 0x618fb8ce393b <unknown>
#11 0x618fb8caf870 <unknown>
#12 0x618fb8d04828 <unknown>
#13 0x618fb8d049fc <unknown>
#14 0x618fb8d16763 <unknown>
#15 0x7c573a8a3d64 <unknown>
#16 0x7c573a9373bc <unknown>

2026-01-14 13:38:31,876 - ERROR - Erro ao cadastrar produto CaNI000272 - Message: no such window: target window already closed
from unknown error: web view not found
  (Session info: chrome=143.0.7499.192)
Stacktrace:
#0 0x618fb8d1740a <unknown>
#1 0x618fb874b76b <unknown>
#2 0x618fb87206d0 <unknown>
#3 0x618fb87cab48 <unknown>
#4 0x618fb87e8191 <unknown>
#5 0x618fb878f7b2 <unknown>
#6 0x618fb8790461 <unknown>
#7 0x618fb8cdfdf9 <unknown>
#8 0x618fb8ce2d5d <unknown>
#9 0x618fb8cc8b41 <unknown>
#10 0x618fb8ce393b <unknown>
#11 0x618fb8caf870 <unknown>
#12 0x618fb8d04828 <unknown>
#13 0x618fb8d049fc <unknown>
#14 0x618fb8d16763 <unknown>
#15 0x7c573a8a3d64 <unknown>
#16 0x7c573a9373bc <unknown>

2026-01-14 13:38:31,881 - ERROR - Erro ao cadastrar produto CaNI000793 - Message: no such window: target window already closed
from unknown error: web view not found
  (Session info: chrome=143.0.7499.192)
Stacktrace:
#0 0x618fb8d1740a <unknown>
#1 0x618fb874b76b <unknown>
#2 0x618fb87206d0 <unknown>
#3 0x618fb87cab48 <unknown>
#4 0x618fb87e8191 <unknown>
#5 0x618fb878f7b2 <unknown>
#6 0x618fb8790461 <unknown>
#7 0x618fb8cdfdf9 <unknown>
#8 0x618fb8ce2d5d <unknown>
#9 0x618fb8cc8b41 <unknown>
#10 0x618fb8ce393b <unknown>
#11 0x618fb8caf870 <unknown>
#12 0x618fb8d04828 <unknown>
#13 0x618fb8d049fc <unknown>
#14 0x618fb8d16763 <unknown>
#15 0x7c573a8a3d64 <unknown>
#16 0x7c573a9373bc <unknown>

2026-01-14 13:38:31,886 - ERROR - Erro ao cadastrar produto CaNI000214 - Message: no such window: target window already closed
from unknown error: web view not found
  (Session info: chrome=143.0.7499.192)
Stacktrace:
#0 0x618fb8d1740a <unknown>
#1 0x618fb874b76b <unknown>
#2 0x618fb87206d0 <unknown>
#3 0x618fb87cab48 <unknown>
#4 0x618fb87e8191 <unknown>
#5 0x618fb878f7b2 <unknown>
#6 0x618fb8790461 <unknown>
#7 0x618fb8cdfdf9 <unknown>
#8 0x618fb8ce2d5d <unknown>
#9 0x618fb8cc8b41 <unknown>
#10 0x618fb8ce393b <unknown>
#11 0x618fb8caf870 <unknown>
#12 0x618fb8d04828 <unknown>
#13 0x618fb8d049fc <unknown>
#14 0x618fb8d16763 <unknown>
#15 0x7c573a8a3d64 <unknown>
#16 0x7c573a9373bc <unknown>

2026-01-14 13:38:31,893 - ERROR - Erro ao cadastrar produto MODE000191 - Message: no such window: target window already closed
from unknown error: web view not found
  (Session info: chrome=143.0.7499.192)
Stacktrace:
#0 0x618fb8d1740a <unknown>
#1 0x618fb874b76b <unknown>
#2 0x618fb87206d0 <unknown>
#3 0x618fb87cab48 <unknown>
#4 0x618fb87e8191 <unknown>
#5 0x618fb878f7b2 <unknown>
#6 0x618fb8790461 <unknown>
#7 0x618fb8cdfdf9 <unknown>
#8 0x618fb8ce2d5d <unknown>
#9 0x618fb8cc8b41 <unknown>
#10 0x618fb8ce393b <unknown>
#11 0x618fb8caf870 <unknown>
#12 0x618fb8d04828 <unknown>
#13 0x618fb8d049fc <unknown>
#14 0x618fb8d16763 <unknown>
#15 0x7c573a8a3d64 <unknown>
#16 0x7c573a9373bc <unknown>

2026-01-14 13:38:31,898 - ERROR - Erro ao cadastrar produto TEMU000211 - Message: no such window: target window already closed
from unknown error: web view not found
  (Session info: chrome=143.0.7499.192)
Stacktrace:
#0 0x618fb8d1740a <unknown>
#1 0x618fb874b76b <unknown>
#2 0x618fb87206d0 <unknown>
#3 0x618fb87cab48 <unknown>
#4 0x618fb87e8191 <unknown>
#5 0x618fb878f7b2 <unknown>
#6 0x618fb8790461 <unknown>
#7 0x618fb8cdfdf9 <unknown>
#8 0x618fb8ce2d5d <unknown>
#9 0x618fb8cc8b41 <unknown>
#10 0x618fb8ce393b <unknown>
#11 0x618fb8caf870 <unknown>
#12 0x618fb8d04828 <unknown>
#13 0x618fb8d049fc <unknown>
#14 0x618fb8d16763 <unknown>
#15 0x7c573a8a3d64 <unknown>
#16 0x7c573a9373bc <unknown>

2026-01-14 13:38:31,904 - ERROR - Erro ao cadastrar produto MOSA000121 - Message: no such window: target window already closed
from unknown error: web view not found
  (Session info: chrome=143.0.7499.192)
Stacktrace:
#0 0x618fb8d1740a <unknown>
#1 0x618fb874b76b <unknown>
#2 0x618fb87206d0 <unknown>
#3 0x618fb87cab48 <unknown>
#4 0x618fb87e8191 <unknown>
#5 0x618fb878f7b2 <unknown>
#6 0x618fb8790461 <unknown>
#7 0x618fb8cdfdf9 <unknown>
#8 0x618fb8ce2d5d <unknown>
#9 0x618fb8cc8b41 <unknown>
#10 0x618fb8ce393b <unknown>
#11 0x618fb8caf870 <unknown>
#12 0x618fb8d04828 <unknown>
#13 0x618fb8d049fc <unknown>
#14 0x618fb8d16763 <unknown>
#15 0x7c573a8a3d64 <unknown>
#16 0x7c573a9373bc <unknown>

2026-01-14 13:38:31,909 - ERROR - Erro ao cadastrar produto MODE000141 - Message: no such window: target window already closed
from unknown error: web view not found
  (Session info: chrome=143.0.7499.192)
Stacktrace:
#0 0x618fb8d1740a <unknown>
#1 0x618fb874b76b <unknown>
#2 0x618fb87206d0 <unknown>
#3 0x618fb87cab48 <unknown>
#4 0x618fb87e8191 <unknown>
#5 0x618fb878f7b2 <unknown>
#6 0x618fb8790461 <unknown>
#7 0x618fb8cdfdf9 <unknown>
#8 0x618fb8ce2d5d <unknown>
#9 0x618fb8cc8b41 <unknown>
#10 0x618fb8ce393b <unknown>
#11 0x618fb8caf870 <unknown>
#12 0x618fb8d04828 <unknown>
#13 0x618fb8d049fc <unknown>
#14 0x618fb8d16763 <unknown>
#15 0x7c573a8a3d64 <unknown>
#16 0x7c573a9373bc <unknown>

2026-01-14 13:38:31,914 - ERROR - Erro ao cadastrar produto TEMU0008.1 - Message: no such window: target window already closed
from unknown error: web view not found
  (Session info: chrome=143.0.7499.192)
Stacktrace:
#0 0x618fb8d1740a <unknown>
#1 0x618fb874b76b <unknown>
#2 0x618fb87206d0 <unknown>
#3 0x618fb87cab48 <unknown>
#4 0x618fb87e8191 <unknown>
#5 0x618fb878f7b2 <unknown>
#6 0x618fb8790461 <unknown>
#7 0x618fb8cdfdf9 <unknown>
#8 0x618fb8ce2d5d <unknown>
#9 0x618fb8cc8b41 <unknown>
#10 0x618fb8ce393b <unknown>
#11 0x618fb8caf870 <unknown>
#12 0x618fb8d04828 <unknown>
#13 0x618fb8d049fc <unknown>
#14 0x618fb8d16763 <unknown>
#15 0x7c573a8a3d64 <unknown>
#16 0x7c573a9373bc <unknown>

2026-01-14 13:38:31,920 - ERROR - Erro ao cadastrar produto MOSA000171 - Message: no such window: target window already closed
from unknown error: web view not found
  (Session info: chrome=143.0.7499.192)
Stacktrace:
#0 0x618fb8d1740a <unknown>
#1 0x618fb874b76b <unknown>
#2 0x618fb87206d0 <unknown>
#3 0x618fb87cab48 <unknown>
#4 0x618fb87e8191 <unknown>
#5 0x618fb878f7b2 <unknown>
#6 0x618fb8790461 <unknown>
#7 0x618fb8cdfdf9 <unknown>
#8 0x618fb8ce2d5d <unknown>
#9 0x618fb8cc8b41 <unknown>
#10 0x618fb8ce393b <unknown>
#11 0x618fb8caf870 <unknown>
#12 0x618fb8d04828 <unknown>
#13 0x618fb8d049fc <unknown>
#14 0x618fb8d16763 <unknown>
#15 0x7c573a8a3d64 <unknown>
#16 0x7c573a9373bc <unknown>

2026-01-14 13:38:31,926 - ERROR - Erro ao cadastrar produto MODE000281 - Message: no such window: target window already closed
from unknown error: web view not found
  (Session info: chrome=143.0.7499.192)
Stacktrace:
#0 0x618fb8d1740a <unknown>
#1 0x618fb874b76b <unknown>
#2 0x618fb87206d0 <unknown>
#3 0x618fb87cab48 <unknown>
#4 0x618fb87e8191 <unknown>
#5 0x618fb878f7b2 <unknown>
#6 0x618fb8790461 <unknown>
#7 0x618fb8cdfdf9 <unknown>
#8 0x618fb8ce2d5d <unknown>
#9 0x618fb8cc8b41 <unknown>
#10 0x618fb8ce393b <unknown>
#11 0x618fb8caf870 <unknown>
#12 0x618fb8d04828 <unknown>
#13 0x618fb8d049fc <unknown>
#14 0x618fb8d16763 <unknown>
#15 0x7c573a8a3d64 <unknown>
#16 0x7c573a9373bc <unknown>

2026-01-14 13:38:31,932 - ERROR - Erro ao cadastrar produto CaNI000251 - Message: no such window: target window already closed
from unknown error: web view not found
  (Session info: chrome=143.0.7499.192)
Stacktrace:
#0 0x618fb8d1740a <unknown>
#1 0x618fb874b76b <unknown>
#2 0x618fb87206d0 <unknown>
#3 0x618fb87cab48 <unknown>
#4 0x618fb87e8191 <unknown>
#5 0x618fb878f7b2 <unknown>
#6 0x618fb8790461 <unknown>
#7 0x618fb8cdfdf9 <unknown>
#8 0x618fb8ce2d5d <unknown>
#9 0x618fb8cc8b41 <unknown>
#10 0x618fb8ce393b <unknown>
#11 0x618fb8caf870 <unknown>
#12 0x618fb8d04828 <unknown>
#13 0x618fb8d049fc <unknown>
#14 0x618fb8d16763 <unknown>
#15 0x7c573a8a3d64 <unknown>
#16 0x7c573a9373bc <unknown>

2026-01-14 13:38:31,937 - ERROR - Erro ao cadastrar produto CaSO000212 - Message: no such window: target window already closed
from unknown error: web view not found
  (Session info: chrome=143.0.7499.192)
Stacktrace:
#0 0x618fb8d1740a <unknown>
#1 0x618fb874b76b <unknown>
#2 0x618fb87206d0 <unknown>
#3 0x618fb87cab48 <unknown>
#4 0x618fb87e8191 <unknown>
#5 0x618fb878f7b2 <unknown>
#6 0x618fb8790461 <unknown>
#7 0x618fb8cdfdf9 <unknown>
#8 0x618fb8ce2d5d <unknown>
#9 0x618fb8cc8b41 <unknown>
#10 0x618fb8ce393b <unknown>
#11 0x618fb8caf870 <unknown>
#12 0x618fb8d04828 <unknown>
#13 0x618fb8d049fc <unknown>
#14 0x618fb8d16763 <unknown>
#15 0x7c573a8a3d64 <unknown>
#16 0x7c573a9373bc <unknown>

2026-01-14 13:38:31,942 - ERROR - Erro ao cadastrar produto CaSO000153 - Message: no such window: target window already closed
from unknown error: web view not found
  (Session info: chrome=143.0.7499.192)
Stacktrace:
#0 0x618fb8d1740a <unknown>
#1 0x618fb874b76b <unknown>
#2 0x618fb87206d0 <unknown>
#3 0x618fb87cab48 <unknown>
#4 0x618fb87e8191 <unknown>
#5 0x618fb878f7b2 <unknown>
#6 0x618fb8790461 <unknown>
#7 0x618fb8cdfdf9 <unknown>
#8 0x618fb8ce2d5d <unknown>
#9 0x618fb8cc8b41 <unknown>
#10 0x618fb8ce393b <unknown>
#11 0x618fb8caf870 <unknown>
#12 0x618fb8d04828 <unknown>
#13 0x618fb8d049fc <unknown>
#14 0x618fb8d16763 <unknown>
#15 0x7c573a8a3d64 <unknown>
#16 0x7c573a9373bc <unknown>

2026-01-14 13:38:31,948 - ERROR - Erro ao cadastrar produto CaSO000124 - Message: no such window: target window already closed
from unknown error: web view not found
  (Session info: chrome=143.0.7499.192)
Stacktrace:
#0 0x618fb8d1740a <unknown>
#1 0x618fb874b76b <unknown>
#2 0x618fb87206d0 <unknown>
#3 0x618fb87cab48 <unknown>
#4 0x618fb87e8191 <unknown>
#5 0x618fb878f7b2 <unknown>
#6 0x618fb8790461 <unknown>
#7 0x618fb8cdfdf9 <unknown>
#8 0x618fb8ce2d5d <unknown>
#9 0x618fb8cc8b41 <unknown>
#10 0x618fb8ce393b <unknown>
#11 0x618fb8caf870 <unknown>
#12 0x618fb8d04828 <unknown>
#13 0x618fb8d049fc <unknown>
#14 0x618fb8d16763 <unknown>
#15 0x7c573a8a3d64 <unknown>
#16 0x7c573a9373bc <unknown>

2026-01-14 13:38:31,958 - ERROR - Erro ao cadastrar produto CaSO000165 - Message: no such window: target window already closed
from unknown error: web view not found
  (Session info: chrome=143.0.7499.192)
Stacktrace:
#0 0x618fb8d1740a <unknown>
#1 0x618fb874b76b <unknown>
#2 0x618fb87206d0 <unknown>
#3 0x618fb87cab48 <unknown>
#4 0x618fb87e8191 <unknown>
#5 0x618fb878f7b2 <unknown>
#6 0x618fb8790461 <unknown>
#7 0x618fb8cdfdf9 <unknown>
#8 0x618fb8ce2d5d <unknown>
#9 0x618fb8cc8b41 <unknown>
#10 0x618fb8ce393b <unknown>
#11 0x618fb8caf870 <unknown>
#12 0x618fb8d04828 <unknown>
#13 0x618fb8d049fc <unknown>
#14 0x618fb8d16763 <unknown>
#15 0x7c573a8a3d64 <unknown>
#16 0x7c573a9373bc <unknown>

2026-01-14 13:38:31,966 - ERROR - Erro ao cadastrar produto CaSO000996 - Message: no such window: target window already closed
from unknown error: web view not found
  (Session info: chrome=143.0.7499.192)
Stacktrace:
#0 0x618fb8d1740a <unknown>
#1 0x618fb874b76b <unknown>
#2 0x618fb87206d0 <unknown>
#3 0x618fb87cab48 <unknown>
#4 0x618fb87e8191 <unknown>
#5 0x618fb878f7b2 <unknown>
#6 0x618fb8790461 <unknown>
#7 0x618fb8cdfdf9 <unknown>
#8 0x618fb8ce2d5d <unknown>
#9 0x618fb8cc8b41 <unknown>
#10 0x618fb8ce393b <unknown>
#11 0x618fb8caf870 <unknown>
#12 0x618fb8d04828 <unknown>
#13 0x618fb8d049fc <unknown>
#14 0x618fb8d16763 <unknown>
#15 0x7c573a8a3d64 <unknown>
#16 0x7c573a9373bc <unknown>

2026-01-14 13:38:31,975 - ERROR - Erro ao cadastrar produto CaSO000347 - Message: no such window: target window already closed
from unknown error: web view not found
  (Session info: chrome=143.0.7499.192)
Stacktrace:
#0 0x618fb8d1740a <unknown>
#1 0x618fb874b76b <unknown>
#2 0x618fb87206d0 <unknown>
#3 0x618fb87cab48 <unknown>
#4 0x618fb87e8191 <unknown>
#5 0x618fb878f7b2 <unknown>
#6 0x618fb8790461 <unknown>
#7 0x618fb8cdfdf9 <unknown>
#8 0x618fb8ce2d5d <unknown>
#9 0x618fb8cc8b41 <unknown>
#10 0x618fb8ce393b <unknown>
#11 0x618fb8caf870 <unknown>
#12 0x618fb8d04828 <unknown>
#13 0x618fb8d049fc <unknown>
#14 0x618fb8d16763 <unknown>
#15 0x7c573a8a3d64 <unknown>
#16 0x7c573a9373bc <unknown>

2026-01-14 13:38:31,982 - ERROR - Erro ao cadastrar produto ACAP000191 - Message: no such window: target window already closed
from unknown error: web view not found
  (Session info: chrome=143.0.7499.192)
Stacktrace:
#0 0x618fb8d1740a <unknown>
#1 0x618fb874b76b <unknown>
#2 0x618fb87206d0 <unknown>
#3 0x618fb87cab48 <unknown>
#4 0x618fb87e8191 <unknown>
#5 0x618fb878f7b2 <unknown>
#6 0x618fb8790461 <unknown>
#7 0x618fb8cdfdf9 <unknown>
#8 0x618fb8ce2d5d <unknown>
#9 0x618fb8cc8b41 <unknown>
#10 0x618fb8ce393b <unknown>
#11 0x618fb8caf870 <unknown>
#12 0x618fb8d04828 <unknown>
#13 0x618fb8d049fc <unknown>
#14 0x618fb8d16763 <unknown>
#15 0x7c573a8a3d64 <unknown>
#16 0x7c573a9373bc <unknown>

2026-01-14 13:38:31,993 - ERROR - Erro ao cadastrar produto ACAP000222 - Message: no such window: target window already closed
from unknown error: web view not found
  (Session info: chrome=143.0.7499.192)
Stacktrace:
#0 0x618fb8d1740a <unknown>
#1 0x618fb874b76b <unknown>
#2 0x618fb87206d0 <unknown>
#3 0x618fb87cab48 <unknown>
#4 0x618fb87e8191 <unknown>
#5 0x618fb878f7b2 <unknown>
#6 0x618fb8790461 <unknown>
#7 0x618fb8cdfdf9 <unknown>
#8 0x618fb8ce2d5d <unknown>
#9 0x618fb8cc8b41 <unknown>
#10 0x618fb8ce393b <unknown>
#11 0x618fb8caf870 <unknown>
#12 0x618fb8d04828 <unknown>
#13 0x618fb8d049fc <unknown>
#14 0x618fb8d16763 <unknown>
#15 0x7c573a8a3d64 <unknown>
#16 0x7c573a9373bc <unknown>

2026-01-14 13:38:31,999 - ERROR - Erro ao cadastrar produto ACAP000293 - Message: no such window: target window already closed
from unknown error: web view not found
  (Session info: chrome=143.0.7499.192)
Stacktrace:
#0 0x618fb8d1740a <unknown>
#1 0x618fb874b76b <unknown>
#2 0x618fb87206d0 <unknown>
#3 0x618fb87cab48 <unknown>
#4 0x618fb87e8191 <unknown>
#5 0x618fb878f7b2 <unknown>
#6 0x618fb8790461 <unknown>
#7 0x618fb8cdfdf9 <unknown>
#8 0x618fb8ce2d5d <unknown>
#9 0x618fb8cc8b41 <unknown>
#10 0x618fb8ce393b <unknown>
#11 0x618fb8caf870 <unknown>
#12 0x618fb8d04828 <unknown>
#13 0x618fb8d049fc <unknown>
#14 0x618fb8d16763 <unknown>
#15 0x7c573a8a3d64 <unknown>
#16 0x7c573a9373bc <unknown>

2026-01-14 13:38:32,007 - ERROR - Erro ao cadastrar produto ACAP000194 - Message: no such window: target window already closed
from unknown error: web view not found
  (Session info: chrome=143.0.7499.192)
Stacktrace:
#0 0x618fb8d1740a <unknown>
#1 0x618fb874b76b <unknown>
#2 0x618fb87206d0 <unknown>
#3 0x618fb87cab48 <unknown>
#4 0x618fb87e8191 <unknown>
#5 0x618fb878f7b2 <unknown>
#6 0x618fb8790461 <unknown>
#7 0x618fb8cdfdf9 <unknown>
#8 0x618fb8ce2d5d <unknown>
#9 0x618fb8cc8b41 <unknown>
#10 0x618fb8ce393b <unknown>
#11 0x618fb8caf870 <unknown>
#12 0x618fb8d04828 <unknown>
#13 0x618fb8d049fc <unknown>
#14 0x618fb8d16763 <unknown>
#15 0x7c573a8a3d64 <unknown>
#16 0x7c573a9373bc <unknown>

2026-01-14 13:38:32,015 - ERROR - Erro ao cadastrar produto ACAP000295 - Message: no such window: target window already closed
from unknown error: web view not found
  (Session info: chrome=143.0.7499.192)
Stacktrace:
#0 0x618fb8d1740a <unknown>
#1 0x618fb874b76b <unknown>
#2 0x618fb87206d0 <unknown>
#3 0x618fb87cab48 <unknown>
#4 0x618fb87e8191 <unknown>
#5 0x618fb878f7b2 <unknown>
#6 0x618fb8790461 <unknown>
#7 0x618fb8cdfdf9 <unknown>
#8 0x618fb8ce2d5d <unknown>
#9 0x618fb8cc8b41 <unknown>
#10 0x618fb8ce393b <unknown>
#11 0x618fb8caf870 <unknown>
#12 0x618fb8d04828 <unknown>
#13 0x618fb8d049fc <unknown>
#14 0x618fb8d16763 <unknown>
#15 0x7c573a8a3d64 <unknown>
#16 0x7c573a9373bc <unknown>

2026-01-14 13:38:32,022 - ERROR - Erro ao cadastrar produto ACSA000196 - Message: no such window: target window already closed
from unknown error: web view not found
  (Session info: chrome=143.0.7499.192)
Stacktrace:
#0 0x618fb8d1740a <unknown>
#1 0x618fb874b76b <unknown>
#2 0x618fb87206d0 <unknown>
#3 0x618fb87cab48 <unknown>
#4 0x618fb87e8191 <unknown>
#5 0x618fb878f7b2 <unknown>
#6 0x618fb8790461 <unknown>
#7 0x618fb8cdfdf9 <unknown>
#8 0x618fb8ce2d5d <unknown>
#9 0x618fb8cc8b41 <unknown>
#10 0x618fb8ce393b <unknown>
#11 0x618fb8caf870 <unknown>
#12 0x618fb8d04828 <unknown>
#13 0x618fb8d049fc <unknown>
#14 0x618fb8d16763 <unknown>
#15 0x7c573a8a3d64 <unknown>
#16 0x7c573a9373bc <unknown>

2026-01-14 13:38:32,030 - ERROR - Erro ao cadastrar produto ACSA000247 - Message: no such window: target window already closed
from unknown error: web view not found
  (Session info: chrome=143.0.7499.192)
Stacktrace:
#0 0x618fb8d1740a <unknown>
#1 0x618fb874b76b <unknown>
#2 0x618fb87206d0 <unknown>
#3 0x618fb87cab48 <unknown>
#4 0x618fb87e8191 <unknown>
#5 0x618fb878f7b2 <unknown>
#6 0x618fb8790461 <unknown>
#7 0x618fb8cdfdf9 <unknown>
#8 0x618fb8ce2d5d <unknown>
#9 0x618fb8cc8b41 <unknown>
#10 0x618fb8ce393b <unknown>
#11 0x618fb8caf870 <unknown>
#12 0x618fb8d04828 <unknown>
#13 0x618fb8d049fc <unknown>
#14 0x618fb8d16763 <unknown>
#15 0x7c573a8a3d64 <unknown>
#16 0x7c573a9373bc <unknown>

2026-01-14 13:38:32,039 - ERROR - Erro ao cadastrar produto ACSA000298 - Message: no such window: target window already closed
from unknown error: web view not found
  (Session info: chrome=143.0.7499.192)
Stacktrace:
#0 0x618fb8d1740a <unknown>
#1 0x618fb874b76b <unknown>
#2 0x618fb87206d0 <unknown>
#3 0x618fb87cab48 <unknown>
#4 0x618fb87e8191 <unknown>
#5 0x618fb878f7b2 <unknown>
#6 0x618fb8790461 <unknown>
#7 0x618fb8cdfdf9 <unknown>
#8 0x618fb8ce2d5d <unknown>
#9 0x618fb8cc8b41 <unknown>
#10 0x618fb8ce393b <unknown>
#11 0x618fb8caf870 <unknown>
#12 0x618fb8d04828 <unknown>
#13 0x618fb8d049fc <unknown>
#14 0x618fb8d16763 <unknown>
#15 0x7c573a8a3d64 <unknown>
#16 0x7c573a9373bc <unknown>

2026-01-14 13:38:32,046 - ERROR - Erro ao cadastrar produto ACSA0008.9 - Message: no such window: target window already closed
from unknown error: web view not found
  (Session info: chrome=143.0.7499.192)
Stacktrace:
#0 0x618fb8d1740a <unknown>
#1 0x618fb874b76b <unknown>
#2 0x618fb87206d0 <unknown>
#3 0x618fb87cab48 <unknown>
#4 0x618fb87e8191 <unknown>
#5 0x618fb878f7b2 <unknown>
#6 0x618fb8790461 <unknown>
#7 0x618fb8cdfdf9 <unknown>
#8 0x618fb8ce2d5d <unknown>
#9 0x618fb8cc8b41 <unknown>
#10 0x618fb8ce393b <unknown>
#11 0x618fb8caf870 <unknown>
#12 0x618fb8d04828 <unknown>
#13 0x618fb8d049fc <unknown>
#14 0x618fb8d16763 <unknown>
#15 0x7c573a8a3d64 <unknown>
#16 0x7c573a9373bc <unknown>

2026-01-14 13:38:32,053 - ERROR - Erro ao cadastrar produto ACSA0001410 - Message: no such window: target window already closed
from unknown error: web view not found
  (Session info: chrome=143.0.7499.192)
Stacktrace:
#0 0x618fb8d1740a <unknown>
#1 0x618fb874b76b <unknown>
#2 0x618fb87206d0 <unknown>
#3 0x618fb87cab48 <unknown>
#4 0x618fb87e8191 <unknown>
#5 0x618fb878f7b2 <unknown>
#6 0x618fb8790461 <unknown>
#7 0x618fb8cdfdf9 <unknown>
#8 0x618fb8ce2d5d <unknown>
#9 0x618fb8cc8b41 <unknown>
#10 0x618fb8ce393b <unknown>
#11 0x618fb8caf870 <unknown>
#12 0x618fb8d04828 <unknown>
#13 0x618fb8d049fc <unknown>
#14 0x618fb8d16763 <unknown>
#15 0x7c573a8a3d64 <unknown>
#16 0x7c573a9373bc <unknown>

2026-01-14 13:38:32,063 - ERROR - Erro ao cadastrar produto ACSA0001211 - Message: no such window: target window already closed
from unknown error: web view not found
  (Session info: chrome=143.0.7499.192)
Stacktrace:
#0 0x618fb8d1740a <unknown>
#1 0x618fb874b76b <unknown>
#2 0x618fb87206d0 <unknown>
#3 0x618fb87cab48 <unknown>
#4 0x618fb87e8191 <unknown>
#5 0x618fb878f7b2 <unknown>
#6 0x618fb8790461 <unknown>
#7 0x618fb8cdfdf9 <unknown>
#8 0x618fb8ce2d5d <unknown>
#9 0x618fb8cc8b41 <unknown>
#10 0x618fb8ce393b <unknown>
#11 0x618fb8caf870 <unknown>
#12 0x618fb8d04828 <unknown>
#13 0x618fb8d049fc <unknown>
#14 0x618fb8d16763 <unknown>
#15 0x7c573a8a3d64 <unknown>
#16 0x7c573a9373bc <unknown>

2026-01-14 13:38:32,069 - ERROR - Erro ao cadastrar produto NOAP000501 - Message: no such window: target window already closed
from unknown error: web view not found
  (Session info: chrome=143.0.7499.192)
Stacktrace:
#0 0x618fb8d1740a <unknown>
#1 0x618fb874b76b <unknown>
#2 0x618fb87206d0 <unknown>
#3 0x618fb87cab48 <unknown>
#4 0x618fb87e8191 <unknown>
#5 0x618fb878f7b2 <unknown>
#6 0x618fb8790461 <unknown>
#7 0x618fb8cdfdf9 <unknown>
#8 0x618fb8ce2d5d <unknown>
#9 0x618fb8cc8b41 <unknown>
#10 0x618fb8ce393b <unknown>
#11 0x618fb8caf870 <unknown>
#12 0x618fb8d04828 <unknown>
#13 0x618fb8d049fc <unknown>
#14 0x618fb8d16763 <unknown>
#15 0x7c573a8a3d64 <unknown>
#16 0x7c573a9373bc <unknown>

2026-01-14 13:38:32,077 - ERROR - Erro ao cadastrar produto NODE000502 - Message: no such window: target window already closed
from unknown error: web view not found
  (Session info: chrome=143.0.7499.192)
Stacktrace:
#0 0x618fb8d1740a <unknown>
#1 0x618fb874b76b <unknown>
#2 0x618fb87206d0 <unknown>
#3 0x618fb87cab48 <unknown>
#4 0x618fb87e8191 <unknown>
#5 0x618fb878f7b2 <unknown>
#6 0x618fb8790461 <unknown>
#7 0x618fb8cdfdf9 <unknown>
#8 0x618fb8ce2d5d <unknown>
#9 0x618fb8cc8b41 <unknown>
#10 0x618fb8ce393b <unknown>
#11 0x618fb8caf870 <unknown>
#12 0x618fb8d04828 <unknown>
#13 0x618fb8d049fc <unknown>
#14 0x618fb8d16763 <unknown>
#15 0x7c573a8a3d64 <unknown>
#16 0x7c573a9373bc <unknown>

2026-01-14 13:38:32,082 - ERROR - Erro ao cadastrar produto NOAC000123 - Message: no such window: target window already closed
from unknown error: web view not found
  (Session info: chrome=143.0.7499.192)
Stacktrace:
#0 0x618fb8d1740a <unknown>
#1 0x618fb874b76b <unknown>
#2 0x618fb87206d0 <unknown>
#3 0x618fb87cab48 <unknown>
#4 0x618fb87e8191 <unknown>
#5 0x618fb878f7b2 <unknown>
#6 0x618fb8790461 <unknown>
#7 0x618fb8cdfdf9 <unknown>
#8 0x618fb8ce2d5d <unknown>
#9 0x618fb8cc8b41 <unknown>
#10 0x618fb8ce393b <unknown>
#11 0x618fb8caf870 <unknown>
#12 0x618fb8d04828 <unknown>
#13 0x618fb8d049fc <unknown>
#14 0x618fb8d16763 <unknown>
#15 0x7c573a8a3d64 <unknown>
#16 0x7c573a9373bc <unknown>

2026-01-14 13:38:32,087 - ERROR - Erro ao cadastrar produto NODE000544 - Message: no such window: target window already closed
from unknown error: web view not found
  (Session info: chrome=143.0.7499.192)
Stacktrace:
#0 0x618fb8d1740a <unknown>
#1 0x618fb874b76b <unknown>
#2 0x618fb87206d0 <unknown>
#3 0x618fb87cab48 <unknown>
#4 0x618fb87e8191 <unknown>
#5 0x618fb878f7b2 <unknown>
#6 0x618fb8790461 <unknown>
#7 0x618fb8cdfdf9 <unknown>
#8 0x618fb8ce2d5d <unknown>
#9 0x618fb8cc8b41 <unknown>
#10 0x618fb8ce393b <unknown>
#11 0x618fb8caf870 <unknown>
#12 0x618fb8d04828 <unknown>
#13 0x618fb8d049fc <unknown>
#14 0x618fb8d16763 <unknown>
#15 0x7c573a8a3d64 <unknown>
#16 0x7c573a9373bc <unknown>

2026-01-14 13:38:32,094 - ERROR - Erro ao cadastrar produto NOSA000395 - Message: no such window: target window already closed
from unknown error: web view not found
  (Session info: chrome=143.0.7499.192)
Stacktrace:
#0 0x618fb8d1740a <unknown>
#1 0x618fb874b76b <unknown>
#2 0x618fb87206d0 <unknown>
#3 0x618fb87cab48 <unknown>
#4 0x618fb87e8191 <unknown>
#5 0x618fb878f7b2 <unknown>
#6 0x618fb8790461 <unknown>
#7 0x618fb8cdfdf9 <unknown>
#8 0x618fb8ce2d5d <unknown>
#9 0x618fb8cc8b41 <unknown>
#10 0x618fb8ce393b <unknown>
#11 0x618fb8caf870 <unknown>
#12 0x618fb8d04828 <unknown>
#13 0x618fb8d049fc <unknown>
#14 0x618fb8d16763 <unknown>
#15 0x7c573a8a3d64 <unknown>
#16 0x7c573a9373bc <unknown>

2026-01-14 13:38:32,099 - ERROR - Erro ao cadastrar produto NOLE000346 - Message: no such window: target window already closed
from unknown error: web view not found
  (Session info: chrome=143.0.7499.192)
Stacktrace:
#0 0x618fb8d1740a <unknown>
#1 0x618fb874b76b <unknown>
#2 0x618fb87206d0 <unknown>
#3 0x618fb87cab48 <unknown>
#4 0x618fb87e8191 <unknown>
#5 0x618fb878f7b2 <unknown>
#6 0x618fb8790461 <unknown>
#7 0x618fb8cdfdf9 <unknown>
#8 0x618fb8ce2d5d <unknown>
#9 0x618fb8cc8b41 <unknown>
#10 0x618fb8ce393b <unknown>
#11 0x618fb8caf870 <unknown>
#12 0x618fb8d04828 <unknown>
#13 0x618fb8d049fc <unknown>
#14 0x618fb8d16763 <unknown>
#15 0x7c573a8a3d64 <unknown>
#16 0x7c573a9373bc <unknown>

2026-01-14 13:38:32,105 - ERROR - Erro ao cadastrar produto NOSA000547 - Message: no such window: target window already closed
from unknown error: web view not found
  (Session info: chrome=143.0.7499.192)
Stacktrace:
#0 0x618fb8d1740a <unknown>
#1 0x618fb874b76b <unknown>
#2 0x618fb87206d0 <unknown>
#3 0x618fb87cab48 <unknown>
#4 0x618fb87e8191 <unknown>
#5 0x618fb878f7b2 <unknown>
#6 0x618fb8790461 <unknown>
#7 0x618fb8cdfdf9 <unknown>
#8 0x618fb8ce2d5d <unknown>
#9 0x618fb8cc8b41 <unknown>
#10 0x618fb8ce393b <unknown>
#11 0x618fb8caf870 <unknown>
#12 0x618fb8d04828 <unknown>
#13 0x618fb8d049fc <unknown>
#14 0x618fb8d16763 <unknown>
#15 0x7c573a8a3d64 <unknown>
#16 0x7c573a9373bc <unknown>

2026-01-14 13:38:32,111 - ERROR - Erro ao cadastrar produto NOLE000298 - Message: no such window: target window already closed
from unknown error: web view not found
  (Session info: chrome=143.0.7499.192)
Stacktrace:
#0 0x618fb8d1740a <unknown>
#1 0x618fb874b76b <unknown>
#2 0x618fb87206d0 <unknown>
#3 0x618fb87cab48 <unknown>
#4 0x618fb87e8191 <unknown>
#5 0x618fb878f7b2 <unknown>
#6 0x618fb8790461 <unknown>
#7 0x618fb8cdfdf9 <unknown>
#8 0x618fb8ce2d5d <unknown>
#9 0x618fb8cc8b41 <unknown>
#10 0x618fb8ce393b <unknown>
#11 0x618fb8caf870 <unknown>
#12 0x618fb8d04828 <unknown>
#13 0x618fb8d049fc <unknown>
#14 0x618fb8d16763 <unknown>
#15 0x7c573a8a3d64 <unknown>
#16 0x7c573a9373bc <unknown>

2026-01-14 13:38:32,116 - ERROR - Erro ao cadastrar produto NOMI000999 - Message: no such window: target window already closed
from unknown error: web view not found
  (Session info: chrome=143.0.7499.192)
Stacktrace:
#0 0x618fb8d1740a <unknown>
#1 0x618fb874b76b <unknown>
#2 0x618fb87206d0 <unknown>
#3 0x618fb87cab48 <unknown>
#4 0x618fb87e8191 <unknown>
#5 0x618fb878f7b2 <unknown>
#6 0x618fb8790461 <unknown>
#7 0x618fb8cdfdf9 <unknown>
#8 0x618fb8ce2d5d <unknown>
#9 0x618fb8cc8b41 <unknown>
#10 0x618fb8ce393b <unknown>
#11 0x618fb8caf870 <unknown>
#12 0x618fb8d04828 <unknown>
#13 0x618fb8d049fc <unknown>
#14 0x618fb8d16763 <unknown>
#15 0x7c573a8a3d64 <unknown>
#16 0x7c573a9373bc <unknown>

2026-01-14 13:38:32,121 - ERROR - Erro ao cadastrar produto NOMI0002110 - Message: no such window: target window already closed
from unknown error: web view not found
  (Session info: chrome=143.0.7499.192)
Stacktrace:
#0 0x618fb8d1740a <unknown>
#1 0x618fb874b76b <unknown>
#2 0x618fb87206d0 <unknown>
#3 0x618fb87cab48 <unknown>
#4 0x618fb87e8191 <unknown>
#5 0x618fb878f7b2 <unknown>
#6 0x618fb8790461 <unknown>
#7 0x618fb8cdfdf9 <unknown>
#8 0x618fb8ce2d5d <unknown>
#9 0x618fb8cc8b41 <unknown>
#10 0x618fb8ce393b <unknown>
#11 0x618fb8caf870 <unknown>
#12 0x618fb8d04828 <unknown>
#13 0x618fb8d049fc <unknown>
#14 0x618fb8d16763 <unknown>
#15 0x7c573a8a3d64 <unknown>
#16 0x7c573a9373bc <unknown>

2026-01-14 13:38:32,127 - ERROR - Erro ao cadastrar produto NOMI0001911 - Message: no such window: target window already closed
from unknown error: web view not found
  (Session info: chrome=143.0.7499.192)
Stacktrace:
#0 0x618fb8d1740a <unknown>
#1 0x618fb874b76b <unknown>
#2 0x618fb87206d0 <unknown>
#3 0x618fb87cab48 <unknown>
#4 0x618fb87e8191 <unknown>
#5 0x618fb878f7b2 <unknown>
#6 0x618fb8790461 <unknown>
#7 0x618fb8cdfdf9 <unknown>
#8 0x618fb8ce2d5d <unknown>
#9 0x618fb8cc8b41 <unknown>
#10 0x618fb8ce393b <unknown>
#11 0x618fb8caf870 <unknown>
#12 0x618fb8d04828 <unknown>
#13 0x618fb8d049fc <unknown>
#14 0x618fb8d16763 <unknown>
#15 0x7c573a8a3d64 <unknown>
#16 0x7c573a9373bc <unknown>

2026-01-14 13:38:32,134 - ERROR - Erro ao cadastrar produto NOMI0003612 - Message: no such window: target window already closed
from unknown error: web view not found
  (Session info: chrome=143.0.7499.192)
Stacktrace:
#0 0x618fb8d1740a <unknown>
#1 0x618fb874b76b <unknown>
#2 0x618fb87206d0 <unknown>
#3 0x618fb87cab48 <unknown>
#4 0x618fb87e8191 <unknown>
#5 0x618fb878f7b2 <unknown>
#6 0x618fb8790461 <unknown>
#7 0x618fb8cdfdf9 <unknown>
#8 0x618fb8ce2d5d <unknown>
#9 0x618fb8cc8b41 <unknown>
#10 0x618fb8ce393b <unknown>
#11 0x618fb8caf870 <unknown>
#12 0x618fb8d04828 <unknown>
#13 0x618fb8d049fc <unknown>
#14 0x618fb8d16763 <unknown>
#15 0x7c573a8a3d64 <unknown>
#16 0x7c573a9373bc <unknown>

2026-01-14 13:38:32,148 - ERROR - Erro ao cadastrar produto NOLE0009913 - Message: no such window: target window already closed
from unknown error: web view not found
  (Session info: chrome=143.0.7499.192)
Stacktrace:
#0 0x618fb8d1740a <unknown>
#1 0x618fb874b76b <unknown>
#2 0x618fb87206d0 <unknown>
#3 0x618fb87cab48 <unknown>
#4 0x618fb87e8191 <unknown>
#5 0x618fb878f7b2 <unknown>
#6 0x618fb8790461 <unknown>
#7 0x618fb8cdfdf9 <unknown>
#8 0x618fb8ce2d5d <unknown>
#9 0x618fb8cc8b41 <unknown>
#10 0x618fb8ce393b <unknown>
#11 0x618fb8caf870 <unknown>
#12 0x618fb8d04828 <unknown>
#13 0x618fb8d049fc <unknown>
#14 0x618fb8d16763 <unknown>
#15 0x7c573a8a3d64 <unknown>
#16 0x7c573a9373bc <unknown>

2026-01-14 13:38:32,157 - ERROR - Erro ao cadastrar produto NOAC0007014 - Message: no such window: target window already closed
from unknown error: web view not found
  (Session info: chrome=143.0.7499.192)
Stacktrace:
#0 0x618fb8d1740a <unknown>
#1 0x618fb874b76b <unknown>
#2 0x618fb87206d0 <unknown>
#3 0x618fb87cab48 <unknown>
#4 0x618fb87e8191 <unknown>
#5 0x618fb878f7b2 <unknown>
#6 0x618fb8790461 <unknown>
#7 0x618fb8cdfdf9 <unknown>
#8 0x618fb8ce2d5d <unknown>
#9 0x618fb8cc8b41 <unknown>
#10 0x618fb8ce393b <unknown>
#11 0x618fb8caf870 <unknown>
#12 0x618fb8d04828 <unknown>
#13 0x618fb8d049fc <unknown>
#14 0x618fb8d16763 <unknown>
#15 0x7c573a8a3d64 <unknown>
#16 0x7c573a9373bc <unknown>

2026-01-14 13:38:32,164 - ERROR - Erro ao cadastrar produto NOCO0003815 - Message: no such window: target window already closed
from unknown error: web view not found
  (Session info: chrome=143.0.7499.192)
Stacktrace:
#0 0x618fb8d1740a <unknown>
#1 0x618fb874b76b <unknown>
#2 0x618fb87206d0 <unknown>
#3 0x618fb87cab48 <unknown>
#4 0x618fb87e8191 <unknown>
#5 0x618fb878f7b2 <unknown>
#6 0x618fb8790461 <unknown>
#7 0x618fb8cdfdf9 <unknown>
#8 0x618fb8ce2d5d <unknown>
#9 0x618fb8cc8b41 <unknown>
#10 0x618fb8ce393b <unknown>
#11 0x618fb8caf870 <unknown>
#12 0x618fb8d04828 <unknown>
#13 0x618fb8d049fc <unknown>
#14 0x618fb8d16763 <unknown>
#15 0x7c573a8a3d64 <unknown>
#16 0x7c573a9373bc <unknown>

2026-01-14 13:38:32,171 - ERROR - Erro ao cadastrar produto NOPO0003416 - Message: no such window: target window already closed
from unknown error: web view not found
  (Session info: chrome=143.0.7499.192)
Stacktrace:
#0 0x618fb8d1740a <unknown>
#1 0x618fb874b76b <unknown>
#2 0x618fb87206d0 <unknown>
#3 0x618fb87cab48 <unknown>
#4 0x618fb87e8191 <unknown>
#5 0x618fb878f7b2 <unknown>
#6 0x618fb8790461 <unknown>
#7 0x618fb8cdfdf9 <unknown>
#8 0x618fb8ce2d5d <unknown>
#9 0x618fb8cc8b41 <unknown>
#10 0x618fb8ce393b <unknown>
#11 0x618fb8caf870 <unknown>
#12 0x618fb8d04828 <unknown>
#13 0x618fb8d049fc <unknown>
#14 0x618fb8d16763 <unknown>
#15 0x7c573a8a3d64 <unknown>
#16 0x7c573a9373bc <unknown>

2026-01-14 13:38:32,179 - ERROR - Erro ao cadastrar produto NOPO0003217 - Message: no such window: target window already closed
from unknown error: web view not found
  (Session info: chrome=143.0.7499.192)
Stacktrace:
#0 0x618fb8d1740a <unknown>
#1 0x618fb874b76b <unknown>
#2 0x618fb87206d0 <unknown>
#3 0x618fb87cab48 <unknown>
#4 0x618fb87e8191 <unknown>
#5 0x618fb878f7b2 <unknown>
#6 0x618fb8790461 <unknown>
#7 0x618fb8cdfdf9 <unknown>
#8 0x618fb8ce2d5d <unknown>
#9 0x618fb8cc8b41 <unknown>
#10 0x618fb8ce393b <unknown>
#11 0x618fb8caf870 <unknown>
#12 0x618fb8d04828 <unknown>
#13 0x618fb8d049fc <unknown>
#14 0x618fb8d16763 <unknown>
#15 0x7c573a8a3d64 <unknown>
#16 0x7c573a9373bc <unknown>

2026-01-14 13:38:32,186 - ERROR - Erro ao cadastrar produto NOVA0003118 - Message: no such window: target window already closed
from unknown error: web view not found
  (Session info: chrome=143.0.7499.192)
Stacktrace:
#0 0x618fb8d1740a <unknown>
#1 0x618fb874b76b <unknown>
#2 0x618fb87206d0 <unknown>
#3 0x618fb87cab48 <unknown>
#4 0x618fb87e8191 <unknown>
#5 0x618fb878f7b2 <unknown>
#6 0x618fb8790461 <unknown>
#7 0x618fb8cdfdf9 <unknown>
#8 0x618fb8ce2d5d <unknown>
#9 0x618fb8cc8b41 <unknown>
#10 0x618fb8ce393b <unknown>
#11 0x618fb8caf870 <unknown>
#12 0x618fb8d04828 <unknown>
#13 0x618fb8d049fc <unknown>
#14 0x618fb8d16763 <unknown>
#15 0x7c573a8a3d64 <unknown>
#16 0x7c573a9373bc <unknown>

2026-01-14 13:38:32,191 - ERROR - Erro ao cadastrar produto NOHP0004919 - Message: no such window: target window already closed
from unknown error: web view not found
  (Session info: chrome=143.0.7499.192)
Stacktrace:
#0 0x618fb8d1740a <unknown>
#1 0x618fb874b76b <unknown>
#2 0x618fb87206d0 <unknown>
#3 0x618fb87cab48 <unknown>
#4 0x618fb87e8191 <unknown>
#5 0x618fb878f7b2 <unknown>
#6 0x618fb8790461 <unknown>
#7 0x618fb8cdfdf9 <unknown>
#8 0x618fb8ce2d5d <unknown>
#9 0x618fb8cc8b41 <unknown>
#10 0x618fb8ce393b <unknown>
#11 0x618fb8caf870 <unknown>
#12 0x618fb8d04828 <unknown>
#13 0x618fb8d049fc <unknown>
#14 0x618fb8d16763 <unknown>
#15 0x7c573a8a3d64 <unknown>
#16 0x7c573a9373bc <unknown>

2026-01-14 13:38:32,197 - ERROR - Erro ao cadastrar produto NOAS0001920 - Message: no such window: target window already closed
from unknown error: web view not found
  (Session info: chrome=143.0.7499.192)
Stacktrace:
#0 0x618fb8d1740a <unknown>
#1 0x618fb874b76b <unknown>
#2 0x618fb87206d0 <unknown>
#3 0x618fb87cab48 <unknown>
#4 0x618fb87e8191 <unknown>
#5 0x618fb878f7b2 <unknown>
#6 0x618fb8790461 <unknown>
#7 0x618fb8cdfdf9 <unknown>
#8 0x618fb8ce2d5d <unknown>
#9 0x618fb8cc8b41 <unknown>
#10 0x618fb8ce393b <unknown>
#11 0x618fb8caf870 <unknown>
#12 0x618fb8d04828 <unknown>
#13 0x618fb8d049fc <unknown>
#14 0x618fb8d16763 <unknown>
#15 0x7c573a8a3d64 <unknown>
#16 0x7c573a9373bc <unknown>

2026-01-14 13:38:32,203 - ERROR - Erro ao cadastrar produto CEMO000101 - Message: no such window: target window already closed
from unknown error: web view not found
  (Session info: chrome=143.0.7499.192)
Stacktrace:
#0 0x618fb8d1740a <unknown>
#1 0x618fb874b76b <unknown>
#2 0x618fb87206d0 <unknown>
#3 0x618fb87cab48 <unknown>
#4 0x618fb87e8191 <unknown>
#5 0x618fb878f7b2 <unknown>
#6 0x618fb8790461 <unknown>
#7 0x618fb8cdfdf9 <unknown>
#8 0x618fb8ce2d5d <unknown>
#9 0x618fb8cc8b41 <unknown>
#10 0x618fb8ce393b <unknown>
#11 0x618fb8caf870 <unknown>
#12 0x618fb8d04828 <unknown>
#13 0x618fb8d049fc <unknown>
#14 0x618fb8d16763 <unknown>
#15 0x7c573a8a3d64 <unknown>
#16 0x7c573a9373bc <unknown>

2026-01-14 13:38:32,209 - ERROR - Erro ao cadastrar produto CEMO000152 - Message: no such window: target window already closed
from unknown error: web view not found
  (Session info: chrome=143.0.7499.192)
Stacktrace:
#0 0x618fb8d1740a <unknown>
#1 0x618fb874b76b <unknown>
#2 0x618fb87206d0 <unknown>
#3 0x618fb87cab48 <unknown>
#4 0x618fb87e8191 <unknown>
#5 0x618fb878f7b2 <unknown>
#6 0x618fb8790461 <unknown>
#7 0x618fb8cdfdf9 <unknown>
#8 0x618fb8ce2d5d <unknown>
#9 0x618fb8cc8b41 <unknown>
#10 0x618fb8ce393b <unknown>
#11 0x618fb8caf870 <unknown>
#12 0x618fb8d04828 <unknown>
#13 0x618fb8d049fc <unknown>
#14 0x618fb8d16763 <unknown>
#15 0x7c573a8a3d64 <unknown>
#16 0x7c573a9373bc <unknown>

2026-01-14 13:38:32,215 - ERROR - Erro ao cadastrar produto CEMO000893 - Message: no such window: target window already closed
from unknown error: web view not found
  (Session info: chrome=143.0.7499.192)
Stacktrace:
#0 0x618fb8d1740a <unknown>
#1 0x618fb874b76b <unknown>
#2 0x618fb87206d0 <unknown>
#3 0x618fb87cab48 <unknown>
#4 0x618fb87e8191 <unknown>
#5 0x618fb878f7b2 <unknown>
#6 0x618fb8790461 <unknown>
#7 0x618fb8cdfdf9 <unknown>
#8 0x618fb8ce2d5d <unknown>
#9 0x618fb8cc8b41 <unknown>
#10 0x618fb8ce393b <unknown>
#11 0x618fb8caf870 <unknown>
#12 0x618fb8d04828 <unknown>
#13 0x618fb8d049fc <unknown>
#14 0x618fb8d16763 <unknown>
#15 0x7c573a8a3d64 <unknown>
#16 0x7c573a9373bc <unknown>

2026-01-14 13:38:32,220 - ERROR - Erro ao cadastrar produto CEMO000114 - Message: no such window: target window already closed
from unknown error: web view not found
  (Session info: chrome=143.0.7499.192)
Stacktrace:
#0 0x618fb8d1740a <unknown>
#1 0x618fb874b76b <unknown>
#2 0x618fb87206d0 <unknown>
#3 0x618fb87cab48 <unknown>
#4 0x618fb87e8191 <unknown>
#5 0x618fb878f7b2 <unknown>
#6 0x618fb8790461 <unknown>
#7 0x618fb8cdfdf9 <unknown>
#8 0x618fb8ce2d5d <unknown>
#9 0x618fb8cc8b41 <unknown>
#10 0x618fb8ce393b <unknown>
#11 0x618fb8caf870 <unknown>
#12 0x618fb8d04828 <unknown>
#13 0x618fb8d049fc <unknown>
#14 0x618fb8d16763 <unknown>
#15 0x7c573a8a3d64 <unknown>
#16 0x7c573a9373bc <unknown>

2026-01-14 13:38:32,224 - ERROR - Erro ao cadastrar produto CEMO000695 - Message: no such window: target window already closed
from unknown error: web view not found
  (Session info: chrome=143.0.7499.192)
Stacktrace:
#0 0x618fb8d1740a <unknown>
#1 0x618fb874b76b <unknown>
#2 0x618fb87206d0 <unknown>
#3 0x618fb87cab48 <unknown>
#4 0x618fb87e8191 <unknown>
#5 0x618fb878f7b2 <unknown>
#6 0x618fb8790461 <unknown>
#7 0x618fb8cdfdf9 <unknown>
#8 0x618fb8ce2d5d <unknown>
#9 0x618fb8cc8b41 <unknown>
#10 0x618fb8ce393b <unknown>
#11 0x618fb8caf870 <unknown>
#12 0x618fb8d04828 <unknown>
#13 0x618fb8d049fc <unknown>
#14 0x618fb8d16763 <unknown>
#15 0x7c573a8a3d64 <unknown>
#16 0x7c573a9373bc <unknown>

2026-01-14 13:38:32,229 - ERROR - Erro ao cadastrar produto CEMO000996 - Message: no such window: target window already closed
from unknown error: web view not found
  (Session info: chrome=143.0.7499.192)
Stacktrace:
#0 0x618fb8d1740a <unknown>
#1 0x618fb874b76b <unknown>
#2 0x618fb87206d0 <unknown>
#3 0x618fb87cab48 <unknown>
#4 0x618fb87e8191 <unknown>
#5 0x618fb878f7b2 <unknown>
#6 0x618fb8790461 <unknown>
#7 0x618fb8cdfdf9 <unknown>
#8 0x618fb8ce2d5d <unknown>
#9 0x618fb8cc8b41 <unknown>
#10 0x618fb8ce393b <unknown>
#11 0x618fb8caf870 <unknown>
#12 0x618fb8d04828 <unknown>
#13 0x618fb8d049fc <unknown>
#14 0x618fb8d16763 <unknown>
#15 0x7c573a8a3d64 <unknown>
#16 0x7c573a9373bc <unknown>

2026-01-14 13:38:32,234 - ERROR - Erro ao cadastrar produto CEMO000197 - Message: no such window: target window already closed
from unknown error: web view not found
  (Session info: chrome=143.0.7499.192)
Stacktrace:
#0 0x618fb8d1740a <unknown>
#1 0x618fb874b76b <unknown>
#2 0x618fb87206d0 <unknown>
#3 0x618fb87cab48 <unknown>
#4 0x618fb87e8191 <unknown>
#5 0x618fb878f7b2 <unknown>
#6 0x618fb8790461 <unknown>
#7 0x618fb8cdfdf9 <unknown>
#8 0x618fb8ce2d5d <unknown>
#9 0x618fb8cc8b41 <unknown>
#10 0x618fb8ce393b <unknown>
#11 0x618fb8caf870 <unknown>
#12 0x618fb8d04828 <unknown>
#13 0x618fb8d049fc <unknown>
#14 0x618fb8d16763 <unknown>
#15 0x7c573a8a3d64 <unknown>
#16 0x7c573a9373bc <unknown>

2026-01-14 13:38:32,239 - ERROR - Erro ao cadastrar produto NOAS000691 - Message: no such window: target window already closed
from unknown error: web view not found
  (Session info: chrome=143.0.7499.192)
Stacktrace:
#0 0x618fb8d1740a <unknown>
#1 0x618fb874b76b <unknown>
#2 0x618fb87206d0 <unknown>
#3 0x618fb87cab48 <unknown>
#4 0x618fb87e8191 <unknown>
#5 0x618fb878f7b2 <unknown>
#6 0x618fb8790461 <unknown>
#7 0x618fb8cdfdf9 <unknown>
#8 0x618fb8ce2d5d <unknown>
#9 0x618fb8cc8b41 <unknown>
#10 0x618fb8ce393b <unknown>
#11 0x618fb8caf870 <unknown>
#12 0x618fb8d04828 <unknown>
#13 0x618fb8d049fc <unknown>
#14 0x618fb8d16763 <unknown>
#15 0x7c573a8a3d64 <unknown>
#16 0x7c573a9373bc <unknown>

2026-01-14 13:38:32,244 - ERROR - Erro ao cadastrar produto NOAS000702 - Message: no such window: target window already closed
from unknown error: web view not found
  (Session info: chrome=143.0.7499.192)
Stacktrace:
#0 0x618fb8d1740a <unknown>
#1 0x618fb874b76b <unknown>
#2 0x618fb87206d0 <unknown>
#3 0x618fb87cab48 <unknown>
#4 0x618fb87e8191 <unknown>
#5 0x618fb878f7b2 <unknown>
#6 0x618fb8790461 <unknown>
#7 0x618fb8cdfdf9 <unknown>
#8 0x618fb8ce2d5d <unknown>
#9 0x618fb8cc8b41 <unknown>
#10 0x618fb8ce393b <unknown>
#11 0x618fb8caf870 <unknown>
#12 0x618fb8d04828 <unknown>
#13 0x618fb8d049fc <unknown>
#14 0x618fb8d16763 <unknown>
#15 0x7c573a8a3d64 <unknown>
#16 0x7c573a9373bc <unknown>

2026-01-14 13:38:32,249 - ERROR - Erro ao cadastrar produto NOLG000133 - Message: no such window: target window already closed
from unknown error: web view not found
  (Session info: chrome=143.0.7499.192)
Stacktrace:
#0 0x618fb8d1740a <unknown>
#1 0x618fb874b76b <unknown>
#2 0x618fb87206d0 <unknown>
#3 0x618fb87cab48 <unknown>
#4 0x618fb87e8191 <unknown>
#5 0x618fb878f7b2 <unknown>
#6 0x618fb8790461 <unknown>
#7 0x618fb8cdfdf9 <unknown>
#8 0x618fb8ce2d5d <unknown>
#9 0x618fb8cc8b41 <unknown>
#10 0x618fb8ce393b <unknown>
#11 0x618fb8caf870 <unknown>
#12 0x618fb8d04828 <unknown>
#13 0x618fb8d049fc <unknown>
#14 0x618fb8d16763 <unknown>
#15 0x7c573a8a3d64 <unknown>
#16 0x7c573a9373bc <unknown>

2026-01-14 13:38:32,254 - ERROR - Erro ao cadastrar produto NOHP000824 - Message: no such window: target window already closed
from unknown error: web view not found
  (Session info: chrome=143.0.7499.192)
Stacktrace:
#0 0x618fb8d1740a <unknown>
#1 0x618fb874b76b <unknown>
#2 0x618fb87206d0 <unknown>
#3 0x618fb87cab48 <unknown>
#4 0x618fb87e8191 <unknown>
#5 0x618fb878f7b2 <unknown>
#6 0x618fb8790461 <unknown>
#7 0x618fb8cdfdf9 <unknown>
#8 0x618fb8ce2d5d <unknown>
#9 0x618fb8cc8b41 <unknown>
#10 0x618fb8ce393b <unknown>
#11 0x618fb8caf870 <unknown>
#12 0x618fb8d04828 <unknown>
#13 0x618fb8d049fc <unknown>
#14 0x618fb8d16763 <unknown>
#15 0x7c573a8a3d64 <unknown>
#16 0x7c573a9373bc <unknown>

2026-01-14 13:38:32,258 - ERROR - Erro ao cadastrar produto NOHP000165 - Message: no such window: target window already closed
from unknown error: web view not found
  (Session info: chrome=143.0.7499.192)
Stacktrace:
#0 0x618fb8d1740a <unknown>
#1 0x618fb874b76b <unknown>
#2 0x618fb87206d0 <unknown>
#3 0x618fb87cab48 <unknown>
#4 0x618fb87e8191 <unknown>
#5 0x618fb878f7b2 <unknown>
#6 0x618fb8790461 <unknown>
#7 0x618fb8cdfdf9 <unknown>
#8 0x618fb8ce2d5d <unknown>
#9 0x618fb8cc8b41 <unknown>
#10 0x618fb8ce393b <unknown>
#11 0x618fb8caf870 <unknown>
#12 0x618fb8d04828 <unknown>
#13 0x618fb8d049fc <unknown>
#14 0x618fb8d16763 <unknown>
#15 0x7c573a8a3d64 <unknown>
#16 0x7c573a9373bc <unknown>

2026-01-14 13:38:32,263 - ERROR - Erro ao cadastrar produto NODE000126 - Message: no such window: target window already closed
from unknown error: web view not found
  (Session info: chrome=143.0.7499.192)
Stacktrace:
#0 0x618fb8d1740a <unknown>
#1 0x618fb874b76b <unknown>
#2 0x618fb87206d0 <unknown>
#3 0x618fb87cab48 <unknown>
#4 0x618fb87e8191 <unknown>
#5 0x618fb878f7b2 <unknown>
#6 0x618fb8790461 <unknown>
#7 0x618fb8cdfdf9 <unknown>
#8 0x618fb8ce2d5d <unknown>
#9 0x618fb8cc8b41 <unknown>
#10 0x618fb8ce393b <unknown>
#11 0x618fb8caf870 <unknown>
#12 0x618fb8d04828 <unknown>
#13 0x618fb8d049fc <unknown>
#14 0x618fb8d16763 <unknown>
#15 0x7c573a8a3d64 <unknown>
#16 0x7c573a9373bc <unknown>

2026-01-14 13:38:32,268 - ERROR - Erro ao cadastrar produto NOLE000147 - Message: no such window: target window already closed
from unknown error: web view not found
  (Session info: chrome=143.0.7499.192)
Stacktrace:
#0 0x618fb8d1740a <unknown>
#1 0x618fb874b76b <unknown>
#2 0x618fb87206d0 <unknown>
#3 0x618fb87cab48 <unknown>
#4 0x618fb87e8191 <unknown>
#5 0x618fb878f7b2 <unknown>
#6 0x618fb8790461 <unknown>
#7 0x618fb8cdfdf9 <unknown>
#8 0x618fb8ce2d5d <unknown>
#9 0x618fb8cc8b41 <unknown>
#10 0x618fb8ce393b <unknown>
#11 0x618fb8caf870 <unknown>
#12 0x618fb8d04828 <unknown>
#13 0x618fb8d049fc <unknown>
#14 0x618fb8d16763 <unknown>
#15 0x7c573a8a3d64 <unknown>
#16 0x7c573a9373bc <unknown>

2026-01-14 13:38:32,273 - ERROR - Erro ao cadastrar produto NOLE000248 - Message: no such window: target window already closed
from unknown error: web view not found
  (Session info: chrome=143.0.7499.192)
Stacktrace:
#0 0x618fb8d1740a <unknown>
#1 0x618fb874b76b <unknown>
#2 0x618fb87206d0 <unknown>
#3 0x618fb87cab48 <unknown>
#4 0x618fb87e8191 <unknown>
#5 0x618fb878f7b2 <unknown>
#6 0x618fb8790461 <unknown>
#7 0x618fb8cdfdf9 <unknown>
#8 0x618fb8ce2d5d <unknown>
#9 0x618fb8cc8b41 <unknown>
#10 0x618fb8ce393b <unknown>
#11 0x618fb8caf870 <unknown>
#12 0x618fb8d04828 <unknown>
#13 0x618fb8d049fc <unknown>
#14 0x618fb8d16763 <unknown>
#15 0x7c573a8a3d64 <unknown>
#16 0x7c573a9373bc <unknown>

2026-01-14 13:38:32,278 - ERROR - Erro ao cadastrar produto NORA000399 - Message: no such window: target window already closed
from unknown error: web view not found
  (Session info: chrome=143.0.7499.192)
Stacktrace:
#0 0x618fb8d1740a <unknown>
#1 0x618fb874b76b <unknown>
#2 0x618fb87206d0 <unknown>
#3 0x618fb87cab48 <unknown>
#4 0x618fb87e8191 <unknown>
#5 0x618fb878f7b2 <unknown>
#6 0x618fb8790461 <unknown>
#7 0x618fb8cdfdf9 <unknown>
#8 0x618fb8ce2d5d <unknown>
#9 0x618fb8cc8b41 <unknown>
#10 0x618fb8ce393b <unknown>
#11 0x618fb8caf870 <unknown>
#12 0x618fb8d04828 <unknown>
#13 0x618fb8d049fc <unknown>
#14 0x618fb8d16763 <unknown>
#15 0x7c573a8a3d64 <unknown>
#16 0x7c573a9373bc <unknown>

2026-01-14 13:38:32,282 - ERROR - Erro ao cadastrar produto NORA0001110 - Message: no such window: target window already closed
from unknown error: web view not found
  (Session info: chrome=143.0.7499.192)
Stacktrace:
#0 0x618fb8d1740a <unknown>
#1 0x618fb874b76b <unknown>
#2 0x618fb87206d0 <unknown>
#3 0x618fb87cab48 <unknown>
#4 0x618fb87e8191 <unknown>
#5 0x618fb878f7b2 <unknown>
#6 0x618fb8790461 <unknown>
#7 0x618fb8cdfdf9 <unknown>
#8 0x618fb8ce2d5d <unknown>
#9 0x618fb8cc8b41 <unknown>
#10 0x618fb8ce393b <unknown>
#11 0x618fb8caf870 <unknown>
#12 0x618fb8d04828 <unknown>
#13 0x618fb8d049fc <unknown>
#14 0x618fb8d16763 <unknown>
#15 0x7c573a8a3d64 <unknown>
#16 0x7c573a9373bc <unknown>

2026-01-14 13:38:32,287 - ERROR - Erro ao cadastrar produto NORA0001911 - Message: no such window: target window already closed
from unknown error: web view not found
  (Session info: chrome=143.0.7499.192)
Stacktrace:
#0 0x618fb8d1740a <unknown>
#1 0x618fb874b76b <unknown>
#2 0x618fb87206d0 <unknown>
#3 0x618fb87cab48 <unknown>
#4 0x618fb87e8191 <unknown>
#5 0x618fb878f7b2 <unknown>
#6 0x618fb8790461 <unknown>
#7 0x618fb8cdfdf9 <unknown>
#8 0x618fb8ce2d5d <unknown>
#9 0x618fb8cc8b41 <unknown>
#10 0x618fb8ce393b <unknown>
#11 0x618fb8caf870 <unknown>
#12 0x618fb8d04828 <unknown>
#13 0x618fb8d049fc <unknown>
#14 0x618fb8d16763 <unknown>
#15 0x7c573a8a3d64 <unknown>
#16 0x7c573a9373bc <unknown>

2026-01-14 13:38:32,292 - ERROR - Erro ao cadastrar produto NORA0007912 - Message: no such window: target window already closed
from unknown error: web view not found
  (Session info: chrome=143.0.7499.192)
Stacktrace:
#0 0x618fb8d1740a <unknown>
#1 0x618fb874b76b <unknown>
#2 0x618fb87206d0 <unknown>
#3 0x618fb87cab48 <unknown>
#4 0x618fb87e8191 <unknown>
#5 0x618fb878f7b2 <unknown>
#6 0x618fb8790461 <unknown>
#7 0x618fb8cdfdf9 <unknown>
#8 0x618fb8ce2d5d <unknown>
#9 0x618fb8cc8b41 <unknown>
#10 0x618fb8ce393b <unknown>
#11 0x618fb8caf870 <unknown>
#12 0x618fb8d04828 <unknown>
#13 0x618fb8d049fc <unknown>
#14 0x618fb8d16763 <unknown>
#15 0x7c573a8a3d64 <unknown>
#16 0x7c573a9373bc <unknown>

2026-01-14 13:38:32,297 - ERROR - Erro ao cadastrar produto NOLE0001713 - Message: no such window: target window already closed
from unknown error: web view not found
  (Session info: chrome=143.0.7499.192)
Stacktrace:
#0 0x618fb8d1740a <unknown>
#1 0x618fb874b76b <unknown>
#2 0x618fb87206d0 <unknown>
#3 0x618fb87cab48 <unknown>
#4 0x618fb87e8191 <unknown>
#5 0x618fb878f7b2 <unknown>
#6 0x618fb8790461 <unknown>
#7 0x618fb8cdfdf9 <unknown>
#8 0x618fb8ce2d5d <unknown>
#9 0x618fb8cc8b41 <unknown>
#10 0x618fb8ce393b <unknown>
#11 0x618fb8caf870 <unknown>
#12 0x618fb8d04828 <unknown>
#13 0x618fb8d049fc <unknown>
#14 0x618fb8d16763 <unknown>
#15 0x7c573a8a3d64 <unknown>
#16 0x7c573a9373bc <unknown>

2026-01-14 13:38:32,302 - ERROR - Erro ao cadastrar produto NODE0001614 - Message: no such window: target window already closed
from unknown error: web view not found
  (Session info: chrome=143.0.7499.192)
Stacktrace:
#0 0x618fb8d1740a <unknown>
#1 0x618fb874b76b <unknown>
#2 0x618fb87206d0 <unknown>
#3 0x618fb87cab48 <unknown>
#4 0x618fb87e8191 <unknown>
#5 0x618fb878f7b2 <unknown>
#6 0x618fb8790461 <unknown>
#7 0x618fb8cdfdf9 <unknown>
#8 0x618fb8ce2d5d <unknown>
#9 0x618fb8cc8b41 <unknown>
#10 0x618fb8ce393b <unknown>
#11 0x618fb8caf870 <unknown>
#12 0x618fb8d04828 <unknown>
#13 0x618fb8d049fc <unknown>
#14 0x618fb8d16763 <unknown>
#15 0x7c573a8a3d64 <unknown>
#16 0x7c573a9373bc <unknown>

2026-01-14 13:38:32,306 - ERROR - Erro ao cadastrar produto ACAP000391 - Message: no such window: target window already closed
from unknown error: web view not found
  (Session info: chrome=143.0.7499.192)
Stacktrace:
#0 0x618fb8d1740a <unknown>
#1 0x618fb874b76b <unknown>
#2 0x618fb87206d0 <unknown>
#3 0x618fb87cab48 <unknown>
#4 0x618fb87e8191 <unknown>
#5 0x618fb878f7b2 <unknown>
#6 0x618fb8790461 <unknown>
#7 0x618fb8cdfdf9 <unknown>
#8 0x618fb8ce2d5d <unknown>
#9 0x618fb8cc8b41 <unknown>
#10 0x618fb8ce393b <unknown>
#11 0x618fb8caf870 <unknown>
#12 0x618fb8d04828 <unknown>
#13 0x618fb8d049fc <unknown>
#14 0x618fb8d16763 <unknown>
#15 0x7c573a8a3d64 <unknown>
#16 0x7c573a9373bc <unknown>

2026-01-14 13:38:32,311 - ERROR - Erro ao cadastrar produto ACAP000192 - Message: no such window: target window already closed
from unknown error: web view not found
  (Session info: chrome=143.0.7499.192)
Stacktrace:
#0 0x618fb8d1740a <unknown>
#1 0x618fb874b76b <unknown>
#2 0x618fb87206d0 <unknown>
#3 0x618fb87cab48 <unknown>
#4 0x618fb87e8191 <unknown>
#5 0x618fb878f7b2 <unknown>
#6 0x618fb8790461 <unknown>
#7 0x618fb8cdfdf9 <unknown>
#8 0x618fb8ce2d5d <unknown>
#9 0x618fb8cc8b41 <unknown>
#10 0x618fb8ce393b <unknown>
#11 0x618fb8caf870 <unknown>
#12 0x618fb8d04828 <unknown>
#13 0x618fb8d049fc <unknown>
#14 0x618fb8d16763 <unknown>
#15 0x7c573a8a3d64 <unknown>
#16 0x7c573a9373bc <unknown>

2026-01-14 13:38:32,316 - ERROR - Erro ao cadastrar produto ACSA0009.3 - Message: no such window: target window already closed
from unknown error: web view not found
  (Session info: chrome=143.0.7499.192)
Stacktrace:
#0 0x618fb8d1740a <unknown>
#1 0x618fb874b76b <unknown>
#2 0x618fb87206d0 <unknown>
#3 0x618fb87cab48 <unknown>
#4 0x618fb87e8191 <unknown>
#5 0x618fb878f7b2 <unknown>
#6 0x618fb8790461 <unknown>
#7 0x618fb8cdfdf9 <unknown>
#8 0x618fb8ce2d5d <unknown>
#9 0x618fb8cc8b41 <unknown>
#10 0x618fb8ce393b <unknown>
#11 0x618fb8caf870 <unknown>
#12 0x618fb8d04828 <unknown>
#13 0x618fb8d049fc <unknown>
#14 0x618fb8d16763 <unknown>
#15 0x7c573a8a3d64 <unknown>
#16 0x7c573a9373bc <unknown>

2026-01-14 13:38:32,321 - ERROR - Erro ao cadastrar produto CEMO000271 - Message: no such window: target window already closed
from unknown error: web view not found
  (Session info: chrome=143.0.7499.192)
Stacktrace:
#0 0x618fb8d1740a <unknown>
#1 0x618fb874b76b <unknown>
#2 0x618fb87206d0 <unknown>
#3 0x618fb87cab48 <unknown>
#4 0x618fb87e8191 <unknown>
#5 0x618fb878f7b2 <unknown>
#6 0x618fb8790461 <unknown>
#7 0x618fb8cdfdf9 <unknown>
#8 0x618fb8ce2d5d <unknown>
#9 0x618fb8cc8b41 <unknown>
#10 0x618fb8ce393b <unknown>
#11 0x618fb8caf870 <unknown>
#12 0x618fb8d04828 <unknown>
#13 0x618fb8d049fc <unknown>
#14 0x618fb8d16763 <unknown>
#15 0x7c573a8a3d64 <unknown>
#16 0x7c573a9373bc <unknown>

2026-01-14 13:38:32,326 - ERROR - Erro ao cadastrar produto FOMO000152 - Message: no such window: target window already closed
from unknown error: web view not found
  (Session info: chrome=143.0.7499.192)
Stacktrace:
#0 0x618fb8d1740a <unknown>
#1 0x618fb874b76b <unknown>
#2 0x618fb87206d0 <unknown>
#3 0x618fb87cab48 <unknown>
#4 0x618fb87e8191 <unknown>
#5 0x618fb878f7b2 <unknown>
#6 0x618fb8790461 <unknown>
#7 0x618fb8cdfdf9 <unknown>
#8 0x618fb8ce2d5d <unknown>
#9 0x618fb8cc8b41 <unknown>
#10 0x618fb8ce393b <unknown>
#11 0x618fb8caf870 <unknown>
#12 0x618fb8d04828 <unknown>
#13 0x618fb8d049fc <unknown>
#14 0x618fb8d16763 <unknown>
#15 0x7c573a8a3d64 <unknown>
#16 0x7c573a9373bc <unknown>

2026-01-14 13:38:32,331 - ERROR - Erro ao cadastrar produto CEMO000223 - Message: no such window: target window already closed
from unknown error: web view not found
  (Session info: chrome=143.0.7499.192)
Stacktrace:
#0 0x618fb8d1740a <unknown>
#1 0x618fb874b76b <unknown>
#2 0x618fb87206d0 <unknown>
#3 0x618fb87cab48 <unknown>
#4 0x618fb87e8191 <unknown>
#5 0x618fb878f7b2 <unknown>
#6 0x618fb8790461 <unknown>
#7 0x618fb8cdfdf9 <unknown>
#8 0x618fb8ce2d5d <unknown>
#9 0x618fb8cc8b41 <unknown>
#10 0x618fb8ce393b <unknown>
#11 0x618fb8caf870 <unknown>
#12 0x618fb8d04828 <unknown>
#13 0x618fb8d049fc <unknown>
#14 0x618fb8d16763 <unknown>
#15 0x7c573a8a3d64 <unknown>
#16 0x7c573a9373bc <unknown>

2026-01-14 13:38:32,359 - INFO - Automação finalizada
